v 0.012532000 -0.004907000 0.014993000
v 0.012499000 0.006035000 0.014993000
v 0.013395000 -0.005048000 0.021375000
v 0.013395000 0.006209000 0.021375000
v 0.014612000 0.006088000 0.018740000
v 0.014612000 -0.004977000 0.018740000
v 0.003857000 0.017478000 0.018696000
v 0.004345000 -0.017534000 0.018623000
v 0.003984000 -0.016765000 0.021343000
v 0.004708000 -0.015670000 0.015100000
v 0.003577000 0.016849000 0.021349000
v 0.004305000 0.016012000 0.015067000
v 0.004816000 -0.006788000 0.022109000
v 0.004761000 0.007891000 0.022109000
v 0.005967000 -0.006512000 0.014240000
v 0.005782000 0.007580000 0.014239000
v 0.014138000 -0.004991000 0.020390000
v 0.014138000 0.006112000 0.020391000
v 0.004253000 -0.017432000 0.020272000
v 0.003819000 0.017527000 0.020288000
v 0.012343000 -0.005261000 0.021935000
v 0.012324000 0.006436000 0.021935000
v 0.004031000 -0.015756000 0.021939000
v 0.003649000 0.015863000 0.021943000
v 0.013185000 -0.005080000 0.021440000
v 0.013185000 0.006260000 0.021440000
v 0.003938000 -0.016577000 0.021422000
v 0.003531000 0.016656000 0.021429000
v 0.013102000 -0.005137000 0.021453000
v 0.013102000 0.006349000 0.021453000
v 0.003982000 -0.016518000 0.021443000
v 0.003581000 0.016599000 0.021450000
v 0.006165000 0.016099000 0.015079000
v 0.005836000 0.017441000 0.018697000
v 0.005757000 0.017496000 0.020287000
v 0.006329000 -0.017517000 0.018624000
v 0.006145000 -0.017419000 0.020271000
v 0.006594000 -0.015794000 0.015112000
v 0.009726000 -0.006243000 0.022083000
v 0.008513000 -0.005447000 0.014457000
v 0.009641000 0.007364000 0.022083000
v 0.008347000 0.006680000 0.014456000
v 0.005342000 0.016845000 0.021347000
v 0.005677000 -0.016764000 0.021339000
v 0.005672000 0.015828000 0.021937000
v 0.006115000 -0.015665000 0.021931000
v 0.005242000 0.016658000 0.021425000
v 0.005572000 -0.016579000 0.021418000
v 0.005249000 0.016596000 0.021446000
v 0.005566000 -0.016516000 0.021439000
v 0.012517000 0.008535000 0.015002000
v 0.014125000 0.008553000 0.020391000
v 0.014596000 0.008577000 0.018740000
v 0.004328000 0.013416000 0.022086000
v 0.005100000 0.011078000 0.014472000
v 0.013394000 0.008492000 0.021372000
v 0.012234000 0.009115000 0.021929000
v 0.013187000 0.008491000 0.021436000
v 0.013100000 0.008533000 0.021449000
v 0.008034000 0.011042000 0.014526000
v 0.008813000 0.012792000 0.022061000
v 0.012559000 -0.007459000 0.015003000
v 0.014120000 -0.007516000 0.020390000
v 0.014589000 -0.007554000 0.018740000
v 0.005383000 -0.009892000 0.014473000
v 0.004612000 -0.013064000 0.022084000
v 0.013393000 -0.007418000 0.021371000
v 0.012353000 -0.008029000 0.021929000
v 0.013188000 -0.007405000 0.021436000
v 0.013100000 -0.007438000 0.021448000
v 0.008261000 -0.009995000 0.014531000
v 0.009409000 -0.012090000 0.022058000
v 0.012445000 -0.010755000 0.015015000
v 0.008368000 -0.015872000 0.015131000
v 0.011670000 -0.013316000 0.015036000
v 0.010273000 -0.015147000 0.015127000
v 0.007246000 -0.015879000 0.021888000
v 0.012441000 -0.010206000 0.021883000
v 0.009291000 -0.015305000 0.021895000
v 0.011274000 -0.012941000 0.021922000
v 0.008491000 0.015896000 0.015092000
v 0.012479000 0.010966000 0.015014000
v 0.010553000 0.014753000 0.015078000
v 0.011853000 0.012967000 0.015030000
v 0.012375000 0.010687000 0.021887000
v 0.007222000 0.015959000 0.021891000
v 0.011559000 0.012881000 0.021897000
v 0.009495000 0.014792000 0.021931000
v 0.009071000 0.016820000 0.018714000
v 0.014395000 0.011487000 0.018742000
v 0.012664000 0.014702000 0.018632000
v 0.013750000 0.013640000 0.018717000
v 0.014293000 -0.011518000 0.018741000
v 0.008916000 -0.017145000 0.018635000
v 0.013397000 -0.014375000 0.018716000
v 0.012635000 -0.015301000 0.018558000
v 0.008677000 0.017114000 0.020286000
v 0.013932000 0.011325000 0.020393000
v 0.011410000 0.015705000 0.020314000
v 0.013091000 0.013708000 0.020381000
v 0.013852000 -0.011287000 0.020390000
v 0.008428000 -0.017239000 0.020271000
v 0.012905000 -0.014159000 0.020383000
v 0.011280000 -0.015981000 0.020304000
v 0.007766000 0.016655000 0.021338000
v 0.013250000 0.010875000 0.021365000
v 0.010271000 0.015577000 0.021351000
v 0.012315000 0.013447000 0.021370000
v 0.013206000 -0.010667000 0.021360000
v 0.007578000 -0.016683000 0.021330000
v 0.012237000 -0.013578000 0.021362000
v 0.010079000 -0.015849000 0.021351000
v 0.013053000 0.010724000 0.021426000
v 0.007499000 0.016502000 0.021414000
v 0.012097000 0.013320000 0.021436000
v 0.009973000 0.015466000 0.021427000
v 0.013017000 -0.010477000 0.021420000
v 0.007320000 -0.016519000 0.021407000
v 0.012036000 -0.013389000 0.021425000
v 0.009754000 -0.015762000 0.021426000
v 0.007335000 0.016434000 0.021431000
v 0.012951000 0.010605000 0.021438000
v 0.009812000 0.015428000 0.021450000
v 0.011986000 0.013233000 0.021457000
v 0.007150000 -0.016445000 0.021428000
v 0.012911000 -0.010353000 0.021432000
v 0.009609000 -0.015701000 0.021450000
v 0.011930000 -0.013267000 0.021442000
v 0.000001000 -0.017432000 0.020273000
v 0.000001000 -0.017534000 0.018623000
v 0.000001000 -0.008095000 0.014187000
v 0.000001000 -0.015703000 0.015100000
v 0.000001000 0.017527000 0.020288000
v 0.000001000 0.007968000 0.022109000
v 0.000001000 0.016025000 0.015067000
v 0.000001000 0.009032000 0.014185000
v 0.000001000 -0.006867000 0.022109000
v 0.000001000 0.017479000 0.018695000
v 0.000001000 -0.016764000 0.021343000
v 0.000001000 0.016849000 0.021350000
v 0.000001000 -0.015790000 0.021939000
v 0.000001000 0.015887000 0.021944000
v 0.000001000 -0.016576000 0.021423000
v 0.000001000 0.016656000 0.021429000
v 0.000001000 -0.016518000 0.021444000
v 0.000001000 0.016599000 0.021451000
v 0.000001000 0.011227000 0.014472000
v 0.000001000 0.013522000 0.022086000
v 0.000001000 -0.013210000 0.022084000
v 0.000001000 -0.010149000 0.014473000
v 0.014705000 -0.004977000 0.017387000
v 0.014705000 0.006088000 0.017387000
v 0.004360000 -0.017694000 0.017596000
v 0.003858000 0.017621000 0.017517000
v 0.005848000 0.017582000 0.017516000
v 0.006376000 -0.017676000 0.017594000
v 0.014689000 0.008580000 0.017388000
v 0.014682000 -0.007559000 0.017387000
v 0.014488000 0.011509000 0.017391000
v 0.013846000 0.013694000 0.017431000
v 0.012753000 0.014780000 0.017539000
v 0.009127000 0.016948000 0.017494000
v 0.009068000 -0.017243000 0.017569000
v 0.012788000 -0.015343000 0.017607000
v 0.013475000 -0.014438000 0.017425000
v 0.014381000 -0.011549000 0.017389000
v 0.000001000 0.017621000 0.017518000
v 0.000001000 -0.017694000 0.017596000
v 0.000001000 -0.015619000 0.018423000
v 0.004350000 -0.015619000 0.018423000
v 0.004359000 -0.015619000 0.017764000
v 0.006354000 -0.015600000 0.018423000
v 0.010851000 -0.014782000 0.018367000
v 0.008659000 -0.015443000 0.018427000
v 0.011012000 -0.014718000 0.017816000
v 0.000001000 -0.015619000 0.017764000
v 0.006378000 -0.015600000 0.017764000
v 0.008776000 -0.015399000 0.017758000
v 0.014333000 -0.004942000 0.015993000
v 0.003929000 0.017811000 0.016074000
v 0.005910000 0.017772000 0.016077000
v 0.006400000 -0.017698000 0.016222000
v 0.014318000 0.008520000 0.015993000
v 0.014311000 -0.007499000 0.015993000
v 0.014124000 0.011406000 0.015994000
v 0.008689000 -0.017485000 0.016230000
v 0.014333000 0.006048000 0.015992000
v 0.004398000 -0.017717000 0.016220000
v 0.013322000 0.013816000 0.016015000
v 0.011680000 0.015908000 0.016080000
v 0.008936000 0.017357000 0.016090000
v 0.011689000 -0.016069000 0.016216000
v 0.013072000 -0.014350000 0.016025000
v 0.014022000 -0.011428000 0.015994000
v 0.000001000 0.017812000 0.016074000
v 0.000001000 -0.017717000 0.016220000
v 0.011617000 -0.014943000 0.017720000
v 0.006369000 -0.016254000 0.017726000
v 0.000001000 -0.016271000 0.017726000
v 0.004360000 -0.016271000 0.017726000
v 0.008861000 -0.015984000 0.017694000
v 0.000001000 -0.016254000 0.018461000
v 0.004347000 -0.016254000 0.018461000
v 0.006332000 -0.016236000 0.018461000
v 0.008634000 -0.016059000 0.018478000
v 0.011403000 -0.015024000 0.018449000
v 0.000001000 0.015732000 0.018485000
v 0.003638000 0.015732000 0.018485000
v 0.005596000 0.015692000 0.018485000
v 0.010929000 0.014424000 0.017777000
v 0.010923000 0.014423000 0.018408000
v 0.008674000 0.015289000 0.018493000
v 0.008681000 0.015289000 0.017693000
v 0.000001000 0.015732000 0.017699000
v 0.003638000 0.015732000 0.017699000
v 0.005598000 0.015692000 0.017699000
v 0.014616000 0.006088000 0.016552000
v 0.004361000 -0.017925000 0.016943000
v 0.013676000 0.013849000 0.016602000
v 0.012300000 0.015620000 0.016765000
v 0.009117000 0.017436000 0.016815000
v 0.012311000 -0.015831000 0.016893000
v 0.013357000 -0.014466000 0.016601000
v 0.014292000 -0.011536000 0.016554000
v 0.000001000 0.018018000 0.016802000
v 0.000001000 -0.017925000 0.016943000
v 0.014616000 -0.004977000 0.016552000
v 0.003881000 0.018017000 0.016802000
v 0.005886000 0.017977000 0.016805000
v 0.006385000 -0.017906000 0.016943000
v 0.014600000 0.008578000 0.016553000
v 0.014593000 -0.007556000 0.016553000
v 0.014399000 0.011502000 0.016555000
v 0.008834000 -0.017619000 0.016939000
v 0.003747000 0.016465000 0.017620000
v 0.003747000 0.016439000 0.018566000
v 0.005706000 0.016401000 0.018566000
v 0.005710000 0.016427000 0.017619000
v 0.000001000 0.016466000 0.017620000
v 0.008838000 0.015924000 0.018596000
v 0.011700000 0.014598000 0.017683000
v 0.011682000 0.014583000 0.018496000
v 0.008857000 0.015948000 0.017588000
v 0.000001000 0.016439000 0.018565000
v 0.014612000 0.000536000 0.018740000
v 0.012715000 0.000540000 0.014993000
v 0.014138000 0.000542000 0.020391000
v 0.004830000 0.000644000 0.022109000
v 0.007724000 0.000560000 0.014187000
v 0.013394000 0.000565000 0.021375000
v 0.012352000 0.000588000 0.021935000
v 0.013185000 0.000577000 0.021440000
v 0.013102000 0.000595000 0.021453000
v 0.009765000 0.000616000 0.022083000
v 0.009388000 0.000581000 0.014457000
v 0.000001000 0.000649000 0.022109000
v 0.014705000 0.000536000 0.017387000
v 0.014333000 0.000534000 0.015992000
v 0.014616000 0.000536000 0.016552000
v 0.000001000 -0.006084000 0.013401000
v 0.005032000 -0.005171000 0.013515000
v 0.006069000 0.000546000 0.013401000
v 0.004906000 0.006159000 0.013514000
v 0.000001000 0.006999000 0.013400000
v 0.000001000 0.000542000 0.013114000
v 0.006371000 -0.017139000 0.017682000
v 0.000001000 -0.017156000 0.017683000
v 0.008987000 -0.016768000 0.017650000
v 0.004346000 -0.017060000 0.018507000
v 0.008737000 -0.016784000 0.018521000
v 0.012337000 -0.015201000 0.017702000
v 0.004360000 -0.017156000 0.017683000
v 0.000001000 -0.017060000 0.018507000
v 0.006330000 -0.017043000 0.018507000
v 0.012096000 -0.015254000 0.018450000
v 0.014502000 -0.004977000 0.019418000
v 0.014502000 0.006087000 0.019418000
v 0.004337000 -0.017609000 0.019086000
v 0.003879000 0.017704000 0.019153000
v 0.005863000 0.017666000 0.019154000
v 0.006307000 -0.017592000 0.019086000
v 0.014485000 0.008573000 0.019418000
v 0.014479000 -0.007549000 0.019418000
v 0.014283000 0.011467000 0.019421000
v 0.013581000 0.013675000 0.019388000
v 0.012282000 0.015151000 0.019235000
v 0.009051000 0.017085000 0.019163000
v 0.008738000 -0.017325000 0.019092000
v 0.012145000 -0.015654000 0.019154000
v 0.013268000 -0.014350000 0.019389000
v 0.014186000 -0.011487000 0.019419000
v 0.000001000 0.017705000 0.019153000
v 0.000001000 -0.017609000 0.019086000
v 0.014502000 0.000536000 0.019418000
v 0.014692000 0.006088000 0.016907000
v 0.004361000 -0.017840000 0.017393000
v 0.013812000 0.013751000 0.016967000
v 0.012598000 0.015174000 0.017173000
v 0.009174000 0.017260000 0.017275000
v 0.012717000 -0.015499000 0.017284000
v 0.013450000 -0.014458000 0.016961000
v 0.014366000 -0.011550000 0.016909000
v 0.000001000 0.017934000 0.017283000
v 0.000001000 -0.017840000 0.017393000
v 0.014692000 -0.004977000 0.016907000
v 0.003881000 0.017933000 0.017282000
v 0.005880000 0.017894000 0.017283000
v 0.006380000 -0.017822000 0.017391000
v 0.014676000 0.008580000 0.016908000
v 0.014668000 -0.007559000 0.016908000
v 0.014475000 0.011511000 0.016911000
v 0.009032000 -0.017410000 0.017373000
v 0.014692000 0.000536000 0.016907000
v 0.012926000 -0.015123000 0.018600000
v 0.011278000 -0.015020000 0.015243000
v 0.012023000 -0.015326000 0.020340000
v 0.010980000 -0.015101000 0.021358000
v 0.010690000 -0.014998000 0.021427000
v 0.010565000 -0.014917000 0.021450000
v 0.010112000 -0.014645000 0.021893000
v 0.013015000 -0.015185000 0.017562000
v 0.012295000 -0.015510000 0.016141000
v 0.012780000 -0.015410000 0.016778000
v 0.012654000 -0.015243000 0.019249000
v 0.012959000 -0.015267000 0.017157000
v 0.011602000 -0.015860000 0.018680000
v 0.009705000 -0.016174000 0.015294000
v 0.010156000 -0.016625000 0.020283000
v 0.009015000 -0.016308000 0.021339000
v 0.008685000 -0.016188000 0.021415000
v 0.008506000 -0.016121000 0.021438000
v 0.008377000 -0.015644000 0.021891000
v 0.012062000 -0.015773000 0.017493000
v 0.010099000 -0.015035000 0.018445000
v 0.010528000 -0.014862000 0.017731000
v 0.010431000 -0.016781000 0.016230000
v 0.010292000 -0.015514000 0.018559000
v 0.011127000 -0.015165000 0.017568000
v 0.010984000 -0.016626000 0.016921000
v 0.011725000 -0.015544000 0.017542000
v 0.010842000 -0.015894000 0.018585000
v 0.010869000 -0.016392000 0.019119000
v 0.011871000 -0.016010000 0.017320000
v -0.012530000 -0.004907000 0.014993000
v -0.012497000 0.006035000 0.014993000
v -0.013393000 -0.005048000 0.021375000
v -0.013393000 0.006209000 0.021375000
v -0.014611000 0.006088000 0.018740000
v -0.014611000 -0.004977000 0.018740000
v -0.003856000 0.017478000 0.018696000
v -0.004344000 -0.017534000 0.018623000
v -0.003983000 -0.016765000 0.021343000
v -0.004706000 -0.015670000 0.015100000
v -0.003575000 0.016849000 0.021349000
v -0.004303000 0.016012000 0.015067000
v -0.004814000 -0.006788000 0.022109000
v -0.004760000 0.007891000 0.022109000
v -0.005966000 -0.006512000 0.014240000
v -0.005781000 0.007580000 0.014239000
v -0.014136000 -0.004991000 0.020390000
v -0.014136000 0.006112000 0.020391000
v -0.004251000 -0.017432000 0.020272000
v -0.003817000 0.017527000 0.020288000
v -0.012342000 -0.005261000 0.021935000
v -0.012323000 0.006436000 0.021935000
v -0.004030000 -0.015756000 0.021939000
v -0.003647000 0.015863000 0.021943000
v -0.013184000 -0.005080000 0.021440000
v -0.013184000 0.006260000 0.021440000
v -0.003936000 -0.016577000 0.021422000
v -0.003530000 0.016656000 0.021429000
v -0.013101000 -0.005137000 0.021453000
v -0.013101000 0.006349000 0.021453000
v -0.003980000 -0.016518000 0.021443000
v -0.003580000 0.016599000 0.021450000
v -0.006163000 0.016099000 0.015079000
v -0.005835000 0.017441000 0.018697000
v -0.005755000 0.017496000 0.020287000
v -0.006327000 -0.017517000 0.018624000
v -0.006143000 -0.017419000 0.020271000
v -0.006593000 -0.015794000 0.015112000
v -0.009725000 -0.006243000 0.022083000
v -0.008512000 -0.005447000 0.014457000
v -0.009640000 0.007364000 0.022083000
v -0.008346000 0.006680000 0.014456000
v -0.005341000 0.016845000 0.021347000
v -0.005675000 -0.016764000 0.021339000
v -0.005670000 0.015828000 0.021937000
v -0.006113000 -0.015665000 0.021931000
v -0.005240000 0.016658000 0.021425000
v -0.005570000 -0.016579000 0.021418000
v -0.005247000 0.016596000 0.021446000
v -0.005565000 -0.016516000 0.021439000
v -0.012516000 0.008535000 0.015002000
v -0.014123000 0.008553000 0.020391000
v -0.014595000 0.008577000 0.018740000
v -0.004327000 0.013416000 0.022086000
v -0.005098000 0.011078000 0.014472000
v -0.013392000 0.008492000 0.021372000
v -0.012232000 0.009115000 0.021929000
v -0.013186000 0.008491000 0.021436000
v -0.013099000 0.008533000 0.021449000
v -0.008032000 0.011042000 0.014526000
v -0.008811000 0.012792000 0.022061000
v -0.012558000 -0.007459000 0.015003000
v -0.014118000 -0.007516000 0.020390000
v -0.014588000 -0.007554000 0.018740000
v -0.005382000 -0.009892000 0.014473000
v -0.004611000 -0.013064000 0.022084000
v -0.013392000 -0.007418000 0.021371000
v -0.012351000 -0.008029000 0.021929000
v -0.013186000 -0.007405000 0.021436000
v -0.013098000 -0.007438000 0.021448000
v -0.008260000 -0.009995000 0.014531000
v -0.009407000 -0.012090000 0.022058000
v -0.012444000 -0.010755000 0.015015000
v -0.008366000 -0.015872000 0.015131000
v -0.011668000 -0.013316000 0.015036000
v -0.010272000 -0.015147000 0.015127000
v -0.007244000 -0.015879000 0.021888000
v -0.012440000 -0.010206000 0.021883000
v -0.009289000 -0.015305000 0.021895000
v -0.011273000 -0.012941000 0.021922000
v -0.008489000 0.015896000 0.015092000
v -0.012478000 0.010966000 0.015014000
v -0.010551000 0.014753000 0.015078000
v -0.011852000 0.012967000 0.015030000
v -0.012374000 0.010687000 0.021887000
v -0.007220000 0.015959000 0.021891000
v -0.011557000 0.012881000 0.021897000
v -0.009493000 0.014792000 0.021931000
v -0.009069000 0.016820000 0.018714000
v -0.014394000 0.011487000 0.018742000
v -0.012662000 0.014702000 0.018632000
v -0.013748000 0.013640000 0.018717000
v -0.014292000 -0.011518000 0.018741000
v -0.008915000 -0.017145000 0.018635000
v -0.013396000 -0.014375000 0.018716000
v -0.012634000 -0.015301000 0.018558000
v -0.008676000 0.017114000 0.020286000
v -0.013931000 0.011325000 0.020393000
v -0.011409000 0.015705000 0.020314000
v -0.013090000 0.013708000 0.020381000
v -0.013850000 -0.011287000 0.020390000
v -0.008365000 -0.017277000 0.020270000
v -0.012837000 -0.014226000 0.020381000
v -0.010892000 -0.016350000 0.020289000
v -0.007764000 0.016655000 0.021338000
v -0.013248000 0.010875000 0.021365000
v -0.010270000 0.015577000 0.021351000
v -0.012313000 0.013447000 0.021370000
v -0.013204000 -0.010667000 0.021360000
v -0.007561000 -0.016693000 0.021330000
v -0.012219000 -0.013595000 0.021361000
v -0.009981000 -0.015941000 0.021348000
v -0.013051000 0.010724000 0.021426000
v -0.007498000 0.016502000 0.021414000
v -0.012095000 0.013320000 0.021436000
v -0.009971000 0.015466000 0.021427000
v -0.013015000 -0.010477000 0.021420000
v -0.007319000 -0.016519000 0.021407000
v -0.012034000 -0.013389000 0.021425000
v -0.009753000 -0.015762000 0.021426000
v -0.007334000 0.016434000 0.021431000
v -0.012949000 0.010605000 0.021438000
v -0.009810000 0.015428000 0.021450000
v -0.011985000 0.013233000 0.021457000
v -0.007149000 -0.016445000 0.021428000
v -0.012910000 -0.010353000 0.021432000
v -0.009607000 -0.015701000 0.021450000
v -0.011928000 -0.013267000 0.021442000
v -0.014704000 -0.004977000 0.017387000
v -0.014704000 0.006088000 0.017387000
v -0.004359000 -0.017694000 0.017596000
v -0.003856000 0.017621000 0.017517000
v -0.005846000 0.017582000 0.017516000
v -0.006374000 -0.017676000 0.017594000
v -0.014688000 0.008580000 0.017388000
v -0.014680000 -0.007559000 0.017387000
v -0.014487000 0.011509000 0.017391000
v -0.013844000 0.013694000 0.017431000
v -0.012751000 0.014780000 0.017539000
v -0.009126000 0.016948000 0.017494000
v -0.009067000 -0.017243000 0.017569000
v -0.012787000 -0.015343000 0.017607000
v -0.013474000 -0.014438000 0.017425000
v -0.014380000 -0.011549000 0.017389000
v -0.004348000 -0.015619000 0.018423000
v -0.004357000 -0.015619000 0.017764000
v -0.006352000 -0.015600000 0.018423000
v -0.010849000 -0.014782000 0.018367000
v -0.008657000 -0.015443000 0.018427000
v -0.011011000 -0.014718000 0.017816000
v -0.006376000 -0.015600000 0.017764000
v -0.008775000 -0.015399000 0.017758000
v -0.014331000 -0.004942000 0.015993000
v -0.003927000 0.017811000 0.016074000
v -0.005908000 0.017772000 0.016077000
v -0.006399000 -0.017698000 0.016222000
v -0.014316000 0.008520000 0.015993000
v -0.014309000 -0.007499000 0.015993000
v -0.014123000 0.011406000 0.015994000
v -0.008687000 -0.017485000 0.016230000
v -0.014331000 0.006048000 0.015992000
v -0.004397000 -0.017717000 0.016220000
v -0.013321000 0.013816000 0.016015000
v -0.011678000 0.015908000 0.016080000
v -0.008934000 0.017357000 0.016090000
v -0.011688000 -0.016069000 0.016216000
v -0.013071000 -0.014350000 0.016025000
v -0.014020000 -0.011428000 0.015994000
v -0.011615000 -0.014943000 0.017720000
v -0.006367000 -0.016254000 0.017726000
v -0.004358000 -0.016271000 0.017726000
v -0.008859000 -0.015984000 0.017694000
v -0.004345000 -0.016254000 0.018461000
v -0.006331000 -0.016236000 0.018461000
v -0.008633000 -0.016059000 0.018478000
v -0.011402000 -0.015024000 0.018449000
v -0.003637000 0.015732000 0.018485000
v -0.005595000 0.015692000 0.018485000
v -0.010927000 0.014424000 0.017777000
v -0.010921000 0.014423000 0.018408000
v -0.008672000 0.015289000 0.018493000
v -0.008679000 0.015289000 0.017693000
v -0.003637000 0.015732000 0.017699000
v -0.005596000 0.015692000 0.017699000
v -0.014615000 0.006088000 0.016552000
v -0.004360000 -0.017925000 0.016943000
v -0.013675000 0.013849000 0.016602000
v -0.012299000 0.015620000 0.016765000
v -0.009115000 0.017436000 0.016815000
v -0.012309000 -0.015831000 0.016893000
v -0.013355000 -0.014466000 0.016601000
v -0.014291000 -0.011536000 0.016554000
v -0.014615000 -0.004977000 0.016552000
v -0.003879000 0.018017000 0.016802000
v -0.005884000 0.017977000 0.016805000
v -0.006383000 -0.017906000 0.016943000
v -0.014599000 0.008578000 0.016553000
v -0.014591000 -0.007556000 0.016553000
v -0.014398000 0.011502000 0.016555000
v -0.008833000 -0.017619000 0.016939000
v -0.003745000 0.016465000 0.017620000
v -0.003745000 0.016439000 0.018566000
v -0.005705000 0.016401000 0.018566000
v -0.005709000 0.016427000 0.017619000
v -0.008837000 0.015924000 0.018596000
v -0.011699000 0.014598000 0.017683000
v -0.011681000 0.014583000 0.018496000
v -0.008855000 0.015948000 0.017588000
v -0.014611000 0.000536000 0.018740000
v -0.012714000 0.000540000 0.014993000
v -0.014136000 0.000542000 0.020391000
v -0.004829000 0.000644000 0.022109000
v -0.007722000 0.000560000 0.014187000
v -0.013393000 0.000565000 0.021375000
v -0.012351000 0.000588000 0.021935000
v -0.013184000 0.000577000 0.021440000
v -0.013101000 0.000595000 0.021453000
v -0.009763000 0.000616000 0.022083000
v -0.009386000 0.000581000 0.014457000
v -0.014704000 0.000536000 0.017387000
v -0.014331000 0.000534000 0.015992000
v -0.014615000 0.000536000 0.016552000
v -0.005030000 -0.005171000 0.013515000
v -0.006067000 0.000546000 0.013401000
v -0.004905000 0.006159000 0.013514000
v -0.006369000 -0.017139000 0.017682000
v -0.008985000 -0.016768000 0.017650000
v -0.004345000 -0.017060000 0.018507000
v -0.008736000 -0.016784000 0.018521000
v -0.012336000 -0.015201000 0.017702000
v -0.004358000 -0.017156000 0.017683000
v -0.006329000 -0.017043000 0.018507000
v -0.012095000 -0.015254000 0.018450000
v -0.014500000 -0.004977000 0.019418000
v -0.014500000 0.006087000 0.019418000
v -0.004336000 -0.017609000 0.019086000
v -0.003878000 0.017704000 0.019153000
v -0.005861000 0.017666000 0.019154000
v -0.006305000 -0.017592000 0.019086000
v -0.014484000 0.008573000 0.019418000
v -0.014477000 -0.007549000 0.019418000
v -0.014282000 0.011467000 0.019421000
v -0.013579000 0.013675000 0.019388000
v -0.012280000 0.015151000 0.019235000
v -0.009050000 0.017085000 0.019163000
v -0.008721000 -0.017335000 0.019092000
v -0.012046000 -0.015746000 0.019150000
v -0.013250000 -0.014367000 0.019389000
v -0.014185000 -0.011487000 0.019419000
v -0.014500000 0.000536000 0.019418000
v -0.014690000 0.006088000 0.016907000
v -0.004359000 -0.017840000 0.017393000
v -0.013810000 0.013751000 0.016967000
v -0.012597000 0.015174000 0.017173000
v -0.009172000 0.017260000 0.017275000
v -0.012715000 -0.015499000 0.017284000
v -0.013449000 -0.014458000 0.016961000
v -0.014365000 -0.011550000 0.016909000
v -0.014690000 -0.004977000 0.016907000
v -0.003879000 0.017933000 0.017282000
v -0.005879000 0.017894000 0.017283000
v -0.006378000 -0.017822000 0.017391000
v -0.014674000 0.008580000 0.016908000
v -0.014667000 -0.007559000 0.016908000
v -0.014473000 0.011511000 0.016911000
v -0.009031000 -0.017410000 0.017373000
v -0.014690000 0.000536000 0.016907000
v -0.012924000 -0.015123000 0.018600000
v -0.011276000 -0.015020000 0.015243000
v -0.011690000 -0.015662000 0.020326000
v -0.010896000 -0.015185000 0.021355000
v -0.010689000 -0.014998000 0.021427000
v -0.010563000 -0.014917000 0.021450000
v -0.010111000 -0.014645000 0.021893000
v -0.013013000 -0.015185000 0.017562000
v -0.012294000 -0.015510000 0.016141000
v -0.012779000 -0.015410000 0.016778000
v -0.012570000 -0.015327000 0.019246000
v -0.012958000 -0.015267000 0.017157000
v -0.011600000 -0.015860000 0.018680000
v -0.009703000 -0.016174000 0.015294000
v -0.009843000 -0.016843000 0.020276000
v -0.008936000 -0.016362000 0.021337000
v -0.008683000 -0.016188000 0.021415000
v -0.008505000 -0.016121000 0.021438000
v -0.008376000 -0.015644000 0.021891000
v -0.012060000 -0.015773000 0.017493000
v -0.010097000 -0.015035000 0.018445000
v -0.010526000 -0.014862000 0.017731000
v -0.010430000 -0.016781000 0.016230000
v -0.010290000 -0.015514000 0.018559000
v -0.011126000 -0.015165000 0.017568000
v -0.010983000 -0.016626000 0.016921000
v -0.011724000 -0.015544000 0.017542000
v -0.010841000 -0.015894000 0.018585000
v -0.010790000 -0.016447000 0.019117000
v -0.011869000 -0.016010000 0.017320000
v 0.012924000 -0.005094000 0.021682000
v 0.003941000 -0.016322000 0.021680000
v 0.003545000 0.016408000 0.021686000
v 0.012924000 0.006298000 0.021682000
v 0.005180000 0.016405000 0.021682000
v 0.005492000 -0.016319000 0.021676000
v 0.012921000 0.008446000 0.021678000
v 0.012921000 -0.007356000 0.021678000
v 0.012737000 -0.010206000 0.021665000
v 0.011784000 -0.013101000 0.021675000
v 0.009480000 -0.015538000 0.021685000
v 0.007022000 -0.016250000 0.021669000
v 0.012771000 0.010473000 0.021671000
v 0.011810000 0.013135000 0.021688000
v 0.009647000 0.015322000 0.021684000
v 0.007203000 0.016258000 0.021669000
v 0.000001000 0.016408000 0.021687000
v 0.000001000 -0.016322000 0.021680000
v 0.012924000 0.000591000 0.021682000
v 0.010433000 -0.014755000 0.021683000
v 0.008372000 -0.015942000 0.021676000
v -0.012922000 -0.005094000 0.021682000
v -0.003939000 -0.016322000 0.021680000
v -0.003544000 0.016408000 0.021686000
v -0.012922000 0.006298000 0.021682000
v -0.005178000 0.016405000 0.021682000
v -0.005490000 -0.016319000 0.021676000
v -0.012920000 0.008446000 0.021678000
v -0.012919000 -0.007356000 0.021678000
v -0.012736000 -0.010206000 0.021665000
v -0.011782000 -0.013101000 0.021675000
v -0.009479000 -0.015538000 0.021685000
v -0.007021000 -0.016250000 0.021669000
v -0.012770000 0.010473000 0.021671000
v -0.011809000 0.013135000 0.021688000
v -0.009645000 0.015322000 0.021684000
v -0.007201000 0.016258000 0.021669000
v -0.012922000 0.000591000 0.021682000
v -0.010431000 -0.014755000 0.021683000
v -0.008371000 -0.015942000 0.021676000
v 0.014612000 -0.002557000 0.018740000
v 0.013767000 -0.004884000 0.015497000
v 0.012632000 0.003586000 0.014993000
v 0.014665000 0.006088000 0.018056000
v 0.014138000 0.003652000 0.020391000
v 0.014566000 -0.004977000 0.019132000
v 0.014380000 0.006090000 0.019842000
v 0.012444000 0.007509000 0.014994000
v 0.014136000 -0.006364000 0.020390000
v 0.014610000 0.007514000 0.018740000
v 0.002423000 -0.017534000 0.018623000
v 0.004320000 -0.017582000 0.019618000
v 0.003129000 -0.007804000 0.014192000
v 0.005062000 -0.012807000 0.014701000
v 0.002324000 0.007958000 0.022109000
v 0.003959000 0.014993000 0.022032000
v 0.002411000 0.016020000 0.015067000
v 0.005326000 0.009340000 0.014372000
v 0.011256000 -0.014798000 0.017739000
v 0.002351000 -0.006857000 0.022109000
v 0.004822000 0.004370000 0.022109000
v 0.002147000 0.017479000 0.018695000
v 0.004047000 0.017322000 0.015566000
v 0.007324000 -0.003148000 0.014193000
v 0.003877000 0.017678000 0.018855000
v 0.004768000 -0.010256000 0.022106000
v 0.005377000 0.016020000 0.015069000
v 0.005332000 -0.017431000 0.020272000
v 0.007407000 -0.006601000 0.022106000
v 0.010506000 -0.005110000 0.014645000
v 0.011315000 0.006865000 0.022026000
v 0.007073000 0.007061000 0.014371000
v 0.013394000 0.003726000 0.021375000
v 0.013394000 -0.006400000 0.021374000
v 0.004974000 -0.016765000 0.021342000
v 0.013752000 0.006160000 0.020964000
v 0.013752000 -0.005020000 0.020964000
v 0.004116000 -0.017099000 0.020906000
v 0.003698000 0.017189000 0.020913000
v 0.012349000 0.003816000 0.021935000
v 0.012330000 -0.006890000 0.021934000
v 0.005231000 -0.015694000 0.021937000
v 0.012776000 -0.005087000 0.021816000
v 0.003931000 -0.016610000 0.021464000
v 0.013229000 -0.005063000 0.021486000
v 0.013185000 0.003762000 0.021440000
v 0.013186000 -0.006430000 0.021440000
v 0.004908000 -0.016577000 0.021421000
v 0.013102000 0.003824000 0.021453000
v 0.013102000 -0.006497000 0.021452000
v 0.004946000 -0.016518000 0.021442000
v 0.003526000 0.016691000 0.021471000
v 0.013229000 0.006233000 0.021486000
v 0.012774000 0.006280000 0.021816000
v 0.004898000 0.017473000 0.018696000
v 0.004848000 0.017523000 0.020287000
v 0.005473000 -0.017532000 0.018624000
v 0.005862000 -0.015677000 0.015102000
v 0.011371000 -0.005718000 0.022026000
v 0.007270000 -0.005870000 0.014372000
v 0.007327000 0.007709000 0.022106000
v 0.010408000 0.006302000 0.014645000
v 0.004542000 0.016848000 0.021349000
v 0.004799000 0.015824000 0.021943000
v 0.004481000 0.016656000 0.021428000
v 0.004531000 0.016598000 0.021449000
v 0.005580000 -0.016613000 0.021460000
v 0.005251000 0.016693000 0.021468000
v 0.005906000 -0.017092000 0.020904000
v 0.005549000 0.017171000 0.020911000
v 0.005982000 0.017300000 0.015570000
v 0.005860000 0.017641000 0.018856000
v 0.006964000 -0.013179000 0.014734000
v 0.008016000 0.008645000 0.014461000
v 0.009750000 0.004130000 0.022083000
v 0.008987000 0.003902000 0.014457000
v 0.009362000 0.010136000 0.022081000
v 0.006449000 -0.017190000 0.015662000
v 0.006322000 -0.017586000 0.018774000
v 0.007542000 -0.014517000 0.022011000
v 0.014136000 0.007529000 0.020390000
v 0.004603000 0.010989000 0.022106000
v 0.004717000 0.013605000 0.014695000
v 0.013395000 0.007595000 0.021374000
v 0.012270000 0.008052000 0.021934000
v 0.013186000 0.007638000 0.021440000
v 0.013102000 0.007726000 0.021452000
v 0.006595000 0.013902000 0.014728000
v 0.006886000 0.014860000 0.022018000
v 0.011019000 0.010693000 0.022012000
v 0.006390000 0.010984000 0.014476000
v 0.013231000 0.008480000 0.021482000
v 0.013745000 0.008523000 0.020962000
v 0.002159000 0.013509000 0.022086000
v 0.010460000 0.009118000 0.014673000
v 0.006513000 0.013185000 0.022083000
v 0.013753000 0.008435000 0.015498000
v 0.014550000 0.008575000 0.019132000
v 0.012488000 -0.006328000 0.014994000
v 0.014610000 -0.006357000 0.018740000
v 0.005559000 -0.008122000 0.014373000
v 0.004312000 -0.014832000 0.022029000
v 0.008241000 -0.007333000 0.014462000
v 0.009633000 -0.009232000 0.022081000
v 0.011381000 -0.009658000 0.022012000
v 0.006719000 -0.009762000 0.014477000
v 0.013232000 -0.007398000 0.021482000
v 0.013742000 -0.007467000 0.020962000
v 0.002306000 -0.013192000 0.022084000
v 0.010597000 -0.007944000 0.014674000
v 0.013752000 -0.007411000 0.015498000
v 0.014543000 -0.007552000 0.019132000
v 0.006927000 -0.012734000 0.022082000
v 0.014098000 0.012748000 0.018740000
v 0.013589000 0.011221000 0.015502000
v 0.012297000 0.012046000 0.015022000
v 0.013808000 0.013662000 0.018066000
v 0.013402000 0.014180000 0.018663000
v 0.011341000 0.013935000 0.015059000
v 0.013090000 0.014420000 0.018077000
v 0.010967000 0.015823000 0.018733000
v 0.009646000 0.015490000 0.015096000
v 0.003684000 0.016002000 0.017588000
v 0.010398000 -0.016517000 0.018657000
v 0.008555000 -0.017042000 0.015670000
v 0.009904000 -0.015660000 0.015172000
v 0.012757000 -0.015276000 0.018075000
v 0.012805000 -0.015227000 0.018556000
v 0.011344000 -0.014333000 0.015103000
v 0.013445000 -0.014406000 0.018062000
v 0.013859000 -0.013234000 0.018738000
v 0.012157000 -0.012229000 0.015023000
v 0.014343000 -0.011535000 0.018057000
v 0.013607000 0.012594000 0.020393000
v 0.014348000 0.011478000 0.019135000
v 0.013394000 0.013719000 0.019823000
v 0.012376000 0.014749000 0.020349000
v 0.011925000 0.015466000 0.019711000
v 0.010158000 0.016525000 0.020293000
v 0.008942000 0.017148000 0.019662000
v 0.009396000 -0.016966000 0.020276000
v 0.008852000 -0.017251000 0.018782000
v 0.011774000 -0.015863000 0.019668000
v 0.011667000 -0.015668000 0.020319000
v 0.013138000 -0.014307000 0.019826000
v 0.013427000 -0.012961000 0.020390000
v 0.014071000 -0.011443000 0.019844000
v 0.008209000 0.016900000 0.020905000
v 0.009053000 0.016257000 0.021342000
v 0.010788000 0.015700000 0.020922000
v 0.011397000 0.014611000 0.021363000
v 0.012677000 0.013591000 0.020958000
v 0.012921000 0.012183000 0.021368000
v 0.013576000 0.011099000 0.020960000
v 0.008374000 -0.016520000 0.021333000
v 0.007999000 -0.016965000 0.020899000
v 0.010636000 -0.015947000 0.020924000
v 0.010508000 -0.015534000 0.021355000
v 0.012556000 -0.013866000 0.020956000
v 0.012810000 -0.012280000 0.021360000
v 0.013515000 -0.010974000 0.020956000
v 0.008065000 -0.016377000 0.021409000
v 0.007384000 -0.016552000 0.021449000
v 0.009827000 -0.015789000 0.021468000
v 0.010194000 -0.015449000 0.021428000
v 0.012086000 -0.013439000 0.021470000
v 0.012625000 -0.012066000 0.021421000
v 0.013062000 -0.010524000 0.021467000
v 0.012519000 -0.011925000 0.021434000
v 0.012624000 -0.010154000 0.021798000
v 0.012042000 -0.011406000 0.021910000
v 0.011227000 -0.014245000 0.021447000
v 0.009582000 -0.015007000 0.021912000
v 0.009091000 -0.015930000 0.021445000
v 0.007949000 -0.015668000 0.021906000
v 0.008747000 0.016128000 0.021418000
v 0.008564000 0.016077000 0.021438000
v 0.011137000 0.014501000 0.021434000
v 0.011005000 0.014449000 0.021457000
v 0.012722000 0.012028000 0.021431000
v 0.012619000 0.011905000 0.021447000
v 0.013098000 0.010767000 0.021473000
v 0.012147000 0.013363000 0.021481000
v 0.010042000 0.015498000 0.021470000
v 0.007564000 0.016535000 0.021457000
v 0.011976000 0.011800000 0.021910000
v 0.011703000 0.013060000 0.021817000
v 0.010797000 0.013657000 0.021923000
v 0.009568000 0.015209000 0.021820000
v 0.008152000 0.015599000 0.021919000
v 0.007165000 0.016139000 0.021804000
v 0.007454000 -0.015969000 0.015129000
v 0.007488000 -0.017444000 0.018625000
v 0.012654000 -0.009021000 0.015017000
v 0.014518000 -0.009415000 0.018740000
v 0.006912000 -0.015742000 0.021914000
v 0.006325000 -0.016505000 0.021433000
v 0.012425000 -0.009224000 0.021912000
v 0.013072000 -0.008757000 0.021438000
v 0.012635000 0.009708000 0.015016000
v 0.014547000 0.009972000 0.018741000
v 0.007241000 0.016181000 0.015096000
v 0.007263000 0.017307000 0.018699000
v 0.012276000 0.010079000 0.021913000
v 0.013078000 0.009459000 0.021441000
v 0.006529000 0.015911000 0.021920000
v 0.006190000 0.016573000 0.021436000
v 0.014081000 0.009876000 0.020391000
v 0.007099000 0.017402000 0.020285000
v 0.007242000 -0.017375000 0.020270000
v 0.014059000 -0.009282000 0.020389000
v 0.013375000 0.009590000 0.021367000
v 0.006455000 0.016815000 0.021341000
v 0.006596000 -0.016753000 0.021334000
v 0.013368000 -0.008910000 0.021365000
v 0.013173000 0.009506000 0.021430000
v 0.006272000 0.016642000 0.021418000
v 0.013170000 -0.008806000 0.021427000
v 0.006417000 -0.016575000 0.021411000
v 0.002378000 -0.017432000 0.020272000
v 0.002637000 -0.015690000 0.015100000
v 0.002125000 0.017527000 0.020288000
v 0.003012000 0.008782000 0.014191000
v 0.002231000 -0.016765000 0.021343000
v 0.001987000 0.016849000 0.021349000
v 0.002207000 -0.015786000 0.021939000
v 0.001982000 0.015884000 0.021944000
v 0.002206000 -0.016576000 0.021423000
v 0.001962000 0.016656000 0.021429000
v 0.002233000 -0.016518000 0.021444000
v 0.001992000 0.016599000 0.021450000
v 0.002864000 0.011178000 0.014472000
v 0.003025000 -0.010062000 0.014473000
v 0.000001000 -0.008683000 0.014363000
v 0.000001000 -0.010386000 0.022106000
v 0.000001000 0.015061000 0.022032000
v 0.000001000 0.013653000 0.014695000
v 0.000001000 -0.016610000 0.021465000
v 0.000001000 0.016691000 0.021471000
v 0.000001000 0.017189000 0.020913000
v 0.000001000 -0.017099000 0.020907000
v 0.000001000 -0.014930000 0.022029000
v 0.000001000 0.017679000 0.019658000
v 0.000001000 -0.007523000 0.013806000
v 0.014552000 0.006083000 0.016327000
v 0.000001000 -0.003140000 0.022109000
v 0.006374000 -0.017467000 0.017641000
v 0.000001000 0.009769000 0.014362000
v 0.000001000 0.011094000 0.022106000
v 0.000001000 -0.012919000 0.014701000
v 0.000001000 -0.017582000 0.019618000
v 0.014665000 -0.004977000 0.018056000
v 0.014712000 0.006088000 0.017051000
v 0.004360000 -0.017792000 0.017521000
v 0.003810000 0.017003000 0.018595000
v 0.005641000 0.015960000 0.018596000
v 0.000001000 -0.017485000 0.017643000
v 0.014649000 0.008578000 0.018056000
v 0.014642000 -0.007557000 0.018056000
v 0.014448000 0.011499000 0.018059000
v 0.013846000 0.013721000 0.017109000
v 0.012673000 0.015022000 0.017305000
v 0.009176000 0.017172000 0.017405000
v 0.004360000 -0.015882000 0.017682000
v 0.012806000 -0.015409000 0.017409000
v 0.013476000 -0.014453000 0.017103000
v 0.014387000 -0.011553000 0.017053000
v 0.000001000 0.017866000 0.017421000
v 0.000001000 -0.017792000 0.017521000
v 0.002147000 0.017621000 0.017517000
v 0.013941000 -0.013284000 0.017396000
v 0.013178000 -0.014990000 0.017489000
v 0.012645000 -0.015436000 0.017490000
v 0.011053000 0.015934000 0.017462000
v 0.013499000 0.014244000 0.017496000
v 0.014191000 0.012786000 0.017398000
v 0.014702000 -0.006358000 0.017387000
v 0.007293000 0.017445000 0.017514000
v 0.014609000 -0.009430000 0.017388000
v 0.004901000 0.017616000 0.017516000
v 0.007553000 -0.017595000 0.017588000
v 0.014640000 0.009982000 0.017389000
v 0.002428000 -0.017694000 0.017596000
v 0.014705000 0.003634000 0.017387000
v 0.005505000 -0.017692000 0.017596000
v 0.014703000 0.007515000 0.017387000
v 0.002424000 -0.015619000 0.018423000
v 0.004354000 -0.015528000 0.018093000
v 0.005484000 -0.015617000 0.018423000
v 0.009508000 -0.015253000 0.018435000
v 0.010923000 -0.014718000 0.018094000
v 0.007494000 -0.015553000 0.018424000
v 0.000001000 -0.015528000 0.018093000
v 0.006369000 -0.015510000 0.018093000
v 0.008715000 -0.015336000 0.018094000
v 0.010872000 -0.014731000 0.017741000
v 0.007527000 -0.015547000 0.017764000
v 0.002427000 -0.015619000 0.017764000
v 0.005503000 -0.015617000 0.017764000
v 0.009038000 -0.017058000 0.017613000
v 0.000001000 -0.015880000 0.018504000
v 0.004346000 -0.017354000 0.018551000
v 0.006341000 -0.015862000 0.018504000
v 0.008852000 -0.017005000 0.018564000
v 0.011075000 -0.014870000 0.018439000
v 0.014552000 -0.004973000 0.016328000
v 0.003887000 0.017986000 0.016481000
v 0.005888000 0.017946000 0.016485000
v 0.006387000 -0.017875000 0.016639000
v 0.014536000 0.008570000 0.016328000
v 0.014529000 -0.007548000 0.016328000
v 0.014337000 0.011486000 0.016329000
v 0.008765000 -0.017631000 0.016643000
v 0.013763000 0.005988000 0.015497000
v 0.004493000 -0.017190000 0.015658000
v 0.012832000 0.013542000 0.015518000
v 0.011263000 0.015607000 0.015569000
v 0.008780000 0.016938000 0.015579000
v 0.011076000 -0.015940000 0.015661000
v 0.012589000 -0.014045000 0.015524000
v 0.013500000 -0.011201000 0.015502000
v 0.000001000 0.017324000 0.015566000
v 0.000001000 -0.017194000 0.015658000
v 0.014331000 0.007465000 0.015993000
v 0.005542000 -0.017714000 0.016220000
v 0.014270000 0.009903000 0.015993000
v 0.007512000 -0.017644000 0.016226000
v 0.004977000 0.017806000 0.016075000
v 0.014241000 -0.009344000 0.015993000
v 0.007305000 0.017663000 0.016083000
v 0.014330000 -0.006312000 0.015993000
v 0.002189000 0.017812000 0.016074000
v 0.013587000 -0.013139000 0.016000000
v 0.012632000 -0.015087000 0.016079000
v 0.011135000 -0.016399000 0.016227000
v 0.010435000 0.016756000 0.016092000
v 0.012628000 0.014902000 0.016048000
v 0.013815000 0.012691000 0.015998000
v 0.002451000 -0.017717000 0.016220000
v 0.014333000 0.003611000 0.015992000
v 0.011997000 -0.015084000 0.017712000
v 0.006375000 -0.015864000 0.017682000
v 0.000001000 -0.015882000 0.017682000
v 0.004360000 -0.016725000 0.017724000
v 0.008819000 -0.015633000 0.017663000
v 0.000001000 -0.016672000 0.018465000
v 0.004347000 -0.015880000 0.018504000
v 0.006330000 -0.016655000 0.018465000
v 0.008632000 -0.015702000 0.018516000
v 0.011750000 -0.015164000 0.018448000
v 0.005503000 -0.016269000 0.017726000
v 0.010938000 -0.015228000 0.018580000
v 0.005475000 -0.016252000 0.018461000
v 0.011595000 -0.014946000 0.018090000
v 0.007513000 -0.016194000 0.017721000
v 0.002428000 -0.016271000 0.017726000
v 0.010165000 -0.015570000 0.017631000
v 0.002423000 -0.016254000 0.018461000
v 0.007456000 -0.016188000 0.018463000
v 0.002020000 0.015732000 0.018485000
v 0.004646000 0.015727000 0.018485000
v 0.011043000 0.014318000 0.018093000
v 0.010090000 0.014788000 0.018487000
v 0.008656000 0.015207000 0.018093000
v 0.007028000 0.015582000 0.018486000
v 0.000001000 0.015643000 0.018092000
v 0.003622000 0.015643000 0.018092000
v 0.005582000 0.015602000 0.018092000
v 0.002020000 0.015732000 0.017699000
v 0.010098000 0.014788000 0.017698000
v 0.007033000 0.015582000 0.017699000
v 0.004647000 0.015727000 0.017699000
v 0.005786000 0.017047000 0.017595000
v 0.000001000 0.016002000 0.017589000
v 0.008735000 0.015534000 0.018616000
v 0.011303000 0.014435000 0.017696000
v 0.012113000 0.014731000 0.018511000
v 0.008746000 0.015536000 0.017569000
v 0.000001000 0.017004000 0.018595000
v 0.004366000 -0.017894000 0.016638000
v 0.013560000 0.013885000 0.016362000
v 0.012022000 0.015851000 0.016474000
v 0.009043000 0.017472000 0.016498000
v 0.012065000 -0.015988000 0.016616000
v 0.013282000 -0.014453000 0.016369000
v 0.014230000 -0.011516000 0.016329000
v 0.000001000 0.017987000 0.016481000
v 0.000001000 -0.017894000 0.016638000
v 0.014656000 -0.004977000 0.016748000
v 0.003881000 0.017984000 0.017072000
v 0.005884000 0.017944000 0.017074000
v 0.006383000 -0.017872000 0.017195000
v 0.014641000 0.008579000 0.016748000
v 0.014633000 -0.007558000 0.016748000
v 0.014439000 0.011507000 0.016751000
v 0.008937000 -0.017521000 0.017183000
v 0.014616000 0.003634000 0.016552000
v 0.002428000 -0.017925000 0.016943000
v 0.014092000 0.012800000 0.016563000
v 0.013162000 0.014733000 0.016683000
v 0.010880000 0.016608000 0.016806000
v 0.011768000 -0.016168000 0.016912000
v 0.013006000 -0.015109000 0.016684000
v 0.013847000 -0.013274000 0.016563000
v 0.002159000 0.018018000 0.016802000
v 0.014614000 0.007514000 0.016553000
v 0.005508000 -0.017923000 0.016943000
v 0.014551000 0.009977000 0.016553000
v 0.007541000 -0.017841000 0.016943000
v 0.004931000 0.018012000 0.016802000
v 0.014520000 -0.009423000 0.016552000
v 0.007336000 0.017849000 0.016811000
v 0.014613000 -0.006357000 0.016553000
v 0.003811000 0.017085000 0.017595000
v 0.003684000 0.015999000 0.018596000
v 0.005779000 0.016966000 0.018596000
v 0.005643000 0.015963000 0.017589000
v 0.000001000 0.017085000 0.017596000
v 0.008969000 0.016410000 0.018622000
v 0.012154000 0.014776000 0.017658000
v 0.011294000 0.014432000 0.018488000
v 0.009003000 0.016484000 0.017565000
v 0.000001000 0.015999000 0.018595000
v 0.010485000 0.015237000 0.018628000
v 0.007133000 0.016310000 0.017616000
v 0.002083000 0.016439000 0.018566000
v 0.010508000 0.015260000 0.017554000
v 0.012111000 0.014345000 0.018089000
v 0.004769000 0.016434000 0.018566000
v 0.004770000 0.016461000 0.017619000
v 0.002083000 0.016465000 0.017620000
v 0.007123000 0.016285000 0.018570000
v 0.010475000 -0.012784000 0.021998000
v 0.009362000 0.013914000 0.022004000
v 0.014612000 0.003634000 0.018740000
v 0.012649000 -0.002498000 0.014993000
v 0.014138000 -0.002564000 0.020391000
v 0.004829000 -0.003106000 0.022109000
v 0.007214000 0.004243000 0.014192000
v 0.013394000 -0.002591000 0.021375000
v 0.012351000 -0.002640000 0.021935000
v 0.013185000 -0.002606000 0.021440000
v 0.013102000 -0.002631000 0.021453000
v 0.009760000 -0.002912000 0.022083000
v 0.009075000 -0.002725000 0.014457000
v 0.000001000 0.004413000 0.022109000
v 0.014705000 -0.002557000 0.017387000
v 0.014333000 -0.002538000 0.015992000
v 0.014616000 -0.002557000 0.016552000
v 0.014712000 0.000536000 0.017051000
v 0.014552000 0.000536000 0.016327000
v 0.014665000 0.000536000 0.018056000
v 0.002356000 0.000648000 0.022109000
v 0.011052000 0.000563000 0.014646000
v 0.007438000 0.000632000 0.022106000
v 0.013229000 0.000571000 0.021486000
v 0.013752000 0.000554000 0.020964000
v 0.005500000 -0.005848000 0.013826000
v 0.011398000 0.000599000 0.022026000
v 0.014380000 0.000537000 0.019842000
v 0.008307000 0.000576000 0.014362000
v 0.013790000 0.000532000 0.015497000
v 0.003072000 -0.005841000 0.013426000
v 0.005773000 -0.002948000 0.013426000
v 0.002985000 0.006782000 0.013425000
v 0.000001000 -0.003190000 0.013175000
v 0.005685000 0.004000000 0.013425000
v 0.000001000 0.004210000 0.013174000
v 0.003464000 0.000543000 0.013174000
v 0.007264000 0.000550000 0.013806000
v 0.005347000 0.006837000 0.013825000
v 0.000001000 0.008395000 0.013805000
v 0.009404000 0.013263000 0.014746000
v 0.010256000 0.012080000 0.014713000
v 0.010662000 0.010728000 0.014700000
v 0.008056000 0.014018000 0.014757000
v 0.008153000 -0.013634000 0.014777000
v 0.009345000 -0.013275000 0.014778000
v 0.010243000 -0.011979000 0.014726000
v 0.010741000 -0.010110000 0.014702000
v 0.006368000 -0.016708000 0.017723000
v 0.000001000 -0.016725000 0.017724000
v 0.008922000 -0.016388000 0.017688000
v 0.004346000 -0.016672000 0.018465000
v 0.008664000 -0.016448000 0.018481000
v 0.012597000 -0.015288000 0.017686000
v 0.004360000 -0.017485000 0.017643000
v 0.000001000 -0.017354000 0.018551000
v 0.006331000 -0.017337000 0.018552000
v 0.012418000 -0.015286000 0.018464000
v 0.007465000 -0.016985000 0.018509000
v 0.002423000 -0.017060000 0.018507000
v 0.010527000 -0.016152000 0.017596000
v 0.002428000 -0.017156000 0.017683000
v 0.007534000 -0.017066000 0.017676000
v 0.012306000 -0.015181000 0.018080000
v 0.005475000 -0.017058000 0.018507000
v 0.011598000 -0.015498000 0.018594000
v 0.005503000 -0.017154000 0.017683000
v 0.014380000 -0.004979000 0.019842000
v 0.014566000 0.006087000 0.019132000
v 0.004343000 -0.017603000 0.018773000
v 0.003872000 0.017678000 0.019658000
v 0.005848000 0.017641000 0.019657000
v 0.006268000 -0.017566000 0.019618000
v 0.014365000 0.008569000 0.019843000
v 0.014359000 -0.007541000 0.019842000
v 0.014163000 0.011436000 0.019846000
v 0.013685000 0.013643000 0.019097000
v 0.012494000 0.014933000 0.018936000
v 0.009095000 0.017012000 0.018868000
v 0.008641000 -0.017346000 0.019621000
v 0.012453000 -0.015448000 0.018838000
v 0.013344000 -0.014362000 0.019098000
v 0.014248000 -0.011504000 0.019133000
v 0.000001000 0.017679000 0.018854000
v 0.000001000 -0.017603000 0.018773000
v 0.014566000 0.000536000 0.019132000
v 0.014502000 -0.002557000 0.019418000
v 0.002159000 0.017704000 0.019153000
v 0.013752000 -0.013193000 0.019416000
v 0.012905000 -0.014961000 0.019325000
v 0.011622000 -0.015968000 0.019133000
v 0.010842000 0.016168000 0.019185000
v 0.013113000 0.014388000 0.019315000
v 0.013976000 0.012724000 0.019418000
v 0.014499000 -0.006356000 0.019418000
v 0.007283000 0.017538000 0.019155000
v 0.014408000 -0.009399000 0.019419000
v 0.004924000 0.017699000 0.019154000
v 0.002420000 -0.017609000 0.019086000
v 0.007450000 -0.017533000 0.019087000
v 0.014502000 0.003634000 0.019418000
v 0.014436000 0.009962000 0.019420000
v 0.014500000 0.007514000 0.019418000
v 0.005456000 -0.017607000 0.019086000
v 0.014656000 0.006088000 0.016748000
v 0.004361000 -0.017891000 0.017196000
v 0.013755000 0.013796000 0.016805000
v 0.012486000 0.015374000 0.016998000
v 0.009156000 0.017349000 0.017075000
v 0.012536000 -0.015651000 0.017114000
v 0.013408000 -0.014462000 0.016800000
v 0.014332000 -0.011544000 0.016749000
v 0.000001000 0.017985000 0.017072000
v 0.000001000 -0.017891000 0.017197000
v 0.014712000 -0.004977000 0.017051000
v 0.003878000 0.017865000 0.017421000
v 0.005874000 0.017826000 0.017421000
v 0.006378000 -0.017774000 0.017519000
v 0.014696000 0.008580000 0.017052000
v 0.014689000 -0.007560000 0.017052000
v 0.014495000 0.011512000 0.017055000
v 0.009073000 -0.017337000 0.017496000
v 0.014656000 0.000536000 0.016748000
v 0.014692000 -0.002557000 0.016907000
v 0.002159000 0.017934000 0.017283000
v 0.013923000 -0.013289000 0.016919000
v 0.013138000 -0.015039000 0.017052000
v 0.012498000 -0.015640000 0.017304000
v 0.011079000 0.016255000 0.017242000
v 0.013408000 0.014426000 0.017065000
v 0.014175000 0.012797000 0.016921000
v 0.002428000 -0.017840000 0.017393000
v 0.014692000 0.003634000 0.016907000
v 0.014690000 0.007515000 0.016908000
v 0.005506000 -0.017838000 0.017393000
v 0.014626000 0.009982000 0.016908000
v 0.007556000 -0.017742000 0.017387000
v 0.004929000 0.017928000 0.017282000
v 0.014595000 -0.009430000 0.016908000
v 0.007333000 0.017755000 0.017284000
v 0.014689000 -0.006358000 0.016908000
v 0.013096000 -0.014924000 0.018663000
v 0.010785000 -0.015013000 0.015146000
v 0.012429000 -0.014887000 0.020364000
v 0.011585000 -0.014489000 0.021361000
v 0.011341000 -0.014344000 0.021427000
v 0.010059000 -0.015381000 0.021451000
v 0.010413000 -0.014143000 0.021915000
v 0.012905000 -0.015285000 0.017612000
v 0.012031000 -0.015799000 0.016188000
v 0.012601000 -0.015607000 0.016850000
v 0.012447000 -0.015436000 0.019191000
v 0.012837000 -0.015396000 0.017237000
v 0.013003000 -0.015224000 0.017294000
v 0.012411000 -0.015318000 0.019734000
v 0.012886000 -0.015329000 0.016991000
v 0.012617000 -0.015493000 0.016519000
v 0.012990000 -0.015140000 0.018071000
v 0.010755000 -0.015031000 0.021471000
v 0.011471000 -0.015227000 0.020940000
v 0.012818000 -0.015164000 0.018937000
v 0.011764000 -0.015370000 0.015627000
v 0.012279000 -0.015478000 0.018681000
v 0.009150000 -0.015991000 0.015174000
v 0.010781000 -0.016294000 0.020292000
v 0.009583000 -0.016092000 0.021346000
v 0.009251000 -0.015993000 0.021421000
v 0.007873000 -0.016304000 0.021431000
v 0.008853000 -0.015415000 0.021911000
v 0.010736000 -0.016505000 0.017530000
v 0.010556000 -0.014858000 0.018439000
v 0.009819000 -0.015129000 0.017745000
v 0.009646000 -0.017173000 0.016231000
v 0.009559000 -0.015817000 0.018513000
v 0.011540000 -0.014981000 0.017562000
v 0.010001000 -0.017166000 0.016931000
v 0.012246000 -0.015265000 0.017541000
v 0.009883000 -0.016376000 0.018549000
v 0.009901000 -0.016898000 0.019104000
v 0.010607000 -0.016716000 0.017346000
v 0.012066000 -0.015851000 0.017431000
v 0.010529000 -0.016594000 0.019639000
v 0.011332000 -0.015858000 0.018617000
v 0.011939000 -0.015679000 0.017524000
v 0.011440000 -0.016314000 0.017147000
v 0.011441000 -0.015366000 0.017559000
v 0.010502000 -0.015762000 0.018562000
v 0.010693000 -0.016792000 0.016637000
v 0.010134000 -0.015256000 0.018568000
v 0.010255000 -0.014890000 0.018093000
v 0.010822000 -0.014974000 0.017583000
v 0.008763000 -0.016217000 0.021457000
v 0.009568000 -0.016486000 0.020909000
v 0.011342000 -0.016084000 0.018819000
v 0.010052000 -0.016578000 0.015691000
v -0.014611000 -0.002557000 0.018740000
v -0.013766000 -0.004884000 0.015497000
v -0.012631000 0.003586000 0.014993000
v -0.014664000 0.006088000 0.018056000
v -0.014136000 0.003652000 0.020391000
v -0.014564000 -0.004977000 0.019132000
v -0.014379000 0.006090000 0.019842000
v -0.012442000 0.007509000 0.014994000
v -0.014134000 -0.006364000 0.020390000
v -0.014609000 0.007514000 0.018740000
v -0.002421000 -0.017534000 0.018623000
v -0.004318000 -0.017582000 0.019618000
v -0.003127000 -0.007804000 0.014192000
v -0.005060000 -0.012807000 0.014701000
v -0.002322000 0.007958000 0.022109000
v -0.003957000 0.014993000 0.022032000
v -0.002409000 0.016020000 0.015067000
v -0.005325000 0.009340000 0.014372000
v -0.011254000 -0.014798000 0.017739000
v -0.002349000 -0.006857000 0.022109000
v -0.004820000 0.004370000 0.022109000
v -0.002145000 0.017479000 0.018695000
v -0.004046000 0.017322000 0.015566000
v -0.007322000 -0.003148000 0.014193000
v -0.003875000 0.017678000 0.018855000
v -0.004766000 -0.010256000 0.022106000
v -0.005375000 0.016020000 0.015069000
v -0.005330000 -0.017431000 0.020272000
v -0.007406000 -0.006601000 0.022106000
v -0.010505000 -0.005110000 0.014645000
v -0.011314000 0.006865000 0.022026000
v -0.007072000 0.007061000 0.014371000
v -0.013393000 0.003726000 0.021375000
v -0.013393000 -0.006400000 0.021374000
v -0.004972000 -0.016765000 0.021342000
v -0.013750000 0.006160000 0.020964000
v -0.013750000 -0.005020000 0.020964000
v -0.004115000 -0.017099000 0.020906000
v -0.003696000 0.017189000 0.020913000
v -0.012347000 0.003816000 0.021935000
v -0.012329000 -0.006890000 0.021934000
v -0.005230000 -0.015694000 0.021937000
v -0.012774000 -0.005087000 0.021816000
v -0.003929000 -0.016610000 0.021464000
v -0.013227000 -0.005063000 0.021486000
v -0.013184000 0.003762000 0.021440000
v -0.013184000 -0.006430000 0.021440000
v -0.004906000 -0.016577000 0.021421000
v -0.013101000 0.003824000 0.021453000
v -0.013101000 -0.006497000 0.021452000
v -0.004945000 -0.016518000 0.021442000
v -0.003524000 0.016691000 0.021471000
v -0.013227000 0.006233000 0.021486000
v -0.012772000 0.006280000 0.021816000
v -0.004897000 0.017473000 0.018696000
v -0.004846000 0.017523000 0.020287000
v -0.005471000 -0.017532000 0.018624000
v -0.005861000 -0.015677000 0.015102000
v -0.011369000 -0.005718000 0.022026000
v -0.007268000 -0.005870000 0.014372000
v -0.007326000 0.007709000 0.022106000
v -0.010406000 0.006302000 0.014645000
v -0.004541000 0.016848000 0.021349000
v -0.004798000 0.015824000 0.021943000
v -0.004480000 0.016656000 0.021428000
v -0.004529000 0.016598000 0.021449000
v -0.005579000 -0.016613000 0.021460000
v -0.005249000 0.016693000 0.021468000
v -0.005904000 -0.017092000 0.020904000
v -0.005548000 0.017171000 0.020911000
v -0.005980000 0.017300000 0.015570000
v -0.005858000 0.017641000 0.018856000
v -0.006963000 -0.013179000 0.014734000
v -0.008014000 0.008645000 0.014461000
v -0.009748000 0.004130000 0.022083000
v -0.008985000 0.003902000 0.014457000
v -0.009360000 0.010136000 0.022081000
v -0.006447000 -0.017190000 0.015662000
v -0.006320000 -0.017586000 0.018774000
v -0.007540000 -0.014517000 0.022011000
v -0.014135000 0.007529000 0.020390000
v -0.004601000 0.010989000 0.022106000
v -0.004716000 0.013605000 0.014695000
v -0.013393000 0.007595000 0.021374000
v -0.012269000 0.008052000 0.021934000
v -0.013184000 0.007638000 0.021440000
v -0.013100000 0.007726000 0.021452000
v -0.006594000 0.013902000 0.014728000
v -0.006885000 0.014860000 0.022018000
v -0.011017000 0.010693000 0.022012000
v -0.006388000 0.010984000 0.014476000
v -0.013230000 0.008480000 0.021482000
v -0.013743000 0.008523000 0.020962000
v -0.002157000 0.013509000 0.022086000
v -0.010459000 0.009118000 0.014673000
v -0.006511000 0.013185000 0.022083000
v -0.013751000 0.008435000 0.015498000
v -0.014548000 0.008575000 0.019132000
v -0.012486000 -0.006328000 0.014994000
v -0.014608000 -0.006357000 0.018740000
v -0.005558000 -0.008122000 0.014373000
v -0.004311000 -0.014832000 0.022029000
v -0.008240000 -0.007333000 0.014462000
v -0.009631000 -0.009232000 0.022081000
v -0.011380000 -0.009658000 0.022012000
v -0.006717000 -0.009762000 0.014477000
v -0.013230000 -0.007398000 0.021482000
v -0.013741000 -0.007467000 0.020962000
v -0.002304000 -0.013192000 0.022084000
v -0.010595000 -0.007944000 0.014674000
v -0.013751000 -0.007411000 0.015498000
v -0.014541000 -0.007552000 0.019132000
v -0.006925000 -0.012734000 0.022082000
v -0.014096000 0.012748000 0.018740000
v -0.013587000 0.011221000 0.015502000
v -0.012295000 0.012046000 0.015022000
v -0.013806000 0.013662000 0.018066000
v -0.013400000 0.014180000 0.018663000
v -0.011339000 0.013935000 0.015059000
v -0.013088000 0.014420000 0.018077000
v -0.010966000 0.015823000 0.018733000
v -0.009645000 0.015490000 0.015096000
v -0.003683000 0.016002000 0.017588000
v -0.010396000 -0.016517000 0.018657000
v -0.008553000 -0.017042000 0.015670000
v -0.009902000 -0.015660000 0.015172000
v -0.012756000 -0.015276000 0.018075000
v -0.012803000 -0.015227000 0.018556000
v -0.011343000 -0.014333000 0.015103000
v -0.013443000 -0.014406000 0.018062000
v -0.013858000 -0.013234000 0.018738000
v -0.012156000 -0.012229000 0.015023000
v -0.014342000 -0.011535000 0.018057000
v -0.013605000 0.012594000 0.020393000
v -0.014347000 0.011478000 0.019135000
v -0.013393000 0.013719000 0.019823000
v -0.012374000 0.014749000 0.020349000
v -0.011923000 0.015466000 0.019711000
v -0.010157000 0.016525000 0.020293000
v -0.008941000 0.017148000 0.019662000
v -0.009209000 -0.017084000 0.020272000
v -0.008849000 -0.017252000 0.018782000
v -0.011495000 -0.016128000 0.019657000
v -0.011281000 -0.016056000 0.020303000
v -0.013089000 -0.014356000 0.019824000
v -0.013417000 -0.012969000 0.020390000
v -0.014069000 -0.011443000 0.019844000
v -0.008207000 0.016900000 0.020905000
v -0.009051000 0.016257000 0.021342000
v -0.010786000 0.015700000 0.020922000
v -0.011395000 0.014611000 0.021363000
v -0.012676000 0.013591000 0.020958000
v -0.012920000 0.012183000 0.021368000
v -0.013575000 0.011099000 0.020960000
v -0.008326000 -0.016550000 0.021332000
v -0.007954000 -0.016992000 0.020898000
v -0.010356000 -0.016212000 0.020913000
v -0.010410000 -0.015631000 0.021351000
v -0.012506000 -0.013915000 0.020954000
v -0.012807000 -0.012282000 0.021360000
v -0.013513000 -0.010974000 0.020956000
v -0.008064000 -0.016377000 0.021409000
v -0.007381000 -0.016553000 0.021449000
v -0.009814000 -0.015800000 0.021468000
v -0.010192000 -0.015449000 0.021428000
v -0.012082000 -0.013442000 0.021470000
v -0.012623000 -0.012066000 0.021421000
v -0.013060000 -0.010524000 0.021467000
v -0.012517000 -0.011925000 0.021434000
v -0.012622000 -0.010154000 0.021798000
v -0.012040000 -0.011406000 0.021910000
v -0.011226000 -0.014245000 0.021447000
v -0.009581000 -0.015007000 0.021912000
v -0.009089000 -0.015930000 0.021445000
v -0.007948000 -0.015668000 0.021906000
v -0.008746000 0.016128000 0.021418000
v -0.008563000 0.016077000 0.021438000
v -0.011136000 0.014501000 0.021434000
v -0.011004000 0.014449000 0.021457000
v -0.012721000 0.012028000 0.021431000
v -0.012617000 0.011905000 0.021447000
v -0.013097000 0.010767000 0.021473000
v -0.012146000 0.013363000 0.021481000
v -0.010040000 0.015498000 0.021470000
v -0.007563000 0.016535000 0.021457000
v -0.011974000 0.011800000 0.021910000
v -0.011701000 0.013060000 0.021817000
v -0.010795000 0.013657000 0.021923000
v -0.009567000 0.015209000 0.021820000
v -0.008151000 0.015599000 0.021919000
v -0.007164000 0.016139000 0.021804000
v -0.007452000 -0.015969000 0.015129000
v -0.007486000 -0.017444000 0.018625000
v -0.012653000 -0.009021000 0.015017000
v -0.014516000 -0.009415000 0.018740000
v -0.006910000 -0.015742000 0.021914000
v -0.006324000 -0.016505000 0.021433000
v -0.012424000 -0.009224000 0.021912000
v -0.013071000 -0.008757000 0.021438000
v -0.012633000 0.009708000 0.015016000
v -0.014546000 0.009972000 0.018741000
v -0.007240000 0.016181000 0.015096000
v -0.007262000 0.017307000 0.018699000
v -0.012274000 0.010079000 0.021913000
v -0.013076000 0.009459000 0.021441000
v -0.006527000 0.015911000 0.021920000
v -0.006188000 0.016573000 0.021436000
v -0.014080000 0.009876000 0.020391000
v -0.007097000 0.017402000 0.020285000
v -0.007233000 -0.017380000 0.020270000
v -0.014058000 -0.009282000 0.020389000
v -0.013373000 0.009590000 0.021367000
v -0.006454000 0.016815000 0.021341000
v -0.006592000 -0.016754000 0.021334000
v -0.013367000 -0.008910000 0.021365000
v -0.013171000 0.009506000 0.021430000
v -0.006271000 0.016642000 0.021418000
v -0.013168000 -0.008806000 0.021427000
v -0.006416000 -0.016575000 0.021411000
v -0.002376000 -0.017432000 0.020272000
v -0.002635000 -0.015690000 0.015100000
v -0.002123000 0.017527000 0.020288000
v -0.003010000 0.008782000 0.014191000
v -0.002229000 -0.016765000 0.021343000
v -0.001986000 0.016849000 0.021349000
v -0.002205000 -0.015786000 0.021939000
v -0.001980000 0.015884000 0.021944000
v -0.002205000 -0.016576000 0.021423000
v -0.001960000 0.016656000 0.021429000
v -0.002232000 -0.016518000 0.021444000
v -0.001990000 0.016599000 0.021450000
v -0.002863000 0.011178000 0.014472000
v -0.003024000 -0.010062000 0.014473000
v -0.014550000 0.006083000 0.016327000
v -0.006372000 -0.017467000 0.017641000
v -0.014664000 -0.004977000 0.018056000
v -0.014711000 0.006088000 0.017051000
v -0.004359000 -0.017792000 0.017521000
v -0.003809000 0.017003000 0.018595000
v -0.005639000 0.015960000 0.018596000
v -0.014647000 0.008578000 0.018056000
v -0.014640000 -0.007557000 0.018056000
v -0.014447000 0.011499000 0.018059000
v -0.013844000 0.013721000 0.017109000
v -0.012671000 0.015022000 0.017305000
v -0.009174000 0.017172000 0.017405000
v -0.004359000 -0.015882000 0.017682000
v -0.012805000 -0.015409000 0.017409000
v -0.013474000 -0.014453000 0.017103000
v -0.014385000 -0.011553000 0.017053000
v -0.002145000 0.017621000 0.017517000
v -0.013939000 -0.013284000 0.017396000
v -0.013176000 -0.014990000 0.017489000
v -0.012643000 -0.015436000 0.017490000
v -0.011051000 0.015934000 0.017462000
v -0.013498000 0.014244000 0.017496000
v -0.014190000 0.012786000 0.017398000
v -0.014701000 -0.006358000 0.017387000
v -0.007291000 0.017445000 0.017514000
v -0.014607000 -0.009430000 0.017388000
v -0.004900000 0.017616000 0.017516000
v -0.007552000 -0.017595000 0.017588000
v -0.014639000 0.009982000 0.017389000
v -0.002426000 -0.017694000 0.017596000
v -0.014704000 0.003634000 0.017387000
v -0.005503000 -0.017692000 0.017596000
v -0.014702000 0.007515000 0.017387000
v -0.002423000 -0.015619000 0.018423000
v -0.004353000 -0.015528000 0.018093000
v -0.005483000 -0.015617000 0.018423000
v -0.009506000 -0.015253000 0.018435000
v -0.010921000 -0.014718000 0.018094000
v -0.007492000 -0.015553000 0.018424000
v -0.006367000 -0.015510000 0.018093000
v -0.008714000 -0.015336000 0.018094000
v -0.010871000 -0.014731000 0.017741000
v -0.007525000 -0.015547000 0.017764000
v -0.002426000 -0.015619000 0.017764000
v -0.005501000 -0.015617000 0.017764000
v -0.009036000 -0.017058000 0.017613000
v -0.004345000 -0.017354000 0.018551000
v -0.006339000 -0.015862000 0.018504000
v -0.008851000 -0.017005000 0.018564000
v -0.011073000 -0.014870000 0.018439000
v -0.014550000 -0.004973000 0.016328000
v -0.003885000 0.017986000 0.016481000
v -0.005887000 0.017946000 0.016485000
v -0.006385000 -0.017875000 0.016639000
v -0.014535000 0.008570000 0.016328000
v -0.014527000 -0.007548000 0.016328000
v -0.014335000 0.011486000 0.016329000
v -0.008764000 -0.017631000 0.016643000
v -0.013762000 0.005988000 0.015497000
v -0.004491000 -0.017190000 0.015658000
v -0.012831000 0.013542000 0.015518000
v -0.011262000 0.015607000 0.015569000
v -0.008778000 0.016938000 0.015579000
v -0.011075000 -0.015940000 0.015661000
v -0.012587000 -0.014045000 0.015524000
v -0.013499000 -0.011201000 0.015502000
v -0.014329000 0.007465000 0.015993000
v -0.005541000 -0.017714000 0.016220000
v -0.014269000 0.009903000 0.015993000
v -0.007510000 -0.017644000 0.016226000
v -0.004976000 0.017806000 0.016075000
v -0.014239000 -0.009344000 0.015993000
v -0.007303000 0.017663000 0.016083000
v -0.014329000 -0.006312000 0.015993000
v -0.002187000 0.017812000 0.016074000
v -0.013585000 -0.013139000 0.016000000
v -0.012630000 -0.015087000 0.016079000
v -0.011134000 -0.016399000 0.016227000
v -0.010433000 0.016756000 0.016092000
v -0.012627000 0.014902000 0.016048000
v -0.013814000 0.012691000 0.015998000
v -0.002450000 -0.017717000 0.016220000
v -0.014331000 0.003611000 0.015992000
v -0.011995000 -0.015084000 0.017712000
v -0.006374000 -0.015864000 0.017682000
v -0.004358000 -0.016725000 0.017724000
v -0.008817000 -0.015633000 0.017663000
v -0.004346000 -0.015880000 0.018504000
v -0.006328000 -0.016655000 0.018465000
v -0.008630000 -0.015702000 0.018516000
v -0.011749000 -0.015164000 0.018448000
v -0.005501000 -0.016269000 0.017726000
v -0.010936000 -0.015228000 0.018580000
v -0.005474000 -0.016251000 0.018461000
v -0.011594000 -0.014946000 0.018090000
v -0.007512000 -0.016194000 0.017721000
v -0.002426000 -0.016271000 0.017726000
v -0.010163000 -0.015570000 0.017631000
v -0.002422000 -0.016254000 0.018461000
v -0.007454000 -0.016188000 0.018463000
v -0.002018000 0.015732000 0.018485000
v -0.004645000 0.015727000 0.018485000
v -0.011042000 0.014318000 0.018093000
v -0.010089000 0.014788000 0.018487000
v -0.008655000 0.015207000 0.018093000
v -0.007027000 0.015582000 0.018486000
v -0.003620000 0.015643000 0.018092000
v -0.005580000 0.015602000 0.018092000
v -0.002018000 0.015732000 0.017699000
v -0.010096000 0.014788000 0.017698000
v -0.007031000 0.015582000 0.017699000
v -0.004645000 0.015727000 0.017699000
v -0.005785000 0.017047000 0.017595000
v -0.008734000 0.015534000 0.018616000
v -0.011302000 0.014435000 0.017696000
v -0.012111000 0.014731000 0.018511000
v -0.008745000 0.015536000 0.017569000
v -0.004364000 -0.017894000 0.016638000
v -0.013559000 0.013885000 0.016362000
v -0.012020000 0.015851000 0.016474000
v -0.009042000 0.017472000 0.016498000
v -0.012064000 -0.015988000 0.016616000
v -0.013280000 -0.014453000 0.016369000
v -0.014229000 -0.011516000 0.016329000
v -0.014655000 -0.004977000 0.016748000
v -0.003879000 0.017984000 0.017072000
v -0.005882000 0.017944000 0.017074000
v -0.006381000 -0.017872000 0.017195000
v -0.014639000 0.008579000 0.016748000
v -0.014632000 -0.007558000 0.016748000
v -0.014438000 0.011507000 0.016751000
v -0.008935000 -0.017521000 0.017183000
v -0.014615000 0.003634000 0.016552000
v -0.002427000 -0.017925000 0.016943000
v -0.014090000 0.012800000 0.016563000
v -0.013161000 0.014733000 0.016683000
v -0.010879000 0.016608000 0.016806000
v -0.011766000 -0.016168000 0.016912000
v -0.013004000 -0.015109000 0.016684000
v -0.013845000 -0.013274000 0.016563000
v -0.002158000 0.018018000 0.016802000
v -0.014613000 0.007514000 0.016553000
v -0.005506000 -0.017923000 0.016943000
v -0.014550000 0.009977000 0.016553000
v -0.007539000 -0.017841000 0.016943000
v -0.004929000 0.018012000 0.016802000
v -0.014519000 -0.009423000 0.016552000
v -0.007334000 0.017849000 0.016811000
v -0.014612000 -0.006357000 0.016553000
v -0.003809000 0.017085000 0.017595000
v -0.003683000 0.015999000 0.018596000
v -0.005778000 0.016966000 0.018596000
v -0.005642000 0.015963000 0.017589000
v -0.008967000 0.016410000 0.018622000
v -0.012152000 0.014776000 0.017658000
v -0.011293000 0.014432000 0.018488000
v -0.009002000 0.016484000 0.017565000
v -0.010483000 0.015237000 0.018628000
v -0.007132000 0.016310000 0.017616000
v -0.002081000 0.016439000 0.018566000
v -0.010506000 0.015260000 0.017554000
v -0.012109000 0.014345000 0.018089000
v -0.004768000 0.016434000 0.018566000
v -0.004769000 0.016461000 0.017619000
v -0.002081000 0.016465000 0.017620000
v -0.007121000 0.016285000 0.018570000
v -0.010474000 -0.012784000 0.021998000
v -0.009361000 0.013914000 0.022004000
v -0.014611000 0.003634000 0.018740000
v -0.012648000 -0.002498000 0.014993000
v -0.014136000 -0.002564000 0.020391000
v -0.004827000 -0.003106000 0.022109000
v -0.007213000 0.004243000 0.014192000
v -0.013393000 -0.002591000 0.021375000
v -0.012350000 -0.002640000 0.021935000
v -0.013184000 -0.002606000 0.021440000
v -0.013101000 -0.002631000 0.021453000
v -0.009759000 -0.002912000 0.022083000
v -0.009073000 -0.002725000 0.014457000
v -0.014704000 -0.002557000 0.017387000
v -0.014331000 -0.002538000 0.015992000
v -0.014615000 -0.002557000 0.016552000
v -0.014711000 0.000536000 0.017051000
v -0.014550000 0.000536000 0.016327000
v -0.014664000 0.000536000 0.018056000
v -0.002354000 0.000648000 0.022109000
v -0.011050000 0.000563000 0.014646000
v -0.007437000 0.000632000 0.022106000
v -0.013227000 0.000571000 0.021486000
v -0.013750000 0.000554000 0.020964000
v -0.005499000 -0.005848000 0.013826000
v -0.011396000 0.000599000 0.022026000
v -0.014379000 0.000537000 0.019842000
v -0.008306000 0.000576000 0.014362000
v -0.013789000 0.000532000 0.015497000
v -0.003070000 -0.005841000 0.013426000
v -0.005771000 -0.002948000 0.013426000
v -0.002983000 0.006782000 0.013425000
v -0.005684000 0.004000000 0.013425000
v -0.003462000 0.000543000 0.013174000
v -0.007262000 0.000550000 0.013806000
v -0.005346000 0.006837000 0.013825000
v -0.009403000 0.013263000 0.014746000
v -0.010255000 0.012080000 0.014713000
v -0.010661000 0.010728000 0.014700000
v -0.008055000 0.014018000 0.014757000
v -0.008151000 -0.013634000 0.014777000
v -0.009344000 -0.013275000 0.014778000
v -0.010241000 -0.011979000 0.014726000
v -0.010739000 -0.010110000 0.014702000
v -0.006367000 -0.016708000 0.017723000
v -0.008920000 -0.016388000 0.017688000
v -0.004345000 -0.016672000 0.018465000
v -0.008662000 -0.016448000 0.018481000
v -0.012596000 -0.015288000 0.017686000
v -0.004359000 -0.017485000 0.017643000
v -0.006329000 -0.017337000 0.018552000
v -0.012416000 -0.015286000 0.018464000
v -0.007463000 -0.016985000 0.018509000
v -0.002422000 -0.017060000 0.018507000
v -0.010525000 -0.016152000 0.017596000
v -0.002426000 -0.017156000 0.017683000
v -0.007532000 -0.017066000 0.017676000
v -0.012304000 -0.015181000 0.018080000
v -0.005473000 -0.017058000 0.018507000
v -0.011597000 -0.015498000 0.018594000
v -0.005502000 -0.017154000 0.017683000
v -0.014379000 -0.004979000 0.019842000
v -0.014564000 0.006087000 0.019132000
v -0.004341000 -0.017603000 0.018773000
v -0.003870000 0.017678000 0.019658000
v -0.005847000 0.017641000 0.019657000
v -0.006266000 -0.017566000 0.019618000
v -0.014363000 0.008569000 0.019843000
v -0.014357000 -0.007541000 0.019842000
v -0.014161000 0.011436000 0.019846000
v -0.013684000 0.013643000 0.019097000
v -0.012492000 0.014933000 0.018936000
v -0.009093000 0.017012000 0.018868000
v -0.008595000 -0.017374000 0.019620000
v -0.012439000 -0.015460000 0.018838000
v -0.013340000 -0.014364000 0.019098000
v -0.014247000 -0.011504000 0.019133000
v -0.014564000 0.000536000 0.019132000
v -0.014500000 -0.002557000 0.019418000
v -0.002158000 0.017704000 0.019153000
v -0.013749000 -0.013195000 0.019416000
v -0.012853000 -0.015012000 0.019323000
v -0.011528000 -0.016044000 0.019130000
v -0.010840000 0.016168000 0.019185000
v -0.013112000 0.014388000 0.019315000
v -0.013975000 0.012724000 0.019418000
v -0.014497000 -0.006356000 0.019418000
v -0.007281000 0.017538000 0.019155000
v -0.014406000 -0.009399000 0.019419000
v -0.004923000 0.017699000 0.019154000
v -0.002419000 -0.017609000 0.019086000
v -0.007446000 -0.017534000 0.019087000
v -0.014500000 0.003634000 0.019418000
v -0.014435000 0.009962000 0.019420000
v -0.014498000 0.007514000 0.019418000
v -0.005454000 -0.017607000 0.019086000
v -0.014655000 0.006088000 0.016748000
v -0.004359000 -0.017891000 0.017196000
v -0.013753000 0.013796000 0.016805000
v -0.012484000 0.015374000 0.016998000
v -0.009155000 0.017349000 0.017075000
v -0.012534000 -0.015651000 0.017114000
v -0.013406000 -0.014462000 0.016800000
v -0.014330000 -0.011544000 0.016749000
v -0.014711000 -0.004977000 0.017051000
v -0.003876000 0.017865000 0.017421000
v -0.005873000 0.017826000 0.017421000
v -0.006376000 -0.017774000 0.017519000
v -0.014695000 0.008580000 0.017052000
v -0.014687000 -0.007560000 0.017052000
v -0.014494000 0.011512000 0.017055000
v -0.009071000 -0.017337000 0.017496000
v -0.014655000 0.000536000 0.016748000
v -0.014690000 -0.002557000 0.016907000
v -0.002158000 0.017934000 0.017283000
v -0.013922000 -0.013289000 0.016919000
v -0.013137000 -0.015039000 0.017052000
v -0.012497000 -0.015640000 0.017304000
v -0.011077000 0.016255000 0.017242000
v -0.013406000 0.014426000 0.017065000
v -0.014173000 0.012797000 0.016921000
v -0.002426000 -0.017840000 0.017393000
v -0.014690000 0.003634000 0.016907000
v -0.014688000 0.007515000 0.016908000
v -0.005504000 -0.017838000 0.017393000
v -0.014625000 0.009982000 0.016908000
v -0.007555000 -0.017742000 0.017387000
v -0.004928000 0.017928000 0.017282000
v -0.014594000 -0.009430000 0.016908000
v -0.007332000 0.017755000 0.017284000
v -0.014687000 -0.006358000 0.016908000
v -0.013094000 -0.014924000 0.018663000
v -0.010784000 -0.015013000 0.015146000
v -0.012228000 -0.015089000 0.020356000
v -0.011534000 -0.014539000 0.021359000
v -0.011340000 -0.014344000 0.021427000
v -0.010057000 -0.015381000 0.021451000
v -0.010411000 -0.014143000 0.021915000
v -0.012903000 -0.015285000 0.017612000
v -0.012030000 -0.015799000 0.016188000
v -0.012600000 -0.015607000 0.016850000
v -0.012349000 -0.015533000 0.019187000
v -0.012835000 -0.015396000 0.017237000
v -0.013002000 -0.015224000 0.017294000
v -0.012172000 -0.015559000 0.019724000
v -0.012885000 -0.015329000 0.016991000
v -0.012616000 -0.015493000 0.016519000
v -0.012988000 -0.015140000 0.018071000
v -0.010744000 -0.015041000 0.021471000
v -0.011232000 -0.015469000 0.020930000
v -0.012806000 -0.015175000 0.018937000
v -0.011763000 -0.015370000 0.015627000
v -0.012277000 -0.015478000 0.018681000
v -0.009149000 -0.015991000 0.015174000
v -0.010408000 -0.016601000 0.020281000
v -0.009489000 -0.016169000 0.021343000
v -0.009250000 -0.015993000 0.021421000
v -0.007872000 -0.016304000 0.021431000
v -0.008851000 -0.015415000 0.021911000
v -0.010735000 -0.016505000 0.017530000
v -0.010555000 -0.014858000 0.018439000
v -0.009818000 -0.015129000 0.017745000
v -0.009645000 -0.017173000 0.016231000
v -0.009557000 -0.015817000 0.018513000
v -0.011539000 -0.014981000 0.017562000
v -0.010000000 -0.017166000 0.016931000
v -0.012244000 -0.015265000 0.017541000
v -0.009881000 -0.016376000 0.018549000
v -0.009853000 -0.016928000 0.019103000
v -0.010606000 -0.016716000 0.017346000
v -0.012065000 -0.015851000 0.017431000
v -0.010303000 -0.016750000 0.019634000
v -0.011330000 -0.015858000 0.018617000
v -0.011937000 -0.015679000 0.017524000
v -0.011439000 -0.016314000 0.017147000
v -0.011439000 -0.015366000 0.017559000
v -0.010500000 -0.015762000 0.018562000
v -0.010691000 -0.016792000 0.016637000
v -0.010133000 -0.015256000 0.018568000
v -0.010254000 -0.014890000 0.018093000
v -0.010821000 -0.014974000 0.017583000
v -0.008752000 -0.016224000 0.021457000
v -0.009342000 -0.016643000 0.020904000
v -0.011331000 -0.016091000 0.018819000
v -0.010051000 -0.016578000 0.015691000
v 0.003928000 -0.016164000 0.021818000
v 0.003535000 0.016256000 0.021823000
v 0.005208000 0.016249000 0.021819000
v 0.005535000 -0.016151000 0.021814000
v 0.012760000 0.008484000 0.021813000
v 0.012775000 -0.007397000 0.021812000
v 0.011663000 -0.013017000 0.021810000
v 0.009408000 -0.015434000 0.021815000
v 0.007019000 -0.016113000 0.021804000
v 0.012639000 0.010462000 0.021802000
v 0.000001000 0.016259000 0.021824000
v 0.000001000 -0.016169000 0.021818000
v 0.012777000 0.000587000 0.021816000
v 0.010338000 -0.014673000 0.021813000
v 0.008333000 -0.015823000 0.021809000
v -0.003927000 -0.016164000 0.021818000
v -0.003533000 0.016256000 0.021823000
v -0.005206000 0.016249000 0.021819000
v -0.005533000 -0.016151000 0.021814000
v -0.012759000 0.008484000 0.021813000
v -0.012773000 -0.007397000 0.021812000
v -0.011661000 -0.013017000 0.021810000
v -0.009407000 -0.015434000 0.021815000
v -0.007017000 -0.016113000 0.021804000
v -0.012638000 0.010462000 0.021802000
v -0.012776000 0.000587000 0.021816000
v -0.010336000 -0.014673000 0.021813000
v -0.008331000 -0.015823000 0.021809000
v -0.008959000 -0.015761000 0.021681000
v -0.011089000 -0.014081000 0.021680000
v -0.012922000 0.003794000 0.021682000
v -0.002210000 -0.016322000 0.021680000
v -0.008409000 0.015936000 0.021675000
v -0.010832000 0.014359000 0.021690000
v -0.012439000 0.011785000 0.021679000
v -0.007735000 -0.016117000 0.021671000
v -0.009928000 -0.015220000 0.021685000
v -0.012357000 -0.011762000 0.021668000
v -0.012922000 -0.006436000 0.021681000
v -0.012897000 0.009344000 0.021672000
v -0.006088000 0.016382000 0.021674000
v -0.012892000 -0.008641000 0.021670000
v -0.004479000 0.016408000 0.021686000
v -0.012922000 0.007659000 0.021681000
v -0.012922000 -0.002609000 0.021682000
v -0.001971000 0.016408000 0.021686000
v -0.004889000 -0.016321000 0.021679000
v -0.006221000 -0.016308000 0.021672000
v 0.008960000 -0.015761000 0.021681000
v 0.011090000 -0.014081000 0.021680000
v 0.012924000 0.003794000 0.021682000
v 0.002211000 -0.016322000 0.021680000
v 0.008411000 0.015936000 0.021675000
v 0.010834000 0.014359000 0.021690000
v 0.012440000 0.011785000 0.021679000
v 0.007737000 -0.016117000 0.021671000
v 0.009930000 -0.015220000 0.021685000
v 0.012358000 -0.011762000 0.021668000
v 0.012924000 -0.006436000 0.021681000
v 0.012899000 0.009344000 0.021672000
v 0.006089000 0.016382000 0.021674000
v 0.012893000 -0.008641000 0.021670000
v 0.004481000 0.016408000 0.021686000
v 0.012924000 0.007659000 0.021681000
v 0.012924000 -0.002609000 0.021682000
v 0.001972000 0.016408000 0.021686000
v 0.004891000 -0.016321000 0.021679000
v 0.006222000 -0.016308000 0.021672000
v 0.006052000 -0.014640000 0.022027000
v 0.005426000 -0.017580000 0.019618000
v 0.014379000 0.007515000 0.019842000
v 0.014663000 0.007514000 0.018056000
v 0.007471000 -0.015815000 0.018506000
v 0.013713000 0.009732000 0.020960000
v 0.007064000 0.010732000 0.022103000
v 0.011272000 -0.008940000 0.014744000
v 0.014316000 0.009945000 0.019844000
v 0.013780000 0.003574000 0.015497000
v 0.007846000 0.004112000 0.014364000
v 0.014566000 0.003634000 0.019132000
v 0.011388000 0.003954000 0.022026000
v 0.010233000 0.007987000 0.014648000
v 0.007402000 -0.017513000 0.019618000
v 0.002422000 -0.017603000 0.018773000
v 0.002256000 0.011081000 0.022106000
v 0.002509000 -0.017193000 0.015658000
v 0.006870000 -0.003061000 0.013812000
v 0.002252000 -0.014918000 0.022029000
v 0.010254000 0.013007000 0.014780000
v 0.013752000 -0.002578000 0.020964000
v 0.013751000 0.007562000 0.020963000
v 0.013218000 0.009524000 0.021477000
v 0.002056000 0.017189000 0.020913000
v 0.005149000 -0.017099000 0.020906000
v 0.013229000 0.003744000 0.021486000
v 0.014600000 0.009977000 0.018057000
v 0.002202000 -0.016610000 0.021464000
v 0.013229000 -0.006411000 0.021485000
v 0.002424000 -0.015880000 0.018504000
v 0.004477000 0.016691000 0.021470000
v 0.006310000 0.016676000 0.021461000
v 0.013215000 -0.008826000 0.021474000
v 0.004903000 -0.016611000 0.021463000
v 0.008824000 -0.014833000 0.021967000
v 0.013699000 -0.009095000 0.020958000
v 0.004695000 0.017187000 0.020912000
v 0.007063000 0.015849000 0.018599000
v 0.004915000 0.017673000 0.019658000
v 0.006275000 -0.012806000 0.014704000
v 0.006670000 0.009041000 0.014392000
v 0.007424000 0.004277000 0.022106000
v 0.010804000 0.003707000 0.014646000
v 0.011150000 0.009036000 0.022025000
v 0.014569000 -0.009423000 0.018056000
v 0.014289000 -0.009374000 0.019843000
v 0.005864000 0.013614000 0.014698000
v 0.007699000 0.015201000 0.021984000
v 0.013229000 0.007613000 0.021485000
v 0.006775000 0.017111000 0.020907000
v 0.002056000 0.015052000 0.022032000
v 0.005587000 0.014869000 0.022030000
v 0.002046000 0.016002000 0.017589000
v 0.007250000 0.017525000 0.019658000
v 0.011327000 -0.007981000 0.022025000
v 0.006935000 -0.007746000 0.014393000
v 0.006454000 -0.016608000 0.021453000
v 0.013751000 -0.006382000 0.020963000
v 0.006916000 -0.017065000 0.020901000
v 0.002338000 -0.010370000 0.022106000
v 0.010366000 -0.006728000 0.014648000
v 0.014662000 -0.006358000 0.018056000
v 0.014378000 -0.006357000 0.019842000
v 0.007307000 -0.009940000 0.022103000
v 0.013309000 0.012454000 0.015506000
v 0.012164000 0.014623000 0.015545000
v 0.010138000 0.016405000 0.015580000
v 0.010605000 -0.016254000 0.015676000
v 0.012126000 -0.014859000 0.015569000
v 0.013101000 -0.012851000 0.015507000
v 0.014047000 0.012736000 0.019131000
v 0.013288000 0.014251000 0.019018000
v 0.010975000 0.016004000 0.018893000
v 0.012057000 -0.015679000 0.018830000
v 0.013018000 -0.014935000 0.019024000
v 0.013815000 -0.013215000 0.019129000
v 0.009569000 0.016434000 0.020910000
v 0.011842000 0.014722000 0.020942000
v 0.013248000 0.012389000 0.020962000
v 0.010149000 -0.016222000 0.020916000
v 0.011986000 -0.014691000 0.020949000
v 0.013105000 -0.012616000 0.020956000
v 0.009327000 -0.016020000 0.021464000
v 0.011399000 -0.014385000 0.021471000
v 0.012671000 -0.012122000 0.021467000
v 0.012253000 -0.011662000 0.021803000
v 0.009839000 -0.015124000 0.021816000
v 0.007723000 -0.015979000 0.021807000
v 0.012769000 0.012078000 0.021477000
v 0.011197000 0.014538000 0.021478000
v 0.008821000 0.016160000 0.021461000
v 0.003106000 -0.008517000 0.014365000
v 0.002647000 0.013636000 0.014695000
v 0.001958000 0.016691000 0.021471000
v 0.002303000 -0.017099000 0.020907000
v 0.002158000 0.017679000 0.018855000
v 0.002260000 0.017323000 0.015566000
v 0.002352000 0.004407000 0.022109000
v 0.002971000 0.009646000 0.014363000
v 0.002841000 -0.012878000 0.014701000
v 0.004698000 0.015997000 0.017588000
v 0.013906000 -0.013261000 0.018059000
v 0.013150000 -0.014950000 0.018067000
v 0.011181000 -0.014825000 0.017587000
v 0.004698000 0.015994000 0.018596000
v 0.013494000 0.014170000 0.018071000
v 0.014151000 0.012768000 0.018061000
v 0.014709000 -0.006358000 0.017051000
v 0.007326000 0.017685000 0.017419000
v 0.014615000 -0.009432000 0.017052000
v 0.004925000 0.017860000 0.017420000
v 0.007557000 -0.017692000 0.017513000
v 0.014647000 0.009983000 0.017053000
v 0.002428000 -0.015882000 0.017682000
v 0.014665000 0.003634000 0.018056000
v 0.005505000 -0.017790000 0.017520000
v 0.014710000 0.007515000 0.017052000
v 0.005494000 -0.015526000 0.018093000
v 0.007516000 -0.015460000 0.018094000
v 0.010643000 -0.014746000 0.018093000
v 0.002426000 -0.015528000 0.018093000
v 0.007521000 -0.015808000 0.017680000
v 0.011232000 -0.014803000 0.018093000
v 0.005478000 -0.015877000 0.018504000
v 0.009494000 -0.015501000 0.018538000
v 0.005505000 -0.015880000 0.017682000
v 0.013755000 0.007397000 0.015497000
v 0.005634000 -0.017189000 0.015659000
v 0.013729000 0.009774000 0.015501000
v 0.007480000 -0.017170000 0.015667000
v 0.005098000 0.017319000 0.015567000
v 0.013707000 -0.009194000 0.015501000
v 0.007279000 0.017219000 0.015575000
v 0.013759000 -0.006246000 0.015497000
v 0.002163000 0.017987000 0.016481000
v 0.013786000 -0.013248000 0.016336000
v 0.012890000 -0.015138000 0.016439000
v 0.011473000 -0.016348000 0.016632000
v 0.010682000 0.016766000 0.016498000
v 0.012941000 0.014890000 0.016419000
v 0.014024000 0.012784000 0.016336000
v 0.002431000 -0.017894000 0.016638000
v 0.014552000 0.003631000 0.016327000
v 0.005503000 -0.016723000 0.017724000
v 0.009669000 -0.016142000 0.018516000
v 0.005475000 -0.016669000 0.018465000
v 0.011969000 -0.015078000 0.018085000
v 0.007520000 -0.016642000 0.017718000
v 0.002428000 -0.016725000 0.017724000
v 0.011912000 -0.015135000 0.017553000
v 0.002423000 -0.016672000 0.018465000
v 0.007455000 -0.016603000 0.018467000
v 0.004628000 0.015638000 0.018092000
v 0.007018000 0.015492000 0.018092000
v 0.002010000 0.015643000 0.018092000
v 0.010060000 0.014717000 0.018093000
v 0.011653000 0.014235000 0.018092000
v 0.010265000 0.014964000 0.017554000
v 0.002046000 0.015999000 0.018596000
v 0.007070000 0.015852000 0.017586000
v 0.010252000 0.014961000 0.018630000
v 0.014656000 0.003634000 0.016748000
v 0.002428000 -0.017891000 0.017197000
v 0.014136000 0.012799000 0.016760000
v 0.013312000 0.014564000 0.016899000
v 0.011006000 0.016418000 0.017055000
v 0.012152000 -0.015894000 0.017135000
v 0.013082000 -0.015070000 0.016889000
v 0.013887000 -0.013283000 0.016759000
v 0.002159000 0.017985000 0.017072000
v 0.014550000 0.007508000 0.016328000
v 0.005512000 -0.017892000 0.016638000
v 0.014487000 0.009966000 0.016328000
v 0.007530000 -0.017816000 0.016642000
v 0.004937000 0.017981000 0.016481000
v 0.014457000 -0.009410000 0.016327000
v 0.007325000 0.017828000 0.016491000
v 0.014549000 -0.006351000 0.016328000
v 0.010753000 0.015559000 0.018648000
v 0.007219000 0.016919000 0.017591000
v 0.002119000 0.017004000 0.018595000
v 0.010801000 0.015626000 0.017531000
v 0.012595000 0.014449000 0.018083000
v 0.004843000 0.016999000 0.018596000
v 0.004845000 0.017080000 0.017595000
v 0.002120000 0.017085000 0.017596000
v 0.007199000 0.016840000 0.018599000
v 0.011698000 -0.010756000 0.021977000
v 0.011171000 0.012049000 0.021975000
v 0.014656000 -0.002557000 0.016748000
v 0.014552000 -0.002555000 0.016327000
v 0.014665000 -0.002557000 0.018056000
v 0.002355000 -0.003135000 0.022109000
v 0.010856000 -0.002567000 0.014646000
v 0.007434000 -0.003032000 0.022106000
v 0.013229000 -0.002598000 0.021486000
v 0.013752000 0.003689000 0.020964000
v 0.003065000 -0.007195000 0.013812000
v 0.011395000 -0.002761000 0.022026000
v 0.014566000 -0.002557000 0.019132000
v 0.007952000 -0.002961000 0.014364000
v 0.013782000 -0.002504000 0.015497000
v 0.003274000 0.004124000 0.013223000
v 0.003326000 -0.003092000 0.013224000
v 0.006765000 0.004126000 0.013811000
v 0.002959000 0.008104000 0.013810000
v 0.008999000 0.014176000 0.014810000
v 0.010961000 0.011581000 0.014751000
v 0.011179000 0.009815000 0.014743000
v 0.007227000 0.014664000 0.014809000
v 0.007471000 -0.014161000 0.014820000
v 0.009055000 -0.014516000 0.014882000
v 0.010291000 -0.013562000 0.014847000
v 0.010938000 -0.011380000 0.014754000
v 0.007481000 -0.017269000 0.018553000
v 0.002423000 -0.017354000 0.018551000
v 0.012497000 -0.015364000 0.017526000
v 0.002428000 -0.017485000 0.017643000
v 0.007545000 -0.017389000 0.017635000
v 0.012570000 -0.015251000 0.018076000
v 0.005475000 -0.017352000 0.018551000
v 0.010213000 -0.016456000 0.018588000
v 0.005504000 -0.017483000 0.017643000
v 0.014380000 -0.002558000 0.019842000
v 0.002155000 0.017678000 0.019658000
v 0.013638000 -0.013137000 0.019842000
v 0.012729000 -0.014966000 0.019784000
v 0.011234000 -0.016200000 0.019651000
v 0.010584000 0.016391000 0.019677000
v 0.012813000 0.014599000 0.019769000
v 0.013846000 0.012696000 0.019844000
v 0.014563000 -0.006357000 0.019132000
v 0.007287000 0.017506000 0.018857000
v 0.014471000 -0.009408000 0.019132000
v 0.004921000 0.017673000 0.018855000
v 0.002412000 -0.017582000 0.019618000
v 0.007475000 -0.017518000 0.018775000
v 0.014380000 0.003636000 0.019842000
v 0.014500000 0.009967000 0.019133000
v 0.014564000 0.007514000 0.019132000
v 0.005468000 -0.017601000 0.018773000
v 0.014712000 -0.002557000 0.017051000
v 0.002158000 0.017865000 0.017421000
v 0.013945000 -0.013292000 0.017062000
v 0.013172000 -0.015016000 0.017192000
v 0.012659000 -0.015504000 0.017416000
v 0.011113000 0.016126000 0.017367000
v 0.013467000 0.014330000 0.017205000
v 0.014197000 0.012795000 0.017065000
v 0.002428000 -0.017792000 0.017521000
v 0.014712000 0.003634000 0.017051000
v 0.014655000 0.007514000 0.016748000
v 0.005507000 -0.017889000 0.017196000
v 0.014591000 0.009980000 0.016748000
v 0.007550000 -0.017800000 0.017192000
v 0.004930000 0.017979000 0.017072000
v 0.014560000 -0.009427000 0.016748000
v 0.007337000 0.017810000 0.017078000
v 0.014654000 -0.006358000 0.016748000
v 0.012892000 -0.015335000 0.017370000
v 0.012132000 -0.015585000 0.019694000
v 0.012740000 -0.015488000 0.017068000
v 0.012399000 -0.015732000 0.016579000
v 0.012880000 -0.015235000 0.018074000
v 0.010955000 -0.014020000 0.021813000
v 0.010264000 -0.015477000 0.021470000
v 0.011047000 -0.015626000 0.020932000
v 0.012665000 -0.015302000 0.018872000
v 0.011437000 -0.015679000 0.015647000
v 0.010739000 -0.016592000 0.017463000
v 0.009683000 -0.017011000 0.019628000
v 0.012042000 -0.015469000 0.018616000
v 0.010659000 -0.016365000 0.017568000
v 0.010312000 -0.016943000 0.017165000
v 0.010352000 -0.015873000 0.017624000
v 0.011230000 -0.015408000 0.018581000
v 0.009811000 -0.017258000 0.016641000
v 0.010684000 -0.015027000 0.018575000
v 0.009636000 -0.015118000 0.018093000
v 0.009993000 -0.015298000 0.017623000
v 0.008904000 -0.015644000 0.021814000
v 0.008142000 -0.016408000 0.021451000
v 0.008877000 -0.016753000 0.020902000
v 0.010218000 -0.016693000 0.018800000
v 0.009398000 -0.016838000 0.015678000
v -0.006050000 -0.014640000 0.022027000
v -0.005425000 -0.017580000 0.019618000
v -0.014377000 0.007515000 0.019842000
v -0.014662000 0.007514000 0.018056000
v -0.007469000 -0.015815000 0.018506000
v -0.013712000 0.009732000 0.020960000
v -0.007062000 0.010732000 0.022103000
v -0.011271000 -0.008940000 0.014744000
v -0.014314000 0.009945000 0.019844000
v -0.013778000 0.003574000 0.015497000
v -0.007844000 0.004112000 0.014364000
v -0.014564000 0.003634000 0.019132000
v -0.011386000 0.003954000 0.022026000
v -0.010231000 0.007987000 0.014648000
v -0.007395000 -0.017517000 0.019618000
v -0.002421000 -0.017603000 0.018773000
v -0.002254000 0.011081000 0.022106000
v -0.002508000 -0.017193000 0.015658000
v -0.006868000 -0.003061000 0.013812000
v -0.002251000 -0.014918000 0.022029000
v -0.010253000 0.013007000 0.014780000
v -0.013750000 -0.002578000 0.020964000
v -0.013749000 0.007562000 0.020963000
v -0.013216000 0.009524000 0.021477000
v -0.002055000 0.017189000 0.020913000
v -0.005147000 -0.017099000 0.020906000
v -0.013227000 0.003744000 0.021486000
v -0.014598000 0.009977000 0.018057000
v -0.002200000 -0.016610000 0.021464000
v -0.013228000 -0.006411000 0.021485000
v -0.002422000 -0.015880000 0.018504000
v -0.004476000 0.016691000 0.021470000
v -0.006309000 0.016676000 0.021461000
v -0.013213000 -0.008826000 0.021474000
v -0.004902000 -0.016611000 0.021463000
v -0.008822000 -0.014833000 0.021967000
v -0.013698000 -0.009095000 0.020958000
v -0.004694000 0.017187000 0.020912000
v -0.007062000 0.015849000 0.018599000
v -0.004913000 0.017673000 0.019658000
v -0.006274000 -0.012806000 0.014704000
v -0.006668000 0.009041000 0.014392000
v -0.007423000 0.004277000 0.022106000
v -0.010803000 0.003707000 0.014646000
v -0.011148000 0.009036000 0.022025000
v -0.014568000 -0.009423000 0.018056000
v -0.014288000 -0.009374000 0.019843000
v -0.005863000 0.013614000 0.014698000
v -0.007698000 0.015201000 0.021984000
v -0.013228000 0.007613000 0.021485000
v -0.006774000 0.017111000 0.020907000
v -0.002055000 0.015052000 0.022032000
v -0.005585000 0.014869000 0.022030000
v -0.002045000 0.016002000 0.017589000
v -0.007248000 0.017525000 0.019658000
v -0.011325000 -0.007981000 0.022025000
v -0.006933000 -0.007746000 0.014393000
v -0.006452000 -0.016609000 0.021453000
v -0.013749000 -0.006382000 0.020963000
v -0.006908000 -0.017068000 0.020900000
v -0.002336000 -0.010370000 0.022106000
v -0.010364000 -0.006728000 0.014648000
v -0.014661000 -0.006358000 0.018056000
v -0.014376000 -0.006357000 0.019842000
v -0.007305000 -0.009940000 0.022103000
v -0.013307000 0.012454000 0.015506000
v -0.012163000 0.014623000 0.015545000
v -0.010136000 0.016405000 0.015580000
v -0.010604000 -0.016254000 0.015676000
v -0.012124000 -0.014859000 0.015569000
v -0.013100000 -0.012851000 0.015507000
v -0.014046000 0.012735000 0.019131000
v -0.013286000 0.014251000 0.019018000
v -0.010973000 0.016004000 0.018893000
v -0.012043000 -0.015688000 0.018830000
v -0.013010000 -0.014941000 0.019024000
v -0.013813000 -0.013216000 0.019129000
v -0.009567000 0.016434000 0.020910000
v -0.011841000 0.014722000 0.020942000
v -0.013246000 0.012389000 0.020962000
v -0.009880000 -0.016443000 0.020908000
v -0.011841000 -0.014837000 0.020943000
v -0.013097000 -0.012623000 0.020956000
v -0.009314000 -0.016030000 0.021463000
v -0.011391000 -0.014392000 0.021471000
v -0.012669000 -0.012122000 0.021467000
v -0.012252000 -0.011662000 0.021803000
v -0.009837000 -0.015124000 0.021816000
v -0.007722000 -0.015979000 0.021807000
v -0.012767000 0.012078000 0.021477000
v -0.011195000 0.014538000 0.021478000
v -0.008820000 0.016160000 0.021461000
v -0.003105000 -0.008517000 0.014365000
v -0.002646000 0.013636000 0.014695000
v -0.001957000 0.016691000 0.021471000
v -0.002302000 -0.017099000 0.020907000
v -0.002156000 0.017679000 0.018855000
v -0.002259000 0.017323000 0.015566000
v -0.002350000 0.004407000 0.022109000
v -0.002970000 0.009646000 0.014363000
v -0.002840000 -0.012878000 0.014701000
v -0.004697000 0.015997000 0.017588000
v -0.013905000 -0.013261000 0.018059000
v -0.013149000 -0.014950000 0.018067000
v -0.011180000 -0.014825000 0.017587000
v -0.004696000 0.015994000 0.018596000
v -0.013493000 0.014170000 0.018071000
v -0.014150000 0.012768000 0.018061000
v -0.014708000 -0.006358000 0.017051000
v -0.007324000 0.017685000 0.017419000
v -0.014614000 -0.009432000 0.017052000
v -0.004924000 0.017860000 0.017420000
v -0.007556000 -0.017692000 0.017513000
v -0.014645000 0.009983000 0.017053000
v -0.002426000 -0.015882000 0.017682000
v -0.014664000 0.003634000 0.018056000
v -0.005504000 -0.017790000 0.017520000
v -0.014709000 0.007515000 0.017052000
v -0.005493000 -0.015526000 0.018093000
v -0.007514000 -0.015460000 0.018094000
v -0.010641000 -0.014746000 0.018093000
v -0.002424000 -0.015528000 0.018093000
v -0.007519000 -0.015808000 0.017680000
v -0.011231000 -0.014803000 0.018093000
v -0.005477000 -0.015877000 0.018504000
v -0.009492000 -0.015501000 0.018538000
v -0.005503000 -0.015880000 0.017682000
v -0.013753000 0.007397000 0.015497000
v -0.005633000 -0.017189000 0.015659000
v -0.013727000 0.009774000 0.015501000
v -0.007479000 -0.017170000 0.015667000
v -0.005096000 0.017319000 0.015567000
v -0.013706000 -0.009194000 0.015501000
v -0.007277000 0.017219000 0.015575000
v -0.013758000 -0.006246000 0.015497000
v -0.002162000 0.017987000 0.016481000
v -0.013784000 -0.013248000 0.016336000
v -0.012889000 -0.015138000 0.016439000
v -0.011472000 -0.016348000 0.016632000
v -0.010680000 0.016766000 0.016498000
v -0.012940000 0.014890000 0.016419000
v -0.014022000 0.012784000 0.016336000
v -0.002430000 -0.017894000 0.016638000
v -0.014550000 0.003631000 0.016327000
v -0.005501000 -0.016723000 0.017724000
v -0.009668000 -0.016142000 0.018516000
v -0.005473000 -0.016669000 0.018465000
v -0.011967000 -0.015078000 0.018085000
v -0.007518000 -0.016642000 0.017718000
v -0.002426000 -0.016725000 0.017724000
v -0.011910000 -0.015135000 0.017553000
v -0.002422000 -0.016672000 0.018465000
v -0.007453000 -0.016603000 0.018467000
v -0.004627000 0.015638000 0.018092000
v -0.007017000 0.015492000 0.018092000
v -0.002009000 0.015643000 0.018092000
v -0.010059000 0.014717000 0.018093000
v -0.011651000 0.014235000 0.018092000
v -0.010263000 0.014964000 0.017554000
v -0.002045000 0.015999000 0.018596000
v -0.007068000 0.015852000 0.017586000
v -0.010251000 0.014961000 0.018630000
v -0.014655000 0.003634000 0.016748000
v -0.002427000 -0.017891000 0.017197000
v -0.014135000 0.012799000 0.016760000
v -0.013310000 0.014564000 0.016899000
v -0.011005000 0.016418000 0.017055000
v -0.012150000 -0.015894000 0.017135000
v -0.013080000 -0.015070000 0.016889000
v -0.013886000 -0.013283000 0.016759000
v -0.002158000 0.017985000 0.017072000
v -0.014548000 0.007508000 0.016328000
v -0.005511000 -0.017892000 0.016638000
v -0.014486000 0.009966000 0.016328000
v -0.007529000 -0.017816000 0.016642000
v -0.004935000 0.017981000 0.016481000
v -0.014455000 -0.009410000 0.016327000
v -0.007323000 0.017828000 0.016491000
v -0.014548000 -0.006351000 0.016328000
v -0.010752000 0.015559000 0.018648000
v -0.007217000 0.016919000 0.017591000
v -0.002118000 0.017004000 0.018595000
v -0.010799000 0.015626000 0.017531000
v -0.012594000 0.014449000 0.018083000
v -0.004841000 0.016999000 0.018596000
v -0.004843000 0.017080000 0.017595000
v -0.002118000 0.017085000 0.017596000
v -0.007198000 0.016840000 0.018599000
v -0.011697000 -0.010756000 0.021977000
v -0.011169000 0.012049000 0.021975000
v -0.014655000 -0.002557000 0.016748000
v -0.014550000 -0.002555000 0.016327000
v -0.014664000 -0.002557000 0.018056000
v -0.002354000 -0.003135000 0.022109000
v -0.010854000 -0.002567000 0.014646000
v -0.007433000 -0.003032000 0.022106000
v -0.013227000 -0.002598000 0.021486000
v -0.013750000 0.003689000 0.020964000
v -0.003063000 -0.007195000 0.013812000
v -0.011393000 -0.002761000 0.022026000
v -0.014564000 -0.002557000 0.019132000
v -0.007950000 -0.002961000 0.014364000
v -0.013780000 -0.002504000 0.015497000
v -0.003273000 0.004124000 0.013223000
v -0.003325000 -0.003092000 0.013224000
v -0.006763000 0.004126000 0.013811000
v -0.002958000 0.008104000 0.013810000
v -0.008997000 0.014176000 0.014810000
v -0.010959000 0.011581000 0.014751000
v -0.011178000 0.009815000 0.014743000
v -0.007225000 0.014664000 0.014809000
v -0.007470000 -0.014161000 0.014820000
v -0.009053000 -0.014516000 0.014882000
v -0.010289000 -0.013562000 0.014847000
v -0.010936000 -0.011380000 0.014754000
v -0.007479000 -0.017269000 0.018553000
v -0.002422000 -0.017354000 0.018551000
v -0.012495000 -0.015364000 0.017526000
v -0.002426000 -0.017485000 0.017643000
v -0.007544000 -0.017389000 0.017635000
v -0.012569000 -0.015251000 0.018076000
v -0.005473000 -0.017352000 0.018551000
v -0.010211000 -0.016456000 0.018588000
v -0.005502000 -0.017483000 0.017643000
v -0.014379000 -0.002558000 0.019842000
v -0.002153000 0.017678000 0.019658000
v -0.013631000 -0.013143000 0.019842000
v -0.012584000 -0.015111000 0.019778000
v -0.010966000 -0.016420000 0.019643000
v -0.010583000 0.016391000 0.019677000
v -0.012811000 0.014599000 0.019769000
v -0.013844000 0.012696000 0.019844000
v -0.014561000 -0.006357000 0.019132000
v -0.007285000 0.017506000 0.018857000
v -0.014470000 -0.009408000 0.019132000
v -0.004920000 0.017673000 0.018855000
v -0.002411000 -0.017582000 0.019618000
v -0.007473000 -0.017518000 0.018775000
v -0.014379000 0.003636000 0.019842000
v -0.014499000 0.009967000 0.019133000
v -0.014562000 0.007514000 0.019132000
v -0.005466000 -0.017601000 0.018773000
v -0.014711000 -0.002557000 0.017051000
v -0.002156000 0.017865000 0.017421000
v -0.013943000 -0.013292000 0.017062000
v -0.013171000 -0.015016000 0.017192000
v -0.012658000 -0.015504000 0.017416000
v -0.011112000 0.016126000 0.017367000
v -0.013465000 0.014330000 0.017205000
v -0.014196000 0.012795000 0.017065000
v -0.002426000 -0.017792000 0.017521000
v -0.014711000 0.003634000 0.017051000
v -0.014653000 0.007514000 0.016748000
v -0.005505000 -0.017889000 0.017196000
v -0.014590000 0.009980000 0.016748000
v -0.007549000 -0.017800000 0.017192000
v -0.004929000 0.017979000 0.017072000
v -0.014559000 -0.009427000 0.016748000
v -0.007336000 0.017810000 0.017078000
v -0.014652000 -0.006358000 0.016748000
v -0.012890000 -0.015335000 0.017370000
v -0.011854000 -0.015864000 0.019683000
v -0.012739000 -0.015488000 0.017068000
v -0.012397000 -0.015732000 0.016579000
v -0.012878000 -0.015235000 0.018074000
v -0.010953000 -0.014020000 0.021813000
v -0.010250000 -0.015489000 0.021470000
v -0.010769000 -0.015905000 0.020920000
v -0.012652000 -0.015314000 0.018872000
v -0.011435000 -0.015679000 0.015647000
v -0.010738000 -0.016592000 0.017463000
v -0.009548000 -0.017095000 0.019626000
v -0.012041000 -0.015469000 0.018616000
v -0.010658000 -0.016365000 0.017568000
v -0.010310000 -0.016943000 0.017165000
v -0.010350000 -0.015873000 0.017624000
v -0.011228000 -0.015408000 0.018581000
v -0.009810000 -0.017258000 0.016641000
v -0.010683000 -0.015027000 0.018575000
v -0.009634000 -0.015118000 0.018093000
v -0.009991000 -0.015298000 0.017623000
v -0.008902000 -0.015644000 0.021814000
v -0.008135000 -0.016412000 0.021451000
v -0.008742000 -0.016838000 0.020900000
v -0.010211000 -0.016696000 0.018799000
v -0.009397000 -0.016838000 0.015678000
v -0.012775000 0.003775000 0.021816000
v -0.002196000 -0.016168000 0.021818000
v -0.008329000 0.015831000 0.021811000
v -0.010758000 0.014236000 0.021822000
v -0.012307000 0.011745000 0.021811000
v -0.012772000 -0.006456000 0.021815000
v -0.012744000 0.009386000 0.021806000
v -0.006102000 0.016240000 0.021811000
v -0.012759000 -0.008661000 0.021805000
v -0.004490000 0.016251000 0.021823000
v -0.012765000 0.007665000 0.021815000
v -0.012775000 -0.002599000 0.021816000
v -0.001959000 0.016259000 0.021824000
v -0.004901000 -0.016156000 0.021817000
v -0.006268000 -0.016151000 0.021809000
v 0.012777000 0.003775000 0.021816000
v 0.002197000 -0.016168000 0.021818000
v 0.008331000 0.015831000 0.021811000
v 0.010760000 0.014236000 0.021822000
v 0.012309000 0.011745000 0.021811000
v 0.012774000 -0.006456000 0.021815000
v 0.012746000 0.009386000 0.021806000
v 0.006104000 0.016240000 0.021811000
v 0.012761000 -0.008661000 0.021805000
v 0.004491000 0.016251000 0.021823000
v 0.012767000 0.007665000 0.021815000
v 0.012777000 -0.002599000 0.021816000
v 0.001961000 0.016259000 0.021824000
v 0.004903000 -0.016156000 0.021817000
v 0.006269000 -0.016151000 0.021809000
v 0.014638000 -0.001360000 0.018655000
v 0.014638000 -0.001464000 0.019200000
v 0.014638000 -0.001761000 0.019662000
v 0.014638000 -0.002205000 0.019971000
v 0.014638000 -0.008459000 0.019971000
v 0.014638000 -0.008903000 0.019662000
v 0.014638000 -0.009200000 0.019200000
v 0.014638000 -0.009304000 0.018655000
v 0.014638000 -0.009200000 0.018110000
v 0.014638000 -0.008903000 0.017648000
v 0.014638000 -0.008459000 0.017339000
v 0.014638000 -0.002205000 0.017339000
v 0.014638000 -0.001761000 0.017648000
v 0.014638000 -0.001464000 0.018110000
v 0.014871000 -0.001465000 0.018655000
v 0.014741000 -0.001360000 0.018655000
v 0.014833000 -0.001391000 0.018655000
v 0.014741000 -0.001464000 0.019200000
v 0.014871000 -0.001561000 0.019158000
v 0.014833000 -0.001492000 0.019188000
v 0.014741000 -0.001761000 0.019662000
v 0.014871000 -0.001836000 0.019585000
v 0.014833000 -0.001783000 0.019640000
v 0.014741000 -0.002205000 0.019971000
v 0.014871000 -0.002237000 0.019863000
v 0.014833000 -0.002215000 0.019940000
v 0.014741000 -0.008459000 0.019971000
v 0.014871000 -0.008427000 0.019863000
v 0.014833000 -0.008450000 0.019940000
v 0.014741000 -0.008903000 0.019662000
v 0.014871000 -0.008829000 0.019585000
v 0.014833000 -0.008881000 0.019640000
v 0.014741000 -0.009200000 0.019200000
v 0.014871000 -0.009103000 0.019158000
v 0.014833000 -0.009172000 0.019188000
v 0.014741000 -0.009304000 0.018655000
v 0.014871000 -0.009199000 0.018655000
v 0.014833000 -0.009274000 0.018655000
v 0.014741000 -0.009200000 0.018110000
v 0.014871000 -0.009103000 0.018152000
v 0.014833000 -0.009172000 0.018122000
v 0.014741000 -0.008903000 0.017648000
v 0.014871000 -0.008829000 0.017725000
v 0.014833000 -0.008881000 0.017671000
v 0.014741000 -0.008459000 0.017339000
v 0.014871000 -0.008427000 0.017447000
v 0.014833000 -0.008450000 0.017371000
v 0.014741000 -0.002205000 0.017339000
v 0.014871000 -0.002237000 0.017447000
v 0.014833000 -0.002215000 0.017371000
v 0.014741000 -0.001761000 0.017648000
v 0.014871000 -0.001836000 0.017725000
v 0.014833000 -0.001783000 0.017671000
v 0.014741000 -0.001464000 0.018110000
v 0.014871000 -0.001561000 0.018152000
v 0.014833000 -0.001492000 0.018122000
v 0.014504000 0.005845000 0.018556000
v 0.015150000 0.003816000 0.016447000
v 0.015150000 0.003459000 0.016899000
v 0.015150000 0.006404000 0.021482000
v 0.015150000 0.006943000 0.021312000
v 0.015150000 0.004251000 0.016076000
v 0.015150000 0.005845000 0.021539000
v 0.015150000 0.004747000 0.015800000
v 0.015150000 0.005285000 0.021482000
v 0.015150000 0.005285000 0.015631000
v 0.015150000 0.004747000 0.021312000
v 0.015150000 0.005845000 0.015573000
v 0.015150000 0.004251000 0.021036000
v 0.015150000 0.006404000 0.015631000
v 0.015150000 0.003816000 0.020665000
v 0.015150000 0.006943000 0.015800000
v 0.015150000 0.003459000 0.020213000
v 0.015150000 0.007439000 0.016076000
v 0.015150000 0.003194000 0.019698000
v 0.015150000 0.008659000 0.019138000
v 0.015150000 0.008714000 0.018556000
v 0.015150000 0.007873000 0.016447000
v 0.015150000 0.003031000 0.019138000
v 0.015150000 0.008495000 0.019698000
v 0.015150000 0.008230000 0.016899000
v 0.015150000 0.002976000 0.018556000
v 0.015150000 0.008230000 0.020213000
v 0.015150000 0.008495000 0.017415000
v 0.015150000 0.003031000 0.017974000
v 0.015150000 0.007873000 0.020665000
v 0.015150000 0.008659000 0.017974000
v 0.015150000 0.003194000 0.017415000
v 0.015150000 0.007439000 0.021036000
v 0.014617000 0.008604000 0.019127000
v 0.014617000 0.008658000 0.018556000
v 0.014617000 0.008444000 0.019676000
v 0.014617000 0.008184000 0.020181000
v 0.014617000 0.007834000 0.020625000
v 0.014617000 0.007408000 0.020989000
v 0.014617000 0.006921000 0.021259000
v 0.014617000 0.006394000 0.021425000
v 0.014617000 0.005845000 0.021482000
v 0.014617000 0.005296000 0.021425000
v 0.014617000 0.004768000 0.021259000
v 0.014617000 0.004282000 0.020989000
v 0.014617000 0.003855000 0.020625000
v 0.014617000 0.003505000 0.020181000
v 0.014617000 0.003245000 0.019676000
v 0.014617000 0.003085000 0.019127000
v 0.014617000 0.003031000 0.018556000
v 0.014617000 0.003085000 0.017985000
v 0.014617000 0.003245000 0.017437000
v 0.014617000 0.003505000 0.016931000
v 0.014617000 0.003855000 0.016488000
v 0.014617000 0.004282000 0.016124000
v 0.014617000 0.004768000 0.015853000
v 0.014617000 0.005296000 0.015687000
v 0.014617000 0.005845000 0.015631000
v 0.014617000 0.006394000 0.015687000
v 0.014617000 0.006921000 0.015853000
v 0.014617000 0.007408000 0.016124000
v 0.014617000 0.007834000 0.016488000
v 0.014617000 0.008184000 0.016931000
v 0.014617000 0.008444000 0.017437000
v 0.014617000 0.008604000 0.017985000
v 0.014504000 0.008224000 0.019048000
v 0.014504000 0.008271000 0.018556000
v 0.014504000 0.008086000 0.019522000
v 0.014504000 0.007862000 0.019958000
v 0.014504000 0.007560000 0.020340000
v 0.014504000 0.007193000 0.020654000
v 0.014504000 0.006773000 0.020887000
v 0.014504000 0.006318000 0.021030000
v 0.014504000 0.005845000 0.021079000
v 0.014504000 0.005371000 0.021030000
v 0.014504000 0.004916000 0.020887000
v 0.014504000 0.004497000 0.020654000
v 0.014504000 0.004129000 0.020340000
v 0.014504000 0.003827000 0.019958000
v 0.014504000 0.003603000 0.019522000
v 0.014504000 0.003465000 0.019048000
v 0.014504000 0.003419000 0.018556000
v 0.014504000 0.003465000 0.018064000
v 0.014504000 0.003603000 0.017591000
v 0.014504000 0.003827000 0.017155000
v 0.014504000 0.004129000 0.016772000
v 0.014504000 0.004497000 0.016459000
v 0.014504000 0.004916000 0.016225000
v 0.014504000 0.005371000 0.016082000
v 0.014504000 0.005845000 0.016033000
v 0.014504000 0.006318000 0.016082000
v 0.014504000 0.006773000 0.016225000
v 0.014504000 0.007193000 0.016459000
v 0.014504000 0.007560000 0.016772000
v 0.014504000 0.007862000 0.017155000
v 0.014504000 0.008086000 0.017591000
v 0.014504000 0.008224000 0.018064000
v 0.014504000 0.007588000 0.018917000
v 0.014504000 0.007622000 0.018556000
v 0.014504000 0.007487000 0.019263000
v 0.014504000 0.007322000 0.019583000
v 0.014504000 0.007101000 0.019863000
v 0.014504000 0.006832000 0.020092000
v 0.014504000 0.006525000 0.020263000
v 0.014504000 0.006191000 0.020368000
v 0.014504000 0.005845000 0.020404000
v 0.014504000 0.005498000 0.020368000
v 0.014504000 0.005165000 0.020263000
v 0.014504000 0.004858000 0.020092000
v 0.014504000 0.004588000 0.019863000
v 0.014504000 0.004367000 0.019583000
v 0.014504000 0.004203000 0.019263000
v 0.014504000 0.004102000 0.018917000
v 0.014504000 0.004068000 0.018556000
v 0.014504000 0.004102000 0.018196000
v 0.014504000 0.004203000 0.017849000
v 0.014504000 0.004367000 0.017530000
v 0.014504000 0.004588000 0.017250000
v 0.014504000 0.004858000 0.017020000
v 0.014504000 0.005165000 0.016849000
v 0.014504000 0.005498000 0.016744000
v 0.014504000 0.005845000 0.016708000
v 0.014504000 0.006191000 0.016744000
v 0.014504000 0.006525000 0.016849000
v 0.014504000 0.006832000 0.017020000
v 0.014504000 0.007101000 0.017250000
v 0.014504000 0.007322000 0.017530000
v 0.014504000 0.007487000 0.017849000
v 0.014504000 0.007588000 0.018196000
v 0.015625000 0.008518000 0.019109000
v 0.015625000 0.008571000 0.018556000
v 0.015625000 0.008363000 0.019641000
v 0.015625000 0.008111000 0.020131000
v 0.015625000 0.007772000 0.020560000
v 0.015625000 0.007359000 0.020913000
v 0.015625000 0.006888000 0.021175000
v 0.015625000 0.006377000 0.021336000
v 0.015625000 0.005845000 0.021390000
v 0.015625000 0.005313000 0.021336000
v 0.015625000 0.004802000 0.021175000
v 0.015625000 0.004330000 0.020913000
v 0.015625000 0.003917000 0.020560000
v 0.015625000 0.003578000 0.020131000
v 0.015625000 0.003326000 0.019641000
v 0.015625000 0.003171000 0.019109000
v 0.015625000 0.003119000 0.018556000
v 0.015625000 0.003171000 0.018003000
v 0.015625000 0.003326000 0.017472000
v 0.015625000 0.003578000 0.016982000
v 0.015625000 0.003917000 0.016552000
v 0.015625000 0.004330000 0.016200000
v 0.015625000 0.004802000 0.015938000
v 0.015625000 0.005313000 0.015776000
v 0.015625000 0.005845000 0.015722000
v 0.015625000 0.006377000 0.015776000
v 0.015625000 0.006888000 0.015938000
v 0.015625000 0.007359000 0.016200000
v 0.015625000 0.007772000 0.016552000
v 0.015625000 0.008111000 0.016982000
v 0.015625000 0.008363000 0.017472000
v 0.015625000 0.008518000 0.018003000
v 0.015814000 0.008235000 0.019050000
v 0.015814000 0.008281000 0.018556000
v 0.015814000 0.008096000 0.019526000
v 0.015814000 0.007871000 0.019964000
v 0.015814000 0.007568000 0.020348000
v 0.015814000 0.007199000 0.020663000
v 0.015814000 0.006777000 0.020897000
v 0.015814000 0.006320000 0.021041000
v 0.015814000 0.005845000 0.021090000
v 0.015814000 0.005369000 0.021041000
v 0.015814000 0.004912000 0.020897000
v 0.015814000 0.004491000 0.020663000
v 0.015814000 0.004122000 0.020348000
v 0.015814000 0.003819000 0.019964000
v 0.015814000 0.003594000 0.019526000
v 0.015814000 0.003455000 0.019050000
v 0.015814000 0.003408000 0.018556000
v 0.015814000 0.003455000 0.018062000
v 0.015814000 0.003594000 0.017587000
v 0.015814000 0.003819000 0.017149000
v 0.015814000 0.004122000 0.016765000
v 0.015814000 0.004491000 0.016450000
v 0.015814000 0.004912000 0.016215000
v 0.015814000 0.005369000 0.016071000
v 0.015814000 0.005845000 0.016023000
v 0.015814000 0.006320000 0.016071000
v 0.015814000 0.006777000 0.016215000
v 0.015814000 0.007199000 0.016450000
v 0.015814000 0.007568000 0.016765000
v 0.015814000 0.007871000 0.017149000
v 0.015814000 0.008096000 0.017587000
v 0.015814000 0.008235000 0.018062000
v 0.015729000 0.008143000 0.019031000
v 0.015729000 0.008188000 0.018556000
v 0.015729000 0.008009000 0.019488000
v 0.015729000 0.007793000 0.019910000
v 0.015729000 0.007502000 0.020279000
v 0.015729000 0.007146000 0.020582000
v 0.015729000 0.006741000 0.020807000
v 0.015729000 0.006302000 0.020945000
v 0.015729000 0.005845000 0.020992000
v 0.015729000 0.005388000 0.020945000
v 0.015729000 0.004948000 0.020807000
v 0.015729000 0.004543000 0.020582000
v 0.015729000 0.004188000 0.020279000
v 0.015729000 0.003897000 0.019910000
v 0.015729000 0.003680000 0.019488000
v 0.015729000 0.003547000 0.019031000
v 0.015729000 0.003502000 0.018556000
v 0.015729000 0.003547000 0.018081000
v 0.015729000 0.003680000 0.017624000
v 0.015729000 0.003897000 0.017203000
v 0.015729000 0.004188000 0.016834000
v 0.015729000 0.004543000 0.016531000
v 0.015729000 0.004948000 0.016305000
v 0.015729000 0.005388000 0.016167000
v 0.015729000 0.005845000 0.016120000
v 0.015729000 0.006302000 0.016167000
v 0.015729000 0.006741000 0.016305000
v 0.015729000 0.007146000 0.016531000
v 0.015729000 0.007502000 0.016834000
v 0.015729000 0.007793000 0.017203000
v 0.015729000 0.008009000 0.017624000
v 0.015729000 0.008143000 0.018081000
v 0.015729000 0.007886000 0.018978000
v 0.015729000 0.007926000 0.018556000
v 0.015729000 0.007768000 0.019384000
v 0.015729000 0.007575000 0.019759000
v 0.015729000 0.007317000 0.020087000
v 0.015729000 0.007001000 0.020356000
v 0.015729000 0.006641000 0.020556000
v 0.015729000 0.006251000 0.020679000
v 0.015729000 0.005845000 0.020720000
v 0.015729000 0.005439000 0.020679000
v 0.015729000 0.005048000 0.020556000
v 0.015729000 0.004688000 0.020356000
v 0.015729000 0.004373000 0.020087000
v 0.015729000 0.004114000 0.019759000
v 0.015729000 0.003922000 0.019384000
v 0.015729000 0.003803000 0.018978000
v 0.015729000 0.003763000 0.018556000
v 0.015729000 0.003803000 0.018134000
v 0.015729000 0.003922000 0.017728000
v 0.015729000 0.004114000 0.017354000
v 0.015729000 0.004373000 0.017026000
v 0.015729000 0.004688000 0.016757000
v 0.015729000 0.005048000 0.016557000
v 0.015729000 0.005439000 0.016433000
v 0.015729000 0.005845000 0.016392000
v 0.015729000 0.006251000 0.016433000
v 0.015729000 0.006641000 0.016557000
v 0.015729000 0.007001000 0.016757000
v 0.015729000 0.007317000 0.017026000
v 0.015729000 0.007575000 0.017354000
v 0.015729000 0.007768000 0.017728000
v 0.015729000 0.007886000 0.018134000
v 0.015717000 0.008057000 0.018556000
v 0.015717000 0.008015000 0.019005000
v 0.015717000 0.007889000 0.019436000
v 0.015717000 0.007684000 0.019834000
v 0.015717000 0.007409000 0.020183000
v 0.015717000 0.007074000 0.020469000
v 0.015717000 0.006691000 0.020681000
v 0.015717000 0.006276000 0.020812000
v 0.015717000 0.005845000 0.020856000
v 0.015717000 0.005413000 0.020812000
v 0.015717000 0.004998000 0.020681000
v 0.015717000 0.004616000 0.020469000
v 0.015717000 0.004281000 0.020183000
v 0.015717000 0.004005000 0.019834000
v 0.015717000 0.003801000 0.019436000
v 0.015717000 0.003675000 0.019005000
v 0.015717000 0.003633000 0.018556000
v 0.015717000 0.003675000 0.018107000
v 0.015717000 0.003801000 0.017676000
v 0.015717000 0.004005000 0.017278000
v 0.015717000 0.004281000 0.016930000
v 0.015717000 0.004616000 0.016644000
v 0.015717000 0.004998000 0.016431000
v 0.015717000 0.005413000 0.016300000
v 0.015717000 0.005845000 0.016256000
v 0.015717000 0.006276000 0.016300000
v 0.015717000 0.006691000 0.016431000
v 0.015717000 0.007074000 0.016644000
v 0.015717000 0.007409000 0.016930000
v 0.015717000 0.007684000 0.017278000
v 0.015717000 0.007889000 0.017676000
v 0.015717000 0.008015000 0.018107000
v 0.015786000 0.006751000 0.020832000
v 0.015786000 0.007161000 0.020604000
v 0.015786000 0.008168000 0.018076000
v 0.015786000 0.007520000 0.020298000
v 0.015786000 0.008034000 0.017613000
v 0.015786000 0.007815000 0.019925000
v 0.015786000 0.007815000 0.017188000
v 0.015786000 0.008034000 0.019499000
v 0.015786000 0.007520000 0.016814000
v 0.015786000 0.008168000 0.019037000
v 0.015786000 0.008214000 0.018556000
v 0.015786000 0.007161000 0.016508000
v 0.015786000 0.006751000 0.016280000
v 0.015786000 0.006307000 0.016140000
v 0.015786000 0.005845000 0.016093000
v 0.015786000 0.005383000 0.016140000
v 0.015786000 0.004938000 0.016280000
v 0.015786000 0.004529000 0.016508000
v 0.015786000 0.004170000 0.016814000
v 0.015786000 0.006307000 0.020972000
v 0.015786000 0.005845000 0.021019000
v 0.015786000 0.005383000 0.020972000
v 0.015786000 0.004938000 0.020832000
v 0.015786000 0.004529000 0.020604000
v 0.015786000 0.004170000 0.020298000
v 0.015786000 0.003875000 0.019925000
v 0.015786000 0.003656000 0.019499000
v 0.015786000 0.003521000 0.019037000
v 0.015786000 0.003476000 0.018556000
v 0.015786000 0.003521000 0.018076000
v 0.015786000 0.003656000 0.017613000
v 0.015786000 0.003875000 0.017188000
v 0.014504000 0.003530000 0.017826000
v 0.014504000 0.003974000 0.017966000
v 0.015814000 0.003520000 0.017823000
v 0.015729000 0.003603000 0.017849000
v 0.015729000 0.003853000 0.017928000
v 0.015717000 0.003728000 0.017888000
v 0.015786000 0.003578000 0.017841000
v 0.014504000 0.003712000 0.017371000
v 0.014504000 0.004120000 0.017598000
v 0.015814000 0.003702000 0.017365000
v 0.015729000 0.003778000 0.017408000
v 0.015729000 0.004009000 0.017536000
v 0.015717000 0.003894000 0.017472000
v 0.015786000 0.003755000 0.017395000
v 0.014504000 0.003975000 0.016961000
v 0.014504000 0.004333000 0.017266000
v 0.015814000 0.003967000 0.016954000
v 0.015729000 0.004034000 0.017011000
v 0.015729000 0.004236000 0.017183000
v 0.015717000 0.004135000 0.017097000
v 0.015786000 0.004013000 0.016993000
v 0.014504000 0.004310000 0.016612000
v 0.014504000 0.004604000 0.016985000
v 0.015814000 0.004304000 0.016604000
v 0.015729000 0.004358000 0.016673000
v 0.015729000 0.004524000 0.016883000
v 0.015717000 0.004441000 0.016778000
v 0.015786000 0.004342000 0.016652000
v 0.014504000 0.004705000 0.016338000
v 0.014504000 0.004923000 0.016763000
v 0.015814000 0.004700000 0.016328000
v 0.015729000 0.004740000 0.016408000
v 0.015729000 0.004864000 0.016647000
v 0.015717000 0.004802000 0.016528000
v 0.015786000 0.004728000 0.016384000
v 0.014504000 0.005143000 0.016150000
v 0.014504000 0.005277000 0.016611000
v 0.015814000 0.005140000 0.016139000
v 0.015729000 0.005165000 0.016225000
v 0.015729000 0.005241000 0.016485000
v 0.015717000 0.005203000 0.016355000
v 0.015786000 0.005157000 0.016199000
v 0.014504000 0.005608000 0.016053000
v 0.014504000 0.005653000 0.016533000
v 0.015814000 0.005607000 0.016042000
v 0.015729000 0.005615000 0.016132000
v 0.015729000 0.005641000 0.016402000
v 0.015717000 0.005628000 0.016267000
v 0.015786000 0.005613000 0.016105000
v 0.014504000 0.006082000 0.016053000
v 0.014504000 0.006036000 0.016533000
v 0.015814000 0.006083000 0.016042000
v 0.015729000 0.006074000 0.016132000
v 0.015729000 0.006049000 0.016402000
v 0.015717000 0.006062000 0.016267000
v 0.015786000 0.006077000 0.016105000
v 0.014504000 0.006547000 0.016150000
v 0.014504000 0.006412000 0.016611000
v 0.015814000 0.006550000 0.016139000
v 0.015729000 0.006525000 0.016225000
v 0.015729000 0.006449000 0.016485000
v 0.015717000 0.006487000 0.016355000
v 0.015786000 0.006533000 0.016199000
v 0.014504000 0.006985000 0.016338000
v 0.014504000 0.006766000 0.016763000
v 0.015814000 0.006990000 0.016328000
v 0.015729000 0.006949000 0.016408000
v 0.015729000 0.006826000 0.016647000
v 0.015717000 0.006888000 0.016528000
v 0.015786000 0.006962000 0.016384000
v 0.014504000 0.007379000 0.016612000
v 0.014504000 0.007085000 0.016985000
v 0.015814000 0.007386000 0.016604000
v 0.015729000 0.007331000 0.016673000
v 0.015729000 0.007165000 0.016883000
v 0.015717000 0.007248000 0.016778000
v 0.015786000 0.007348000 0.016652000
v 0.014504000 0.007715000 0.016961000
v 0.014504000 0.007356000 0.017266000
v 0.015814000 0.007723000 0.016954000
v 0.015729000 0.007656000 0.017011000
v 0.015729000 0.007454000 0.017183000
v 0.015717000 0.007555000 0.017097000
v 0.015786000 0.007676000 0.016993000
v 0.014504000 0.007978000 0.017371000
v 0.014504000 0.007569000 0.017598000
v 0.015814000 0.007987000 0.017365000
v 0.015729000 0.007911000 0.017408000
v 0.015729000 0.007681000 0.017536000
v 0.015717000 0.007796000 0.017472000
v 0.015786000 0.007934000 0.017395000
v 0.014504000 0.008159000 0.017826000
v 0.014504000 0.007716000 0.017966000
v 0.015814000 0.008170000 0.017823000
v 0.015729000 0.008087000 0.017849000
v 0.015729000 0.007837000 0.017928000
v 0.015717000 0.007962000 0.017888000
v 0.015786000 0.008112000 0.017841000
v 0.014504000 0.008252000 0.018310000
v 0.014504000 0.007791000 0.018357000
v 0.015814000 0.008263000 0.018309000
v 0.015729000 0.008176000 0.018317000
v 0.015729000 0.007916000 0.018344000
v 0.015717000 0.008046000 0.018331000
v 0.015786000 0.008203000 0.018315000
v 0.014504000 0.008252000 0.018803000
v 0.014504000 0.007791000 0.018755000
v 0.015814000 0.008263000 0.018804000
v 0.015729000 0.008176000 0.018795000
v 0.015729000 0.007916000 0.018768000
v 0.015717000 0.008046000 0.018782000
v 0.015786000 0.008203000 0.018798000
v 0.014504000 0.008159000 0.019286000
v 0.014504000 0.007716000 0.019146000
v 0.015814000 0.008170000 0.019289000
v 0.015729000 0.008087000 0.019263000
v 0.015729000 0.007837000 0.019184000
v 0.015717000 0.007962000 0.019224000
v 0.015786000 0.008112000 0.019271000
v 0.014504000 0.007978000 0.019742000
v 0.014504000 0.007569000 0.019514000
v 0.015814000 0.007987000 0.019747000
v 0.015729000 0.007911000 0.019705000
v 0.015729000 0.007681000 0.019576000
v 0.015717000 0.007796000 0.019640000
v 0.015786000 0.007934000 0.019717000
v 0.014504000 0.007715000 0.020152000
v 0.014504000 0.007356000 0.019846000
v 0.015814000 0.007723000 0.020159000
v 0.015729000 0.007656000 0.020102000
v 0.015729000 0.007454000 0.019929000
v 0.015717000 0.007555000 0.020015000
v 0.015786000 0.007676000 0.020119000
v 0.014504000 0.007379000 0.020500000
v 0.014504000 0.007085000 0.020128000
v 0.015814000 0.007386000 0.020509000
v 0.015729000 0.007331000 0.020439000
v 0.015729000 0.007165000 0.020229000
v 0.015717000 0.007248000 0.020334000
v 0.015786000 0.007348000 0.020460000
v 0.014504000 0.006985000 0.020774000
v 0.014504000 0.006766000 0.020349000
v 0.015814000 0.006990000 0.020784000
v 0.015729000 0.006949000 0.020705000
v 0.015729000 0.006826000 0.020465000
v 0.015717000 0.006888000 0.020585000
v 0.015786000 0.006962000 0.020729000
v 0.014504000 0.006547000 0.020963000
v 0.014504000 0.006412000 0.020502000
v 0.015814000 0.006550000 0.020973000
v 0.015729000 0.006525000 0.020887000
v 0.015729000 0.006449000 0.020627000
v 0.015717000 0.006487000 0.020757000
v 0.015786000 0.006533000 0.020913000
v 0.014504000 0.006082000 0.021059000
v 0.014504000 0.006036000 0.020579000
v 0.015814000 0.006083000 0.021070000
v 0.015729000 0.006074000 0.020981000
v 0.015729000 0.006049000 0.020710000
v 0.015717000 0.006062000 0.020845000
v 0.015786000 0.006077000 0.021008000
v 0.014504000 0.005608000 0.021059000
v 0.014504000 0.005653000 0.020579000
v 0.015814000 0.005607000 0.021070000
v 0.015729000 0.005615000 0.020981000
v 0.015729000 0.005641000 0.020710000
v 0.015717000 0.005628000 0.020845000
v 0.015786000 0.005613000 0.021008000
v 0.014504000 0.005143000 0.020963000
v 0.014504000 0.005277000 0.020502000
v 0.015814000 0.005140000 0.020973000
v 0.015729000 0.005165000 0.020887000
v 0.015729000 0.005241000 0.020627000
v 0.015717000 0.005203000 0.020757000
v 0.015786000 0.005157000 0.020913000
v 0.014504000 0.004705000 0.020774000
v 0.014504000 0.004923000 0.020349000
v 0.015814000 0.004700000 0.020784000
v 0.015729000 0.004740000 0.020705000
v 0.015729000 0.004864000 0.020465000
v 0.015717000 0.004802000 0.020585000
v 0.015786000 0.004728000 0.020729000
v 0.014504000 0.004310000 0.020500000
v 0.014504000 0.004604000 0.020128000
v 0.015814000 0.004304000 0.020509000
v 0.015729000 0.004358000 0.020439000
v 0.015729000 0.004524000 0.020229000
v 0.015717000 0.004441000 0.020334000
v 0.015786000 0.004342000 0.020460000
v 0.014504000 0.003975000 0.020152000
v 0.014504000 0.004333000 0.019846000
v 0.015814000 0.003967000 0.020159000
v 0.015729000 0.004034000 0.020102000
v 0.015729000 0.004236000 0.019929000
v 0.015717000 0.004135000 0.020015000
v 0.015786000 0.004013000 0.020119000
v 0.014504000 0.003712000 0.019742000
v 0.014504000 0.004120000 0.019514000
v 0.015814000 0.003702000 0.019747000
v 0.015729000 0.003778000 0.019705000
v 0.015729000 0.004009000 0.019576000
v 0.015717000 0.003894000 0.019640000
v 0.015786000 0.003755000 0.019717000
v 0.014504000 0.003530000 0.019286000
v 0.014504000 0.003974000 0.019146000
v 0.015814000 0.003520000 0.019289000
v 0.015729000 0.003603000 0.019263000
v 0.015729000 0.003853000 0.019184000
v 0.015717000 0.003728000 0.019224000
v 0.015786000 0.003578000 0.019271000
v 0.014504000 0.003438000 0.018803000
v 0.014504000 0.003899000 0.018755000
v 0.015814000 0.003427000 0.018804000
v 0.015729000 0.003513000 0.018795000
v 0.015729000 0.003773000 0.018768000
v 0.015717000 0.003643000 0.018782000
v 0.015786000 0.003487000 0.018798000
v 0.014504000 0.003438000 0.018310000
v 0.014504000 0.003899000 0.018357000
v 0.015814000 0.003427000 0.018309000
v 0.015729000 0.003513000 0.018317000
v 0.015729000 0.003773000 0.018344000
v 0.015717000 0.003643000 0.018331000
v 0.015786000 0.003487000 0.018315000
v 0.015786000 0.006246000 0.020652000
v 0.015786000 0.006631000 0.020531000
v 0.015786000 0.006987000 0.020333000
v 0.015786000 0.007861000 0.018139000
v 0.015786000 0.007298000 0.020067000
v 0.015786000 0.007744000 0.017738000
v 0.015786000 0.007554000 0.019743000
v 0.015786000 0.007554000 0.017369000
v 0.015786000 0.007744000 0.019374000
v 0.015786000 0.007298000 0.017045000
v 0.015786000 0.007861000 0.018973000
v 0.015786000 0.006987000 0.016779000
v 0.015786000 0.007900000 0.018556000
v 0.015786000 0.006631000 0.016582000
v 0.015786000 0.006246000 0.016460000
v 0.015786000 0.005845000 0.016419000
v 0.015786000 0.005444000 0.016460000
v 0.015786000 0.005058000 0.016582000
v 0.015786000 0.004703000 0.016779000
v 0.015786000 0.005845000 0.020693000
v 0.015786000 0.005444000 0.020652000
v 0.015786000 0.005058000 0.020531000
v 0.015786000 0.004703000 0.020333000
v 0.015786000 0.004391000 0.020067000
v 0.015786000 0.004136000 0.019743000
v 0.015786000 0.003946000 0.019374000
v 0.015786000 0.003829000 0.018973000
v 0.015786000 0.003789000 0.018556000
v 0.015786000 0.003829000 0.018139000
v 0.015786000 0.003946000 0.017738000
v 0.015786000 0.004136000 0.017369000
v 0.015786000 0.004391000 0.017045000
v 0.015786000 0.006046000 0.020683000
v 0.015786000 0.006441000 0.020601000
v 0.015786000 0.006814000 0.020441000
v 0.015786000 0.007890000 0.018347000
v 0.015786000 0.007149000 0.020208000
v 0.015786000 0.007812000 0.017936000
v 0.015786000 0.007434000 0.019912000
v 0.015786000 0.007657000 0.017549000
v 0.015786000 0.007657000 0.019564000
v 0.015786000 0.007434000 0.017200000
v 0.015786000 0.007812000 0.019177000
v 0.015786000 0.007149000 0.016904000
v 0.015786000 0.007890000 0.018766000
v 0.015786000 0.006814000 0.016671000
v 0.015786000 0.006441000 0.016511000
v 0.015786000 0.006046000 0.016429000
v 0.015786000 0.005643000 0.016429000
v 0.015786000 0.005248000 0.016511000
v 0.015786000 0.004876000 0.016671000
v 0.015786000 0.005643000 0.020683000
v 0.015786000 0.005248000 0.020601000
v 0.015786000 0.004876000 0.020441000
v 0.015786000 0.004541000 0.020208000
v 0.015786000 0.004256000 0.019912000
v 0.015786000 0.004032000 0.019564000
v 0.015786000 0.003878000 0.019177000
v 0.015786000 0.003799000 0.018766000
v 0.015786000 0.003799000 0.018347000
v 0.015786000 0.003878000 0.017936000
v 0.015786000 0.004032000 0.017549000
v 0.015786000 0.004256000 0.017200000
v 0.015786000 0.004541000 0.016904000
v 0.015786000 0.006181000 0.020338000
v 0.015786000 0.006504000 0.020235000
v 0.015786000 0.006803000 0.020069000
v 0.015786000 0.007545000 0.018200000
v 0.015786000 0.007067000 0.019845000
v 0.015786000 0.007445000 0.017857000
v 0.015786000 0.007283000 0.019570000
v 0.015786000 0.007283000 0.017543000
v 0.015786000 0.007445000 0.019255000
v 0.015786000 0.007067000 0.017268000
v 0.015786000 0.007545000 0.018913000
v 0.015786000 0.006803000 0.017043000
v 0.015786000 0.007579000 0.018556000
v 0.015786000 0.006504000 0.016877000
v 0.015786000 0.006181000 0.016775000
v 0.015786000 0.005845000 0.016740000
v 0.015786000 0.005509000 0.016775000
v 0.015786000 0.005185000 0.016877000
v 0.015786000 0.004886000 0.017043000
v 0.015786000 0.005845000 0.020372000
v 0.015786000 0.005509000 0.020338000
v 0.015786000 0.005185000 0.020235000
v 0.015786000 0.004886000 0.020069000
v 0.015786000 0.004623000 0.019845000
v 0.015786000 0.004406000 0.019570000
v 0.015786000 0.004244000 0.019255000
v 0.015786000 0.004145000 0.018913000
v 0.015786000 0.004111000 0.018556000
v 0.015786000 0.004145000 0.018200000
v 0.015786000 0.004244000 0.017857000
v 0.015786000 0.004406000 0.017543000
v 0.015786000 0.004623000 0.017268000
v 0.015786000 0.006014000 0.020363000
v 0.015786000 0.006345000 0.020295000
v 0.015786000 0.006658000 0.020160000
v 0.015786000 0.007570000 0.018377000
v 0.015786000 0.006940000 0.019964000
v 0.015786000 0.007503000 0.018026000
v 0.015786000 0.007181000 0.019713000
v 0.015786000 0.007372000 0.017696000
v 0.015786000 0.007372000 0.019417000
v 0.015786000 0.007181000 0.017399000
v 0.015786000 0.007503000 0.019087000
v 0.015786000 0.006940000 0.017149000
v 0.015786000 0.007570000 0.018735000
v 0.015786000 0.006658000 0.016952000
v 0.015786000 0.006345000 0.016818000
v 0.015786000 0.006014000 0.016749000
v 0.015786000 0.005676000 0.016749000
v 0.015786000 0.005345000 0.016818000
v 0.015786000 0.005032000 0.016952000
v 0.015786000 0.005676000 0.020363000
v 0.015786000 0.005345000 0.020295000
v 0.015786000 0.005032000 0.020160000
v 0.015786000 0.004749000 0.019964000
v 0.015786000 0.004508000 0.019713000
v 0.015786000 0.004318000 0.019417000
v 0.015786000 0.004186000 0.019087000
v 0.015786000 0.004119000 0.018735000
v 0.015786000 0.004119000 0.018377000
v 0.015786000 0.004186000 0.018026000
v 0.015786000 0.004318000 0.017696000
v 0.015786000 0.004508000 0.017399000
v 0.015786000 0.004749000 0.017149000
v 0.015588000 0.003300000 0.017809000
v 0.015588000 0.003330000 0.017706000
v 0.015622000 0.003366000 0.017773000
v 0.014657000 0.003245000 0.017678000
v 0.014657000 0.003215000 0.017783000
v 0.014640000 0.003293000 0.017750000
v 0.015144000 0.003212000 0.017669000
v 0.015144000 0.003182000 0.017771000
v 0.015588000 0.003489000 0.017307000
v 0.015588000 0.003538000 0.017211000
v 0.015622000 0.003560000 0.017285000
v 0.014657000 0.003460000 0.017167000
v 0.014657000 0.003410000 0.017264000
v 0.014640000 0.003493000 0.017247000
v 0.015144000 0.003430000 0.017151000
v 0.015144000 0.003381000 0.017246000
v 0.015588000 0.003768000 0.016852000
v 0.015587000 0.003835000 0.016768000
v 0.015622000 0.003843000 0.016845000
v 0.014657000 0.003766000 0.016709000
v 0.014657000 0.003699000 0.016794000
v 0.014640000 0.003783000 0.016794000
v 0.015144000 0.003674000 0.016771000
v 0.015144000 0.003740000 0.016687000
v 0.015587000 0.004127000 0.016464000
v 0.015587000 0.004209000 0.016394000
v 0.015621000 0.004202000 0.016471000
v 0.014658000 0.004153000 0.016322000
v 0.014657000 0.004070000 0.016393000
v 0.014641000 0.004153000 0.016409000
v 0.015144000 0.004131000 0.016295000
v 0.015144000 0.004050000 0.016364000
v 0.015587000 0.004552000 0.016155000
v 0.015587000 0.004646000 0.016103000
v 0.015621000 0.004624000 0.016178000
v 0.014658000 0.004604000 0.016021000
v 0.014657000 0.004509000 0.016074000
v 0.014641000 0.004587000 0.016107000
v 0.015144000 0.004588000 0.015990000
v 0.015144000 0.004495000 0.016042000
v 0.015587000 0.005026000 0.015939000
v 0.015587000 0.005129000 0.015907000
v 0.015621000 0.005093000 0.015975000
v 0.014658000 0.005103000 0.015818000
v 0.014657000 0.005000000 0.015851000
v 0.014641000 0.005071000 0.015898000
v 0.015144000 0.005093000 0.015784000
v 0.015144000 0.004991000 0.015816000
v 0.015587000 0.005532000 0.015823000
v 0.015587000 0.005639000 0.015812000
v 0.015620000 0.005591000 0.015872000
v 0.014658000 0.005631000 0.015720000
v 0.014658000 0.005523000 0.015731000
v 0.014641000 0.005583000 0.015792000
v 0.015144000 0.005627000 0.015685000
v 0.015144000 0.005521000 0.015696000
v 0.015587000 0.006051000 0.015812000
v 0.015587000 0.006157000 0.015823000
v 0.015620000 0.006099000 0.015872000
v 0.014658000 0.006167000 0.015731000
v 0.014658000 0.006059000 0.015720000
v 0.014641000 0.006106000 0.015792000
v 0.015144000 0.006169000 0.015696000
v 0.015144000 0.006063000 0.015685000
v 0.015587000 0.006561000 0.015907000
v 0.015587000 0.006663000 0.015939000
v 0.015621000 0.006597000 0.015975000
v 0.014657000 0.006690000 0.015851000
v 0.014658000 0.006586000 0.015818000
v 0.014641000 0.006619000 0.015898000
v 0.015144000 0.006698000 0.015816000
v 0.015144000 0.006597000 0.015784000
v 0.015587000 0.007044000 0.016103000
v 0.015587000 0.007138000 0.016155000
v 0.015621000 0.007066000 0.016178000
v 0.014657000 0.007180000 0.016074000
v 0.014658000 0.007085000 0.016021000
v 0.014641000 0.007102000 0.016107000
v 0.015144000 0.007195000 0.016042000
v 0.015144000 0.007102000 0.015990000
v 0.015587000 0.007481000 0.016394000
v 0.015587000 0.007563000 0.016464000
v 0.015621000 0.007488000 0.016471000
v 0.014657000 0.007620000 0.016393000
v 0.014658000 0.007537000 0.016322000
v 0.014641000 0.007537000 0.016409000
v 0.015144000 0.007640000 0.016364000
v 0.015144000 0.007559000 0.016295000
v 0.015587000 0.007855000 0.016768000
v 0.015588000 0.007921000 0.016852000
v 0.015622000 0.007847000 0.016845000
v 0.014657000 0.007991000 0.016794000
v 0.014657000 0.007923000 0.016709000
v 0.014640000 0.007907000 0.016794000
v 0.015144000 0.008016000 0.016771000
v 0.015144000 0.007950000 0.016687000
v 0.015588000 0.008151000 0.017211000
v 0.015588000 0.008201000 0.017307000
v 0.015622000 0.008129000 0.017285000
v 0.014657000 0.008280000 0.017264000
v 0.014657000 0.008230000 0.017167000
v 0.014640000 0.008197000 0.017247000
v 0.015144000 0.008309000 0.017246000
v 0.015144000 0.008260000 0.017151000
v 0.015588000 0.008359000 0.017706000
v 0.015588000 0.008390000 0.017809000
v 0.015622000 0.008324000 0.017773000
v 0.014657000 0.008475000 0.017783000
v 0.014657000 0.008444000 0.017678000
v 0.014640000 0.008397000 0.017750000
v 0.015144000 0.008507000 0.017771000
v 0.015144000 0.008477000 0.017669000
v 0.015588000 0.008470000 0.018233000
v 0.015588000 0.008481000 0.018340000
v 0.015622000 0.008423000 0.018292000
v 0.014657000 0.008569000 0.018332000
v 0.014657000 0.008559000 0.018223000
v 0.014640000 0.008499000 0.018284000
v 0.015144000 0.008603000 0.018327000
v 0.015144000 0.008593000 0.018221000
v 0.015588000 0.008481000 0.018772000
v 0.015588000 0.008470000 0.018879000
v 0.015622000 0.008423000 0.018821000
v 0.014657000 0.008559000 0.018889000
v 0.014657000 0.008569000 0.018781000
v 0.014640000 0.008499000 0.018828000
v 0.015144000 0.008593000 0.018892000
v 0.015144000 0.008603000 0.018785000
v 0.015588000 0.008390000 0.019303000
v 0.015588000 0.008359000 0.019407000
v 0.015622000 0.008324000 0.019339000
v 0.014657000 0.008444000 0.019434000
v 0.014657000 0.008475000 0.019330000
v 0.014640000 0.008397000 0.019362000
v 0.015144000 0.008477000 0.019444000
v 0.015144000 0.008507000 0.019341000
v 0.015588000 0.008201000 0.019806000
v 0.015588000 0.008151000 0.019901000
v 0.015622000 0.008129000 0.019828000
v 0.014657000 0.008230000 0.019946000
v 0.014657000 0.008280000 0.019849000
v 0.014640000 0.008197000 0.019865000
v 0.015144000 0.008260000 0.019962000
v 0.015144000 0.008309000 0.019867000
v 0.015588000 0.007921000 0.020260000
v 0.015587000 0.007855000 0.020344000
v 0.015622000 0.007847000 0.020267000
v 0.014657000 0.007923000 0.020403000
v 0.014657000 0.007991000 0.020318000
v 0.014640000 0.007907000 0.020318000
v 0.015144000 0.007950000 0.020425000
v 0.015144000 0.008016000 0.020342000
v 0.015587000 0.007563000 0.020649000
v 0.015587000 0.007481000 0.020718000
v 0.015621000 0.007488000 0.020641000
v 0.014658000 0.007537000 0.020790000
v 0.014657000 0.007620000 0.020720000
v 0.014641000 0.007537000 0.020703000
v 0.015144000 0.007559000 0.020817000
v 0.015144000 0.007640000 0.020748000
v 0.015587000 0.007138000 0.020957000
v 0.015587000 0.007044000 0.021009000
v 0.015621000 0.007066000 0.020935000
v 0.014658000 0.007085000 0.021091000
v 0.014657000 0.007180000 0.021038000
v 0.014641000 0.007102000 0.021005000
v 0.015144000 0.007102000 0.021122000
v 0.015144000 0.007195000 0.021070000
v 0.015587000 0.006663000 0.021173000
v 0.015587000 0.006561000 0.021206000
v 0.015621000 0.006597000 0.021137000
v 0.014658000 0.006586000 0.021294000
v 0.014657000 0.006690000 0.021262000
v 0.014641000 0.006619000 0.021214000
v 0.015144000 0.006597000 0.021328000
v 0.015144000 0.006698000 0.021296000
v 0.015587000 0.006157000 0.021289000
v 0.015587000 0.006051000 0.021300000
v 0.015620000 0.006099000 0.021240000
v 0.014658000 0.006059000 0.021392000
v 0.014658000 0.006167000 0.021381000
v 0.014641000 0.006106000 0.021320000
v 0.015144000 0.006063000 0.021427000
v 0.015144000 0.006169000 0.021417000
v 0.015587000 0.005639000 0.021300000
v 0.015587000 0.005532000 0.021289000
v 0.015620000 0.005591000 0.021240000
v 0.014658000 0.005523000 0.021381000
v 0.014658000 0.005631000 0.021392000
v 0.014641000 0.005583000 0.021320000
v 0.015144000 0.005521000 0.021417000
v 0.015144000 0.005627000 0.021427000
v 0.015587000 0.005129000 0.021206000
v 0.015587000 0.005026000 0.021173000
v 0.015621000 0.005093000 0.021137000
v 0.014657000 0.005000000 0.021262000
v 0.014658000 0.005103000 0.021294000
v 0.014641000 0.005071000 0.021214000
v 0.015144000 0.004991000 0.021296000
v 0.015144000 0.005093000 0.021328000
v 0.015587000 0.004646000 0.021009000
v 0.015587000 0.004552000 0.020957000
v 0.015621000 0.004624000 0.020935000
v 0.014657000 0.004509000 0.021038000
v 0.014658000 0.004604000 0.021091000
v 0.014641000 0.004587000 0.021005000
v 0.015144000 0.004495000 0.021070000
v 0.015144000 0.004588000 0.021122000
v 0.015587000 0.004209000 0.020718000
v 0.015587000 0.004127000 0.020649000
v 0.015621000 0.004202000 0.020641000
v 0.014657000 0.004070000 0.020720000
v 0.014658000 0.004153000 0.020790000
v 0.014641000 0.004153000 0.020703000
v 0.015144000 0.004050000 0.020748000
v 0.015144000 0.004131000 0.020817000
v 0.015587000 0.003835000 0.020344000
v 0.015588000 0.003768000 0.020260000
v 0.015622000 0.003843000 0.020267000
v 0.014657000 0.003699000 0.020318000
v 0.014657000 0.003766000 0.020403000
v 0.014640000 0.003783000 0.020318000
v 0.015144000 0.003674000 0.020342000
v 0.015144000 0.003740000 0.020425000
v 0.015588000 0.003538000 0.019901000
v 0.015588000 0.003489000 0.019806000
v 0.015622000 0.003560000 0.019828000
v 0.014657000 0.003410000 0.019849000
v 0.014657000 0.003460000 0.019946000
v 0.014640000 0.003493000 0.019865000
v 0.015144000 0.003381000 0.019867000
v 0.015144000 0.003430000 0.019962000
v 0.015588000 0.003330000 0.019407000
v 0.015588000 0.003300000 0.019303000
v 0.015622000 0.003366000 0.019339000
v 0.014657000 0.003215000 0.019330000
v 0.014657000 0.003245000 0.019434000
v 0.014640000 0.003293000 0.019362000
v 0.015144000 0.003182000 0.019341000
v 0.015144000 0.003212000 0.019444000
v 0.015588000 0.003219000 0.018879000
v 0.015588000 0.003209000 0.018772000
v 0.015622000 0.003267000 0.018821000
v 0.014657000 0.003120000 0.018781000
v 0.014657000 0.003130000 0.018889000
v 0.014640000 0.003191000 0.018828000
v 0.015144000 0.003087000 0.018785000
v 0.015144000 0.003097000 0.018892000
v 0.015588000 0.003209000 0.018340000
v 0.015588000 0.003219000 0.018233000
v 0.015622000 0.003267000 0.018292000
v 0.014657000 0.003130000 0.018223000
v 0.014657000 0.003120000 0.018332000
v 0.014640000 0.003191000 0.018284000
v 0.015144000 0.003097000 0.018221000
v 0.015144000 0.003087000 0.018327000
v 0.011217000 0.016113000 0.017933000
v -0.011116000 0.016114000 0.017931000
v -0.010765000 0.016082000 0.017542000
v 0.008194000 0.016075000 0.019283000
v 0.010853000 0.016083000 0.019221000
v 0.008194000 0.015970000 0.017481000
v -0.010765000 0.016083000 0.019221000
v -0.008126000 0.016075000 0.019282000
v 0.010853000 0.016080000 0.017544000
v -0.008126000 0.015973000 0.017479000
v -0.007277000 0.017104000 0.017537000
v 0.009726000 0.017161000 0.017608000
v -0.007277000 0.017242000 0.019385000
v -0.009641000 0.017241000 0.019313000
v 0.007345000 0.017102000 0.017538000
v 0.009726000 0.017241000 0.019313000
v 0.007345000 0.017242000 0.019385000
v -0.009641000 0.017162000 0.017606000
v -0.009955000 0.017197000 0.018008000
v 0.010053000 0.017197000 0.018009000
v 0.009279000 0.018180000 0.017997000
v -0.009183000 0.018181000 0.017996000
v -0.008894000 0.018132000 0.017574000
v 0.006780000 0.018312000 0.019403000
v 0.008978000 0.018305000 0.019326000
v 0.006780000 0.018110000 0.017496000
v -0.008894000 0.018305000 0.019326000
v -0.006712000 0.018313000 0.019403000
v 0.008978000 0.018131000 0.017575000
v -0.006712000 0.018111000 0.017496000
v -0.006387000 0.019129000 0.017293000
v 0.008547000 0.019137000 0.017376000
v -0.006387000 0.019480000 0.019327000
v -0.008464000 0.019462000 0.019241000
v 0.006455000 0.019128000 0.017292000
v 0.008547000 0.019462000 0.019241000
v 0.006455000 0.019479000 0.019326000
v -0.008464000 0.019137000 0.017375000
v -0.008739000 0.019228000 0.017830000
v 0.008834000 0.019227000 0.017830000
v 0.008675000 0.020166000 0.017394000
v -0.008574000 0.020167000 0.017395000
v -0.008302000 0.020028000 0.016913000
v 0.006348000 0.020595000 0.019040000
v 0.008395000 0.020562000 0.018934000
v 0.006348000 0.020016000 0.016830000
v -0.008302000 0.020562000 0.018934000
v -0.006255000 0.020596000 0.019041000
v 0.008395000 0.020028000 0.016914000
v -0.006255000 0.020017000 0.016831000
v 0.011957000 0.014800000 0.017755000
v -0.011868000 0.014802000 0.017752000
v -0.011564000 0.014904000 0.017440000
v 0.009032000 0.014707000 0.019009000
v 0.011645000 0.014869000 0.019016000
v 0.009032000 0.014628000 0.017400000
v -0.011564000 0.014869000 0.019015000
v -0.008964000 0.014707000 0.019008000
v 0.011645000 0.014901000 0.017443000
v -0.008964000 0.014633000 0.017398000
v -0.009137000 0.014430000 0.017704000
v 0.009205000 0.014426000 0.017706000
v 0.008127000 0.027495000 -0.003979000
v -0.007992000 0.027494000 -0.003981000
v 0.007717000 -0.016556000 -0.017531000
v 0.002200000 -0.024696000 -0.007558000
v 0.007203000 -0.022122000 -0.012260000
v 0.005541000 -0.023623000 -0.009906000
v 0.004007000 -0.024475000 -0.008069000
v -0.007601000 -0.016557000 -0.017530000
v -0.002071000 -0.024695000 -0.007558000
v -0.007078000 -0.022122000 -0.012260000
v -0.005415000 -0.023623000 -0.009906000
v -0.003878000 -0.024475000 -0.008069000
v -0.007658000 -0.013887000 -0.019469000
v -0.007689000 -0.010499000 -0.021461000
v -0.007703000 -0.009019000 -0.022227000
v -0.007724000 -0.006602000 -0.023064000
v -0.007753000 -0.003532000 -0.023713000
v -0.007764000 -0.002329000 -0.023846000
v -0.007783000 0.000027000 -0.023841000
v -0.007801000 0.001955000 -0.023780000
v -0.007818000 0.004313000 -0.023632000
v -0.007835000 0.006929000 -0.023281000
v -0.007852000 0.009123000 -0.022765000
v -0.007876000 0.011089000 -0.022042000
v -0.007910000 0.013093000 -0.021093000
v -0.007946000 0.015122000 -0.020082000
v -0.007980000 0.016892000 -0.018998000
v -0.008015000 0.018574000 -0.017725000
v -0.008049000 0.020407000 -0.016124000
v -0.008081000 0.022091000 -0.014326000
v -0.008107000 0.023705000 -0.012134000
v -0.008099000 0.025154000 -0.009720000
v -0.008075000 0.026131000 -0.007964000
v -0.008035000 0.026967000 -0.005971000
v 0.008153000 0.026972000 -0.005968000
v 0.008189000 0.026144000 -0.007958000
v 0.008206000 0.025502000 -0.009119000
v 0.008221000 0.023707000 -0.012132000
v 0.008195000 0.022096000 -0.014318000
v 0.008162000 0.020407000 -0.016124000
v 0.008129000 0.018586000 -0.017717000
v 0.008094000 0.016909000 -0.018987000
v 0.008060000 0.015130000 -0.020076000
v 0.008025000 0.013105000 -0.021084000
v 0.007991000 0.011107000 -0.022031000
v 0.007966000 0.009130000 -0.022759000
v 0.007949000 0.006939000 -0.023276000
v 0.007930000 0.003963000 -0.023653000
v 0.007916000 0.001950000 -0.023780000
v 0.007898000 0.000024000 -0.023841000
v 0.007879000 -0.002323000 -0.023846000
v 0.007864000 -0.003937000 -0.023668000
v 0.007839000 -0.006601000 -0.023065000
v 0.007818000 -0.009013000 -0.022230000
v 0.007803000 -0.010598000 -0.021421000
v 0.007773000 -0.013888000 -0.019468000
v 0.005659000 -0.016304000 -0.017886000
v 0.006119000 0.027140000 -0.006001000
v 0.006069000 0.023936000 -0.012125000
v 0.006012000 0.018876000 -0.017726000
v 0.005943000 0.013337000 -0.021170000
v 0.005605000 0.000217000 -0.024010000
v 0.005790000 -0.006482000 -0.023237000
v 0.005610000 -0.013604000 -0.019848000
v 0.006179000 0.026269000 -0.008071000
v 0.006185000 0.025718000 -0.009082000
v 0.006173000 0.022227000 -0.014455000
v 0.006153000 0.020782000 -0.016025000
v 0.006112000 0.017074000 -0.019098000
v 0.006091000 0.015500000 -0.020075000
v 0.006034000 0.011186000 -0.022211000
v 0.006014000 0.009456000 -0.022857000
v 0.005911000 0.003777000 -0.023873000
v 0.005835000 0.002140000 -0.023970000
v 0.005857000 -0.002305000 -0.023982000
v 0.005909000 -0.003732000 -0.023832000
v 0.005891000 -0.009061000 -0.022363000
v 0.005830000 -0.010423000 -0.021694000
v 0.006168000 0.027680000 -0.003964000
v -0.005582000 -0.016307000 -0.017882000
v -0.006015000 0.027129000 -0.006008000
v -0.005996000 0.023931000 -0.012126000
v -0.005919000 0.018866000 -0.017728000
v -0.005835000 0.013324000 -0.021175000
v -0.005788000 0.007055000 -0.023420000
v -0.005556000 0.000228000 -0.024007000
v -0.005714000 -0.006486000 -0.023234000
v -0.005535000 -0.013599000 -0.019849000
v -0.006105000 0.026223000 -0.008089000
v -0.006118000 0.025314000 -0.009784000
v -0.006101000 0.022208000 -0.014479000
v -0.006078000 0.020790000 -0.016014000
v -0.006010000 0.017048000 -0.019111000
v -0.005987000 0.015506000 -0.020066000
v -0.005932000 0.011154000 -0.022225000
v -0.005918000 0.009463000 -0.022854000
v -0.005893000 0.004056000 -0.023854000
v -0.005807000 0.002168000 -0.023968000
v -0.005785000 -0.002328000 -0.023982000
v -0.005823000 -0.003376000 -0.023872000
v -0.005817000 -0.009086000 -0.022353000
v -0.005755000 -0.010351000 -0.021719000
v -0.005977000 0.027683000 -0.003966000
v 0.008127000 0.025092000 -0.004527000
v -0.007992000 0.025090000 -0.004529000
v -0.006166000 0.021865000 0.015145000
v 0.006383000 0.021864000 0.015144000
v -0.008262000 0.021885000 0.015221000
v 0.008404000 0.021885000 0.015220000
v -0.006166000 0.022797000 0.017479000
v 0.006383000 0.022795000 0.017477000
v -0.008262000 0.022737000 0.017352000
v 0.008404000 0.022737000 0.017351000
v 0.008305000 0.024615000 0.014976000
v -0.008164000 0.024615000 0.014977000
v 0.007717000 -0.016150000 -0.015896000
v 0.002200000 -0.023389000 -0.006957000
v 0.007203000 -0.021062000 -0.011153000
v 0.005541000 -0.022344000 -0.009035000
v 0.004007000 -0.023185000 -0.007428000
v -0.007601000 -0.016151000 -0.015895000
v -0.002071000 -0.023389000 -0.006957000
v -0.007078000 -0.021062000 -0.011153000
v -0.005737000 -0.022350000 -0.009217000
v -0.003878000 -0.023185000 -0.007428000
v -0.007658000 -0.013682000 -0.017742000
v -0.007689000 -0.010520000 -0.019696000
v -0.007703000 -0.009139000 -0.020462000
v -0.007724000 -0.006875000 -0.021324000
v -0.007753000 -0.004010000 -0.022028000
v -0.007764000 -0.002921000 -0.022181000
v -0.007783000 -0.000803000 -0.022180000
v -0.007801000 0.001386000 -0.022153000
v -0.007818000 0.003497000 -0.022091000
v -0.007835000 0.005494000 -0.021882000
v -0.007852000 0.007465000 -0.021469000
v -0.007876000 0.009308000 -0.020900000
v -0.007910000 0.011297000 -0.020075000
v -0.007946000 0.013082000 -0.019147000
v -0.007980000 0.014646000 -0.018254000
v -0.008015000 0.016143000 -0.017159000
v -0.008049000 0.017836000 -0.015763000
v -0.008081000 0.019465000 -0.014189000
v -0.008107000 0.021120000 -0.012217000
v -0.008096000 0.022801000 -0.009599000
v -0.008075000 0.023599000 -0.008249000
v -0.008035000 0.024476000 -0.006398000
v 0.008153000 0.024479000 -0.006395000
v 0.008189000 0.023602000 -0.008242000
v 0.008206000 0.022952000 -0.009343000
v 0.008221000 0.021121000 -0.012216000
v 0.008195000 0.019471000 -0.014183000
v 0.008162000 0.017837000 -0.015763000
v 0.008129000 0.016155000 -0.017152000
v 0.008094000 0.014662000 -0.018243000
v 0.008060000 0.013091000 -0.019140000
v 0.008025000 0.011310000 -0.020067000
v 0.007991000 0.009324000 -0.020892000
v 0.007966000 0.007471000 -0.021463000
v 0.007949000 0.005500000 -0.021877000
v 0.007930000 0.003182000 -0.022102000
v 0.007916000 0.001384000 -0.022160000
v 0.007898000 -0.000804000 -0.022182000
v 0.007879000 -0.002915000 -0.022181000
v 0.007864000 -0.004376000 -0.021976000
v 0.007839000 -0.006874000 -0.021325000
v 0.007818000 -0.009133000 -0.020465000
v 0.007803000 -0.010611000 -0.019654000
v 0.007773000 -0.013683000 -0.017741000
v 0.000052000 -0.015560000 -0.018689000
v 0.000052000 -0.012987000 -0.020570000
v 0.000072000 -0.006314000 -0.023685000
v 0.000001000 0.000348000 -0.024187000
v 0.000010000 0.007315000 -0.023637000
v 0.000129000 0.013892000 -0.021272000
v 0.000114000 0.019529000 -0.017663000
v 0.000032000 0.024375000 -0.012184000
v 0.000128000 0.025609000 0.013898000
v 0.000128000 0.024356000 0.011652000
v 0.000128000 0.022850000 0.014263000
v 0.000128000 0.023845000 0.016597000
v 0.000115000 0.021017000 0.016355000
v 0.000115000 0.021762000 0.018670000
v 0.000128000 0.026449000 0.012172000
v 0.000114000 0.025424000 -0.004715000
v 0.000062000 0.024871000 -0.006570000
v 0.000128000 0.025002000 0.009992000
v 0.000128000 0.023649000 0.013038000
v 0.000128000 0.024737000 0.015330000
v 0.000129000 0.022882000 0.017721000
v 0.000129000 0.021970000 0.015364000
v 0.000124000 0.027975000 -0.004099000
v 0.000115000 0.027576000 -0.005905000
v 0.000048000 0.014327000 0.017889000
v 0.000048000 0.014507000 0.017597000
v 0.000048000 0.014789000 0.019130000
v 0.000044000 0.019218000 0.017500000
v 0.000044000 0.018365000 0.019556000
v 0.000058000 0.020672000 0.019259000
v 0.000044000 0.019533000 0.019496000
v 0.000058000 0.020138000 0.017061000
v 0.000044000 0.018127000 0.017678000
v 0.000046000 0.015904000 0.017670000
v 0.000046000 0.016146000 0.019416000
v 0.000045000 0.017078000 0.017715000
v 0.000045000 0.017304000 0.019531000
v 0.000024000 0.021394000 -0.012279000
v 0.005659000 -0.015870000 -0.016114000
v 0.006008000 0.024436000 -0.006456000
v 0.005847000 0.021099000 -0.012229000
v 0.005790000 0.016233000 -0.017093000
v 0.005722000 0.011373000 -0.020076000
v 0.005636000 0.005478000 -0.021899000
v 0.005605000 -0.000580000 -0.022191000
v 0.005584000 -0.006759000 -0.021377000
v 0.005610000 -0.013380000 -0.017974000
v 0.006067000 0.023498000 -0.008364000
v 0.006090000 0.022932000 -0.009321000
v 0.006091000 0.019346000 -0.014296000
v 0.006074000 0.017959000 -0.015640000
v 0.006024000 0.014595000 -0.018267000
v 0.006005000 0.013238000 -0.019051000
v 0.005948000 0.009254000 -0.020957000
v 0.005928000 0.007648000 -0.021446000
v 0.005842000 0.003088000 -0.022140000
v 0.005835000 0.001644000 -0.022179000
v 0.005857000 -0.002914000 -0.022165000
v 0.005848000 -0.004201000 -0.022002000
v 0.005812000 -0.009175000 -0.020451000
v 0.005802000 -0.010432000 -0.019773000
v 0.006168000 0.025046000 -0.004557000
v 0.006303000 0.024678000 0.015105000
v -0.006087000 0.024679000 0.015107000
v 0.008305000 0.023574000 0.012916000
v -0.008164000 0.023574000 0.012916000
v 0.006303000 0.023546000 0.012850000
v -0.006087000 0.023547000 0.012851000
v -0.006048000 0.024828000 0.009921000
v 0.006263000 0.024826000 0.009922000
v -0.005582000 -0.015874000 -0.016110000
v -0.005904000 0.024434000 -0.006463000
v -0.005785000 0.021098000 -0.012229000
v -0.005712000 0.016223000 -0.017093000
v -0.005631000 0.011358000 -0.020077000
v -0.005598000 0.005479000 -0.021895000
v -0.005556000 -0.000576000 -0.022182000
v -0.005505000 -0.006763000 -0.021375000
v -0.005535000 -0.013377000 -0.017975000
v -0.005995000 0.023490000 -0.008382000
v -0.006026000 0.022808000 -0.009537000
v -0.006020000 0.019324000 -0.014313000
v -0.005996000 0.017965000 -0.015628000
v -0.005937000 0.014571000 -0.018278000
v -0.005913000 0.013242000 -0.019047000
v -0.005854000 0.009221000 -0.020959000
v -0.005844000 0.007653000 -0.021439000
v -0.005821000 0.003325000 -0.022116000
v -0.005807000 0.001655000 -0.022142000
v -0.005785000 -0.002937000 -0.022165000
v -0.005778000 -0.003881000 -0.022046000
v -0.005735000 -0.009198000 -0.020441000
v -0.005720000 -0.010368000 -0.019801000
v -0.005977000 0.025047000 -0.004559000
v -0.008110000 0.024867000 0.009981000
v 0.008251000 0.024866000 0.009982000
v -0.006048000 0.026409000 0.011986000
v 0.006263000 0.026408000 0.011983000
v -0.008110000 0.026330000 0.011845000
v 0.008251000 0.026330000 0.011844000
v 0.006394000 0.020900000 0.016127000
v -0.008284000 0.020916000 0.016207000
v 0.006394000 0.021684000 0.018439000
v 0.008417000 0.021637000 0.018322000
v -0.006200000 0.020901000 0.016127000
v -0.008284000 0.021638000 0.018322000
v -0.006200000 0.021684000 0.018440000
v 0.008417000 0.020916000 0.016207000
v -0.006146000 0.023768000 0.016360000
v -0.008247000 0.023704000 0.016232000
v 0.008388000 0.022777000 0.014127000
v 0.006362000 0.022753000 0.014056000
v 0.006362000 0.023767000 0.016358000
v 0.008388000 0.023704000 0.016231000
v -0.008247000 0.022777000 0.014127000
v -0.006146000 0.022754000 0.014057000
v 0.006278000 0.024230000 0.011501000
v 0.008271000 0.024266000 0.011566000
v -0.006064000 0.025564000 0.013691000
v 0.006278000 0.025562000 0.013688000
v -0.008130000 0.025492000 0.013555000
v 0.008271000 0.025491000 0.013554000
v -0.006064000 0.024231000 0.011502000
v -0.008130000 0.024266000 0.011565000
v 0.008678000 0.022077000 0.015701000
v -0.008547000 0.022077000 0.015702000
v 0.008577000 0.023828000 0.013372000
v -0.008008000 -0.002798000 -0.022560000
v -0.008265000 0.025642000 -0.004413000
v 0.008027000 -0.013750000 -0.018115000
v -0.008027000 -0.000670000 -0.022551000
v -0.008046000 0.001490000 -0.022510000
v -0.008064000 0.003732000 -0.022430000
v -0.008081000 0.005806000 -0.022196000
v -0.008098000 0.007786000 -0.021760000
v -0.008124000 0.009690000 -0.021145000
v -0.008159000 0.011665000 -0.020292000
v -0.008195000 0.013470000 -0.019373000
v -0.008231000 0.015100000 -0.018421000
v 0.008393000 0.025644000 -0.004411000
v -0.008266000 0.016650000 -0.017300000
v -0.008301000 0.018376000 -0.015873000
v -0.008335000 0.020082000 -0.014206000
v -0.008362000 0.021708000 -0.012201000
v -0.008350000 0.023383000 -0.009567000
v -0.008328000 0.024206000 -0.008168000
v -0.008291000 0.025053000 -0.006306000
v 0.008420000 0.025054000 -0.006304000
v 0.008456000 0.024207000 -0.008166000
v 0.008474000 0.023540000 -0.009300000
v 0.008490000 0.021709000 -0.012199000
v 0.008463000 0.020082000 -0.014204000
v 0.008429000 0.018378000 -0.015869000
v 0.008394000 0.016661000 -0.017291000
v 0.008359000 0.015113000 -0.018411000
v 0.008323000 0.013482000 -0.019363000
v 0.008287000 0.011677000 -0.020283000
v 0.008252000 0.009701000 -0.021137000
v 0.008227000 0.007797000 -0.021751000
v 0.008209000 0.005819000 -0.022189000
v 0.008189000 0.003399000 -0.022440000
v 0.008174000 0.001493000 -0.022510000
v 0.008156000 -0.000670000 -0.022551000
v 0.008136000 -0.002798000 -0.022560000
v 0.008121000 -0.004316000 -0.022358000
v 0.008095000 -0.006829000 -0.021723000
v 0.007963000 -0.016254000 -0.016259000
v 0.008073000 -0.009097000 -0.020871000
v 0.007346000 -0.021357000 -0.011370000
v 0.008058000 -0.010631000 -0.020039000
v 0.005977000 -0.022778000 -0.008955000
v 0.004297000 -0.023500000 -0.007477000
v 0.002115000 -0.023734000 -0.006935000
v -0.001986000 -0.023734000 -0.006936000
v -0.004168000 -0.023500000 -0.007476000
v -0.006108000 -0.022730000 -0.009091000
v -0.007217000 -0.021357000 -0.011370000
v -0.007835000 -0.016254000 -0.016259000
v -0.007898000 -0.013750000 -0.018115000
v -0.007930000 -0.010533000 -0.020083000
v -0.007945000 -0.009097000 -0.020871000
v -0.007967000 -0.006829000 -0.021723000
v -0.007996000 -0.003935000 -0.022409000
v -0.008448000 0.023828000 0.013372000
v -0.008392000 0.025248000 0.010348000
v 0.008520000 0.025247000 0.010348000
v 0.008691000 0.021084000 0.016692000
v -0.008565000 0.021084000 0.016693000
v 0.008664000 0.022992000 0.014598000
v -0.008535000 0.022993000 0.014598000
v -0.008412000 0.024577000 0.011993000
v 0.008541000 0.024577000 0.011993000
v 0.001202000 -0.008505000 -0.021231000
v 0.000892000 -0.008615000 -0.021575000
v 0.000905000 -0.008606000 -0.021260000
v -0.001268000 -0.010055000 -0.020765000
v -0.001680000 -0.010166000 -0.020303000
v -0.001299000 -0.010060000 -0.020416000
v 0.001397000 -0.010057000 -0.020765000
v 0.001845000 -0.010182000 -0.020289000
v 0.001428000 -0.010062000 -0.020415000
v -0.000757000 -0.010595000 -0.020550000
v -0.001069000 -0.010775000 -0.020036000
v -0.000771000 -0.010609000 -0.020195000
v 0.000061000 -0.011107000 -0.019939000
v 0.000064000 -0.010824000 -0.020562000
v 0.000065000 -0.010839000 -0.020207000
v 0.001398000 -0.009297000 -0.021167000
v 0.001848000 -0.009266000 -0.020778000
v 0.001429000 -0.009300000 -0.020825000
v 0.001172000 -0.010765000 -0.020046000
v 0.000886000 -0.010597000 -0.020550000
v 0.000900000 -0.010610000 -0.020195000
v 0.000075000 -0.008144000 -0.021470000
v 0.000079000 -0.008388000 -0.021788000
v 0.000079000 -0.008374000 -0.021502000
v -0.001068000 -0.008506000 -0.021230000
v -0.000756000 -0.008614000 -0.021575000
v -0.000769000 -0.008605000 -0.021260000
v -0.001682000 -0.009271000 -0.020781000
v -0.001269000 -0.009295000 -0.021167000
v -0.001300000 -0.009299000 -0.020825000
v 0.000064000 -0.024656000 -0.007680000
v 0.000064000 -0.023314000 -0.007038000
v 0.000064000 -0.023756000 -0.006871000
v 0.000052000 -0.015153000 -0.016950000
v 0.000052000 -0.012759000 -0.018722000
v 0.002126000 0.026360000 -0.008462000
v 0.001463000 0.025827000 -0.008620000
v 0.001499000 0.026322000 -0.008561000
v -0.001334000 0.025833000 -0.008618000
v -0.001937000 0.026353000 -0.008473000
v -0.001371000 0.026327000 -0.008558000
v 0.000939000 0.026206000 -0.008080000
v 0.001254000 0.026900000 -0.007619000
v 0.000957000 0.026709000 -0.007988000
v 0.000115000 0.026340000 -0.007936000
v 0.000123000 0.027041000 -0.007440000
v 0.000125000 0.026834000 -0.007826000
v -0.000785000 0.026211000 -0.008078000
v -0.001092000 0.026903000 -0.007618000
v -0.000797000 0.026714000 -0.007986000
v -0.001937000 0.025866000 -0.009367000
v -0.001336000 0.025436000 -0.009321000
v -0.001373000 0.025924000 -0.009284000
v 0.002125000 0.025855000 -0.009383000
v 0.001465000 0.025430000 -0.009324000
v 0.001501000 0.025918000 -0.009288000
v -0.001090000 0.025453000 -0.010288000
v -0.000809000 0.025139000 -0.009922000
v -0.000824000 0.025616000 -0.009915000
v 0.000032000 0.025268000 -0.010590000
v 0.000032000 0.024933000 -0.010219000
v 0.000032000 0.025408000 -0.010220000
v 0.001199000 0.025448000 -0.010291000
v 0.000921000 0.025133000 -0.009925000
v 0.000937000 0.025611000 -0.009917000
v 0.002000000 0.022380000 -0.014823000
v 0.001464000 0.021824000 -0.014859000
v 0.001499000 0.022347000 -0.014895000
v -0.001331000 0.021834000 -0.014856000
v -0.001871000 0.022385000 -0.014824000
v -0.001369000 0.022357000 -0.014891000
v 0.000920000 0.022295000 -0.014367000
v 0.001197000 0.023155000 -0.013969000
v 0.000935000 0.022836000 -0.014356000
v 0.000032000 0.022420000 -0.014222000
v 0.000032000 0.023303000 -0.013802000
v 0.000032000 0.022965000 -0.014191000
v -0.000807000 0.022304000 -0.014364000
v -0.001088000 0.023160000 -0.013969000
v -0.000822000 0.022844000 -0.014354000
v -0.001862000 0.021668000 -0.015606000
v -0.001322000 0.021250000 -0.015463000
v -0.001362000 0.021764000 -0.015532000
v 0.002001000 0.021655000 -0.015611000
v 0.001470000 0.021240000 -0.015466000
v 0.001503000 0.021753000 -0.015535000
v -0.001050000 0.021004000 -0.016370000
v -0.000774000 0.020803000 -0.015965000
v -0.000790000 0.021291000 -0.016065000
v 0.000103000 0.020775000 -0.016580000
v 0.000097000 0.020568000 -0.016172000
v 0.000100000 0.021020000 -0.016292000
v 0.001225000 0.020995000 -0.016373000
v 0.000947000 0.020793000 -0.015968000
v 0.000961000 0.021281000 -0.016068000
v 0.002087000 0.017167000 -0.019287000
v 0.001524000 0.016617000 -0.019196000
v 0.001567000 0.017109000 -0.019325000
v -0.001234000 0.016617000 -0.019192000
v -0.001837000 0.017170000 -0.019286000
v -0.001266000 0.017113000 -0.019324000
v 0.000989000 0.017228000 -0.018849000
v 0.001266000 0.018118000 -0.018735000
v 0.001012000 0.017773000 -0.018938000
v 0.000111000 0.017497000 -0.018682000
v 0.000124000 0.018393000 -0.018561000
v 0.000124000 0.018042000 -0.018760000
v -0.000716000 0.017231000 -0.018847000
v -0.000995000 0.018121000 -0.018736000
v -0.000724000 0.017777000 -0.018937000
v -0.001830000 0.016274000 -0.019864000
v -0.001229000 0.015914000 -0.019646000
v -0.001262000 0.016363000 -0.019813000
v 0.002085000 0.016273000 -0.019865000
v 0.001525000 0.015915000 -0.019651000
v 0.001566000 0.016361000 -0.019816000
v -0.000977000 0.015488000 -0.020422000
v -0.000701000 0.015381000 -0.020032000
v -0.000712000 0.015784000 -0.020227000
v 0.000130000 0.015309000 -0.020526000
v 0.000125000 0.015185000 -0.020135000
v 0.000130000 0.015576000 -0.020332000
v 0.001272000 0.015483000 -0.020423000
v 0.000998000 0.015377000 -0.020034000
v 0.001018000 0.015780000 -0.020228000
v 0.002077000 0.011086000 -0.022561000
v 0.001500000 0.010654000 -0.022382000
v 0.001543000 0.011012000 -0.022606000
v -0.001219000 0.010655000 -0.022373000
v -0.001800000 0.011088000 -0.022562000
v -0.001255000 0.011020000 -0.022605000
v 0.000979000 0.011269000 -0.022158000
v 0.001257000 0.012071000 -0.022197000
v 0.001001000 0.011665000 -0.022365000
v 0.000120000 0.011504000 -0.022043000
v 0.000127000 0.012346000 -0.022082000
v 0.000125000 0.011917000 -0.022245000
v -0.000701000 0.011270000 -0.022151000
v -0.000976000 0.012075000 -0.022197000
v -0.000714000 0.011673000 -0.022364000
v -0.001801000 0.010176000 -0.022902000
v -0.001222000 0.009943000 -0.022637000
v -0.001257000 0.010273000 -0.022884000
v 0.002068000 0.010165000 -0.022905000
v 0.001495000 0.009941000 -0.022646000
v 0.001537000 0.010264000 -0.022886000
v -0.001003000 0.009319000 -0.023208000
v -0.000725000 0.009375000 -0.022830000
v -0.000737000 0.009660000 -0.023096000
v 0.000066000 0.009061000 -0.023266000
v 0.000069000 0.009114000 -0.022874000
v 0.000073000 0.009385000 -0.023144000
v 0.001211000 0.009316000 -0.023210000
v 0.000951000 0.009376000 -0.022836000
v 0.000973000 0.009657000 -0.023098000
v 0.001502000 0.003602000 -0.024194000
v 0.001104000 0.003445000 -0.023910000
v 0.001136000 0.003534000 -0.024212000
v -0.001240000 0.003445000 -0.023899000
v -0.001623000 0.003601000 -0.024192000
v -0.001272000 0.003535000 -0.024210000
v 0.000634000 0.004024000 -0.023853000
v 0.000870000 0.004593000 -0.024094000
v 0.000648000 0.004157000 -0.024145000
v -0.000132000 0.004245000 -0.023810000
v -0.000113000 0.004791000 -0.024061000
v -0.000131000 0.004413000 -0.024100000
v -0.000814000 0.004025000 -0.023845000
v -0.001036000 0.004641000 -0.024087000
v -0.000827000 0.004158000 -0.024144000
v -0.001589000 0.002780000 -0.024231000
v -0.001238000 0.002775000 -0.023920000
v -0.001269000 0.002838000 -0.024237000
v 0.001470000 0.002777000 -0.024233000
v 0.001105000 0.002774000 -0.023932000
v 0.001137000 0.002837000 -0.024239000
v -0.001107000 0.002182000 -0.024287000
v -0.000789000 0.002251000 -0.023952000
v -0.000802000 0.002283000 -0.024270000
v -0.000053000 0.001911000 -0.024318000
v -0.000066000 0.002083000 -0.024000000
v -0.000066000 0.002106000 -0.024315000
v 0.000989000 0.002179000 -0.024288000
v 0.000657000 0.002250000 -0.023960000
v 0.000670000 0.002283000 -0.024271000
v 0.001409000 -0.002651000 -0.023886000
v 0.001950000 -0.002485000 -0.024201000
v 0.001445000 -0.002552000 -0.024206000
v -0.000766000 -0.001925000 -0.023925000
v -0.001089000 -0.001661000 -0.024264000
v -0.000782000 -0.001796000 -0.024241000
v -0.001834000 -0.003278000 -0.024164000
v -0.001279000 -0.003434000 -0.023858000
v -0.001316000 -0.003358000 -0.024183000
v 0.001996000 -0.003426000 -0.024154000
v 0.001408000 -0.003435000 -0.023858000
v 0.001444000 -0.003359000 -0.024184000
v -0.001042000 -0.004333000 -0.024124000
v -0.000773000 -0.004017000 -0.023848000
v -0.000788000 -0.003973000 -0.024169000
v 0.000039000 -0.004573000 -0.024107000
v 0.000031000 -0.004283000 -0.023834000
v 0.000031000 -0.004250000 -0.024133000
v 0.001155000 -0.004335000 -0.024124000
v 0.000885000 -0.004018000 -0.023849000
v 0.000901000 -0.003974000 -0.024170000
v 0.001399000 -0.009275000 -0.022288000
v 0.001993000 -0.009209000 -0.022633000
v 0.001435000 -0.009264000 -0.022637000
v 0.002013000 -0.009917000 -0.022289000
v 0.001398000 -0.010072000 -0.021890000
v 0.001434000 -0.010089000 -0.022231000
v -0.001075000 -0.010865000 -0.021912000
v -0.000758000 -0.010637000 -0.021668000
v -0.000774000 -0.010683000 -0.021996000
v 0.000064000 -0.010874000 -0.021674000
v 0.000061000 -0.011223000 -0.021810000
v 0.000065000 -0.010928000 -0.021999000
v 0.001125000 -0.008151000 -0.023118000
v 0.000892000 -0.008556000 -0.022643000
v 0.000908000 -0.008504000 -0.022988000
v 0.001200000 -0.010868000 -0.021910000
v 0.000887000 -0.010639000 -0.021667000
v 0.000903000 -0.010684000 -0.021996000
v 0.000079000 -0.008315000 -0.022769000
v 0.000079000 -0.007805000 -0.023260000
v 0.000079000 -0.008248000 -0.023089000
v -0.000756000 -0.008555000 -0.022643000
v -0.001028000 -0.008093000 -0.023139000
v -0.000772000 -0.008503000 -0.022988000
v -0.001270000 -0.009273000 -0.022288000
v -0.001798000 -0.009219000 -0.022632000
v -0.001306000 -0.009263000 -0.022637000
v -0.001269000 -0.010070000 -0.021890000
v -0.001799000 -0.010133000 -0.022180000
v -0.001305000 -0.010087000 -0.022232000
v 0.001210000 -0.001660000 -0.024266000
v 0.000895000 -0.001926000 -0.023927000
v 0.000911000 -0.001797000 -0.024244000
v 0.000064000 -0.001608000 -0.023976000
v 0.000056000 -0.001223000 -0.024303000
v 0.000064000 -0.001476000 -0.024294000
v -0.001280000 -0.002650000 -0.023884000
v -0.001801000 -0.002492000 -0.024200000
v -0.001317000 -0.002551000 -0.024204000
v 0.001463000 0.024238000 -0.008779000
v 0.001822000 0.023705000 -0.008766000
v 0.001499000 0.023736000 -0.008819000
v -0.001776000 0.023702000 -0.008754000
v -0.001334000 0.024243000 -0.008776000
v -0.001371000 0.023742000 -0.008817000
v 0.001218000 0.024131000 -0.008168000
v 0.000929000 0.024634000 -0.008271000
v 0.000942000 0.024154000 -0.008300000
v 0.000059000 0.024350000 -0.007934000
v 0.000074000 0.024819000 -0.008163000
v 0.000064000 0.024357000 -0.008195000
v -0.001093000 0.024135000 -0.008168000
v -0.000795000 0.024639000 -0.008268000
v -0.000813000 0.024159000 -0.008298000
v -0.001336000 0.023847000 -0.009453000
v -0.001792000 0.023215000 -0.009570000
v -0.001373000 0.023336000 -0.009500000
v 0.001465000 0.023840000 -0.009456000
v 0.001834000 0.023231000 -0.009561000
v 0.001501000 0.023330000 -0.009503000
v -0.000809000 0.023552000 -0.010036000
v -0.001144000 0.022841000 -0.010249000
v -0.000824000 0.023033000 -0.010103000
v 0.000032000 0.023348000 -0.010331000
v 0.000031000 0.022574000 -0.010654000
v 0.000032000 0.022832000 -0.010405000
v 0.000921000 0.023546000 -0.010038000
v 0.001246000 0.022835000 -0.010253000
v 0.000937000 0.023027000 -0.010105000
v 0.001469000 0.020131000 -0.014706000
v 0.001867000 0.019577000 -0.014598000
v 0.001507000 0.019612000 -0.014645000
v -0.001696000 0.019587000 -0.014602000
v -0.001326000 0.020142000 -0.014703000
v -0.001361000 0.019623000 -0.014643000
v 0.001245000 0.020127000 -0.014106000
v 0.000921000 0.020632000 -0.014286000
v 0.000936000 0.020138000 -0.014228000
v 0.000031000 0.020353000 -0.013879000
v 0.000032000 0.020773000 -0.014181000
v 0.000032000 0.020289000 -0.014128000
v -0.001140000 0.020133000 -0.014105000
v -0.000806000 0.020641000 -0.014283000
v -0.000821000 0.020147000 -0.014226000
v -0.001314000 0.019563000 -0.015263000
v -0.001682000 0.018920000 -0.015239000
v -0.001348000 0.019035000 -0.015200000
v 0.001478000 0.019552000 -0.015266000
v 0.001876000 0.018898000 -0.015247000
v 0.001516000 0.019024000 -0.015203000
v -0.000771000 0.019170000 -0.015721000
v -0.001103000 0.018434000 -0.015740000
v -0.000785000 0.018642000 -0.015663000
v 0.000087000 0.019042000 -0.015878000
v 0.000076000 0.018218000 -0.015965000
v 0.000084000 0.018543000 -0.015811000
v 0.000951000 0.019164000 -0.015722000
v 0.001272000 0.018428000 -0.015742000
v 0.000966000 0.018637000 -0.015664000
v 0.001504000 0.015137000 -0.018721000
v 0.001887000 0.014703000 -0.018508000
v 0.001534000 0.014709000 -0.018555000
v -0.001578000 0.014702000 -0.018515000
v -0.001253000 0.015136000 -0.018715000
v -0.001296000 0.014707000 -0.018549000
v 0.001270000 0.015265000 -0.018200000
v 0.000961000 0.015655000 -0.018462000
v 0.000969000 0.015221000 -0.018310000
v 0.000056000 0.015622000 -0.017999000
v 0.000069000 0.015935000 -0.018330000
v 0.000057000 0.015519000 -0.018179000
v -0.001086000 0.015261000 -0.018196000
v -0.000742000 0.015655000 -0.018458000
v -0.000765000 0.015219000 -0.018306000
v -0.001247000 0.014537000 -0.019090000
v -0.001571000 0.014045000 -0.018915000
v -0.001290000 0.014124000 -0.018909000
v 0.001509000 0.014534000 -0.019093000
v 0.001891000 0.014016000 -0.018921000
v 0.001539000 0.014120000 -0.018912000
v -0.000719000 0.014073000 -0.019436000
v -0.001057000 0.013479000 -0.019285000
v -0.000740000 0.013659000 -0.019264000
v 0.000111000 0.013891000 -0.019541000
v 0.000098000 0.013183000 -0.019447000
v 0.000107000 0.013477000 -0.019374000
v 0.000981000 0.014068000 -0.019438000
v 0.001289000 0.013475000 -0.019287000
v 0.000991000 0.013654000 -0.019265000
v 0.001482000 0.009560000 -0.021650000
v 0.001860000 0.009234000 -0.021358000
v 0.001512000 0.009231000 -0.021416000
v -0.001623000 0.009202000 -0.021321000
v -0.001221000 0.009535000 -0.021616000
v -0.001259000 0.009199000 -0.021375000
v 0.001268000 0.009860000 -0.021122000
v 0.000958000 0.010127000 -0.021459000
v 0.000968000 0.009805000 -0.021227000
v 0.000095000 0.010168000 -0.020958000
v 0.000105000 0.010336000 -0.021352000
v 0.000101000 0.010015000 -0.021121000
v -0.001042000 0.009836000 -0.021093000
v -0.000707000 0.010106000 -0.021429000
v -0.000725000 0.009779000 -0.021193000
v -0.001229000 0.008898000 -0.021846000
v -0.001632000 0.008459000 -0.021579000
v -0.001268000 0.008570000 -0.021600000
v 0.001476000 0.008915000 -0.021873000
v 0.001852000 0.008480000 -0.021609000
v 0.001507000 0.008592000 -0.021632000
v -0.000738000 0.008409000 -0.022007000
v -0.001075000 0.007878000 -0.021737000
v -0.000758000 0.008086000 -0.021759000
v 0.000050000 0.008174000 -0.022044000
v 0.000036000 0.007520000 -0.021796000
v 0.000045000 0.007856000 -0.021795000
v 0.000932000 0.008419000 -0.022024000
v 0.001235000 0.007889000 -0.021756000
v 0.000941000 0.008099000 -0.021779000
v 0.001104000 0.003224000 -0.022935000
v 0.001543000 0.003186000 -0.022560000
v 0.001136000 0.003156000 -0.022627000
v -0.001845000 0.003195000 -0.022479000
v -0.001240000 0.003225000 -0.022888000
v -0.001272000 0.003157000 -0.022569000
v 0.000966000 0.003765000 -0.022503000
v 0.000634000 0.003743000 -0.022894000
v 0.000648000 0.003677000 -0.022589000
v -0.000111000 0.004039000 -0.022426000
v -0.000132000 0.003902000 -0.022845000
v -0.000132000 0.003825000 -0.022538000
v -0.001136000 0.003764000 -0.022462000
v -0.000814000 0.003744000 -0.022856000
v -0.000827000 0.003677000 -0.022542000
v -0.001238000 0.002600000 -0.022893000
v -0.001839000 0.002397000 -0.022486000
v -0.001269000 0.002534000 -0.022569000
v 0.001105000 0.002599000 -0.022939000
v 0.001545000 0.002437000 -0.022566000
v 0.001137000 0.002534000 -0.022625000
v -0.000789000 0.002113000 -0.022927000
v -0.001107000 0.001891000 -0.022539000
v -0.000802000 0.002040000 -0.022605000
v -0.000066000 0.001958000 -0.022988000
v -0.000053000 0.001631000 -0.022581000
v -0.000066000 0.001883000 -0.022671000
v 0.000657000 0.002112000 -0.022955000
v 0.000989000 0.001889000 -0.022572000
v 0.000670000 0.002039000 -0.022639000
v 0.001210000 -0.002203000 -0.022528000
v 0.000895000 -0.002244000 -0.022913000
v 0.000911000 -0.002312000 -0.022593000
v 0.001408000 -0.003702000 -0.022806000
v 0.001997000 -0.003929000 -0.022375000
v 0.001444000 -0.003791000 -0.022472000
v -0.000773000 -0.004246000 -0.022807000
v -0.001093000 -0.004497000 -0.022382000
v -0.000788000 -0.004343000 -0.022476000
v 0.000036000 -0.004840000 -0.022403000
v 0.000031000 -0.004494000 -0.022863000
v 0.000031000 -0.004591000 -0.022555000
v 0.001409000 -0.002959000 -0.022855000
v 0.001998000 -0.003000000 -0.022453000
v 0.001445000 -0.003050000 -0.022527000
v 0.000885000 -0.004247000 -0.022808000
v 0.001199000 -0.004499000 -0.022382000
v 0.000901000 -0.004344000 -0.022477000
v 0.000064000 -0.001904000 -0.022956000
v 0.000055000 -0.001727000 -0.022554000
v 0.000064000 -0.001957000 -0.022636000
v -0.001089000 -0.002204000 -0.022526000
v -0.000766000 -0.002243000 -0.022911000
v -0.000782000 -0.002311000 -0.022592000
v -0.001763000 -0.003013000 -0.022467000
v -0.001280000 -0.002958000 -0.022853000
v -0.001317000 -0.003049000 -0.022526000
v -0.001761000 -0.003897000 -0.022395000
v -0.001279000 -0.003701000 -0.022805000
v -0.001316000 -0.003790000 -0.022471000
v 0.000127000 0.027369000 0.009729000
v 0.000127000 0.028235000 0.006924000
v 0.000127000 0.028775000 0.004099000
v 0.000127000 0.028740000 0.001170000
v 0.000126000 0.028338000 -0.001709000
v 0.000127000 0.025676000 0.007741000
v 0.000127000 0.026165000 0.005327000
v 0.000127000 0.026398000 0.002796000
v 0.000127000 0.026277000 0.000131000
v 0.000126000 0.025845000 -0.002474000
v 0.008140000 0.027919000 -0.001582000
v 0.008162000 0.028346000 0.001244000
v 0.008184000 0.028418000 0.004092000
v 0.008206000 0.028027000 0.006785000
v 0.008229000 0.027236000 0.009457000
v -0.006032000 0.025441000 0.007766000
v -0.006016000 0.025914000 0.005393000
v -0.005999000 0.026144000 0.002894000
v -0.005983000 0.026017000 0.000265000
v -0.005966000 0.025560000 -0.002309000
v -0.008000000 0.025608000 -0.002281000
v -0.008022000 0.026059000 0.000297000
v -0.008044000 0.026188000 0.002944000
v -0.008066000 0.025957000 0.005453000
v -0.008088000 0.025480000 0.007826000
v -0.008000000 0.027918000 -0.001584000
v -0.008022000 0.028345000 0.001244000
v -0.008044000 0.028417000 0.004092000
v -0.008066000 0.028027000 0.006785000
v -0.008088000 0.027236000 0.009458000
v 0.006246000 0.025439000 0.007767000
v 0.006230000 0.025913000 0.005395000
v 0.006213000 0.026144000 0.002895000
v 0.006196000 0.026016000 0.000267000
v 0.006179000 0.025559000 -0.002308000
v -0.006032000 0.027328000 0.009599000
v -0.006016000 0.028152000 0.006875000
v -0.005999000 0.028577000 0.004151000
v -0.005983000 0.028509000 0.001283000
v -0.005966000 0.028089000 -0.001559000
v 0.006246000 0.027327000 0.009596000
v 0.006230000 0.028150000 0.006874000
v 0.006213000 0.028575000 0.004152000
v 0.006196000 0.028508000 0.001284000
v 0.006179000 0.028087000 -0.001557000
v 0.008229000 0.025481000 0.007828000
v 0.008206000 0.025958000 0.005455000
v 0.008184000 0.026189000 0.002946000
v 0.008162000 0.026061000 0.000299000
v 0.008140000 0.025610000 -0.002279000
v -0.008278000 0.026130000 -0.002141000
v -0.008301000 0.026570000 0.000492000
v -0.008323000 0.026686000 0.003188000
v -0.008346000 0.026434000 0.005730000
v -0.008369000 0.025923000 0.008130000
v 0.008406000 0.026132000 -0.002139000
v 0.008429000 0.026572000 0.000493000
v 0.008452000 0.026688000 0.003190000
v 0.008475000 0.026435000 0.005732000
v 0.008498000 0.025924000 0.008131000
v -0.005417000 -0.022085000 -0.012287000
v 0.000060000 -0.021995000 -0.012285000
v 0.005529000 -0.022085000 -0.012287000
v -0.005416000 -0.020924000 -0.011074000
v 0.000060000 -0.020854000 -0.011076000
v 0.005529000 -0.020922000 -0.011075000
v 0.007528000 -0.019455000 -0.015036000
v -0.007408000 -0.019456000 -0.015035000
v -0.005510000 -0.019297000 -0.015228000
v 0.005604000 -0.019296000 -0.015231000
v 0.007528000 -0.018795000 -0.013631000
v -0.007408000 -0.018796000 -0.013631000
v -0.005510000 -0.018596000 -0.013700000
v 0.005604000 -0.018595000 -0.013703000
v 0.007742000 -0.018965000 -0.013952000
v -0.007614000 -0.018965000 -0.013952000
v 0.000056000 -0.018166000 -0.014145000
v 0.000056000 -0.018820000 -0.015654000
v 0.000064000 -0.022444000 -0.008701000
v 0.000064000 -0.023744000 -0.009625000
v -0.001099000 -0.006421000 -0.023597000
v 0.001170000 -0.006427000 -0.023612000
v -0.001108000 0.019469000 -0.017674000
v 0.001238000 0.019472000 -0.017674000
v -0.001076000 0.013799000 -0.021280000
v 0.001275000 0.013804000 -0.021278000
v 0.001186000 0.007302000 -0.023619000
v -0.001218000 0.007298000 -0.023615000
v -0.001219000 0.024367000 -0.012136000
v 0.001202000 0.024366000 -0.012140000
v -0.002274000 0.017061000 0.017609000
v -0.002542000 0.015890000 0.017561000
v -0.002095000 0.018106000 0.017571000
v -0.001941000 0.020098000 0.016943000
v -0.001993000 0.019182000 0.017387000
v -0.002806000 0.014501000 0.017486000
v -0.002861000 0.014317000 0.017779000
v -0.001786000 0.027482000 -0.005971000
v -0.001808000 0.027930000 -0.004029000
v -0.001859000 0.021944000 0.015258000
v -0.001859000 0.022865000 0.017598000
v -0.001834000 0.024737000 0.015224000
v -0.002095000 0.018335000 0.019448000
v -0.002542000 0.016101000 0.019313000
v -0.001993000 0.019509000 0.019384000
v -0.002806000 0.014733000 0.019031000
v -0.001827000 0.024335000 0.011583000
v -0.001881000 0.020983000 0.016242000
v -0.001941000 0.020647000 0.019135000
v -0.001834000 0.023632000 0.012952000
v -0.001822000 0.024971000 0.009953000
v -0.001595000 0.024808000 -0.006440000
v -0.001852000 0.022830000 0.014166000
v -0.002274000 0.017267000 0.019425000
v -0.001811000 0.025338000 -0.004623000
v -0.001822000 0.026462000 0.012092000
v -0.001881000 0.021742000 0.018546000
v -0.001852000 0.023835000 0.016481000
v -0.001827000 0.025616000 0.013804000
v -0.001797000 0.028303000 -0.001632000
v -0.001802000 0.028711000 0.001223000
v -0.001807000 0.028756000 0.004122000
v -0.001812000 0.028244000 0.006905000
v -0.001817000 0.027386000 0.009677000
v -0.001797000 0.025787000 -0.002389000
v -0.001802000 0.026229000 0.000196000
v -0.001807000 0.026352000 0.002838000
v -0.001812000 0.026118000 0.005347000
v -0.001817000 0.025631000 0.007739000
v 0.002433000 0.017266000 0.019425000
v 0.002712000 0.016100000 0.019314000
v 0.002141000 0.019508000 0.019383000
v 0.002116000 0.020646000 0.019133000
v 0.002247000 0.018335000 0.019448000
v 0.002986000 0.014733000 0.019031000
v 0.002141000 0.019181000 0.017385000
v 0.002712000 0.015891000 0.017560000
v 0.002433000 0.017061000 0.017608000
v 0.002116000 0.020095000 0.016941000
v 0.001927000 0.025338000 -0.004629000
v 0.001645000 0.024777000 -0.006519000
v 0.002176000 0.021941000 0.015255000
v 0.002098000 0.027922000 -0.004027000
v 0.002986000 0.014502000 0.017485000
v 0.002149000 0.023629000 0.012950000
v 0.001988000 0.027476000 -0.005970000
v 0.002149000 0.024734000 0.015221000
v 0.002168000 0.023833000 0.016478000
v 0.002136000 0.026460000 0.012089000
v 0.002141000 0.025614000 0.013800000
v 0.002171000 0.021740000 0.018544000
v 0.002176000 0.022863000 0.017595000
v 0.002136000 0.024966000 0.009953000
v 0.003043000 0.014318000 0.017778000
v 0.002247000 0.018106000 0.017569000
v 0.002171000 0.020980000 0.016239000
v 0.002168000 0.022827000 0.014163000
v 0.002141000 0.024332000 0.011581000
v 0.002108000 0.025780000 -0.002387000
v 0.002113000 0.026222000 0.000198000
v 0.002119000 0.026345000 0.002839000
v 0.002125000 0.026112000 0.005349000
v 0.002130000 0.025625000 0.007740000
v 0.002108000 0.028296000 -0.001630000
v 0.002113000 0.028705000 0.001225000
v 0.002119000 0.028750000 0.004123000
v 0.002125000 0.028241000 0.006905000
v 0.002130000 0.027384000 0.009674000
v -0.001977000 0.000350000 -0.024186000
v -0.002417000 -0.013258000 -0.020251000
v -0.002438000 -0.015891000 -0.018332000
v 0.002132000 0.007253000 -0.023579000
v 0.001090000 -0.023745000 -0.006903000
v 0.001249000 -0.020869000 -0.011075000
v 0.001410000 0.021324000 -0.012267000
v 0.002078000 0.000347000 -0.024187000
v 0.001132000 -0.023351000 -0.006997000
v -0.001357000 -0.015333000 -0.016740000
v -0.001309000 -0.020872000 -0.011075000
v 0.002399000 0.013710000 -0.021260000
v -0.001150000 -0.022015000 -0.012285000
v 0.002104000 0.021288000 -0.012261000
v -0.002004000 0.021290000 -0.012262000
v -0.001267000 0.021328000 -0.012268000
v -0.001193000 -0.015726000 -0.018510000
v -0.001344000 -0.012913000 -0.018535000
v -0.001003000 -0.023352000 -0.006998000
v -0.001003000 -0.024676000 -0.007619000
v -0.001174000 -0.018925000 -0.015560000
v -0.000961000 -0.023745000 -0.006903000
v -0.001183000 -0.013122000 -0.020411000
v -0.001336000 -0.018273000 -0.014034000
v -0.001147000 -0.023717000 -0.009687000
v 0.001882000 0.016341000 -0.017235000
v 0.001271000 0.016403000 -0.017316000
v 0.000062000 0.016437000 -0.017361000
v -0.001092000 0.016400000 -0.017315000
v -0.001618000 0.016342000 -0.017241000
v 0.001874000 0.011443000 -0.020232000
v 0.001277000 0.011476000 -0.020302000
v 0.000096000 0.011475000 -0.020303000
v -0.001049000 0.011464000 -0.020285000
v -0.001599000 0.011430000 -0.020214000
v 0.002030000 -0.000579000 -0.022384000
v 0.000022000 -0.000578000 -0.022493000
v -0.001915000 -0.000577000 -0.022385000
v -0.002741000 -0.013068000 -0.018348000
v -0.002765000 -0.015513000 -0.016530000
v -0.002727000 -0.018381000 -0.013922000
v -0.002675000 -0.022394000 -0.008868000
v -0.002678000 -0.020889000 -0.011075000
v 0.002437000 -0.020884000 -0.011075000
v 0.002468000 -0.013029000 -0.018397000
v 0.002489000 -0.015465000 -0.016587000
v 0.002444000 -0.022400000 -0.008846000
v 0.002467000 -0.018352000 -0.013953000
v -0.002361000 -0.022035000 -0.012286000
v -0.002404000 -0.019031000 -0.015466000
v -0.002358000 -0.023691000 -0.009749000
v 0.002528000 -0.015889000 -0.018334000
v 0.002507000 -0.013259000 -0.020251000
v 0.002475000 -0.022035000 -0.012286000
v 0.002483000 -0.023691000 -0.009749000
v 0.002506000 -0.019030000 -0.015467000
v -0.002259000 -0.006461000 -0.023470000
v 0.002209000 -0.006471000 -0.023532000
v -0.002197000 0.013704000 -0.021263000
v -0.002222000 0.019350000 -0.017686000
v 0.002209000 0.024299000 -0.012128000
v 0.002258000 0.019367000 -0.017685000
v 0.005927000 0.007057000 -0.023416000
v -0.001096000 0.000349000 -0.024186000
v 0.001091000 0.000348000 -0.024187000
v -0.002010000 0.007256000 -0.023581000
v -0.001306000 -0.022419000 -0.008784000
v 0.001132000 -0.024676000 -0.007619000
v 0.001279000 -0.013123000 -0.020411000
v 0.001270000 -0.015309000 -0.016769000
v 0.001254000 -0.022422000 -0.008773000
v 0.001281000 -0.018925000 -0.015560000
v 0.001260000 -0.012894000 -0.018559000
v 0.001261000 -0.018259000 -0.014049000
v 0.001290000 -0.015725000 -0.018511000
v 0.001268000 -0.022015000 -0.012286000
v 0.001273000 -0.023717000 -0.009687000
v -0.002320000 0.024286000 -0.012125000
v 0.001111000 -0.000578000 -0.022434000
v -0.001086000 -0.000577000 -0.022431000
v -0.001718000 -0.006807000 -0.021522000
v -0.001078000 -0.006862000 -0.021703000
v 0.000060000 -0.006898000 -0.021822000
v 0.001201000 -0.006861000 -0.021703000
v 0.001917000 -0.006803000 -0.021515000
v -0.001751000 0.005509000 -0.022083000
v -0.001110000 0.005520000 -0.022153000
v -0.000048000 0.005521000 -0.022158000
v 0.001081000 0.005525000 -0.022184000
v 0.001679000 0.005518000 -0.022141000
v 0.004016000 0.017258000 0.019412000
v 0.003479000 0.020629000 0.019103000
v 0.003479000 0.020070000 0.016905000
v 0.003532000 0.020954000 0.016203000
v 0.003531000 0.019164000 0.017355000
v 0.003531000 0.019499000 0.019365000
v 0.003708000 0.018107000 0.017546000
v 0.003519000 0.022803000 0.014129000
v 0.003409000 0.027844000 -0.004007000
v 0.003319000 0.027368000 -0.005980000
v 0.003532000 0.021722000 0.018510000
v 0.003294000 0.025244000 -0.004606000
v 0.003487000 0.024716000 0.015183000
v 0.004016000 0.017074000 0.017586000
v 0.003447000 0.026048000 0.005364000
v 0.003457000 0.027366000 0.009649000
v 0.003466000 0.026443000 0.012055000
v 0.003474000 0.024299000 0.011555000
v 0.003487000 0.023602000 0.012918000
v 0.003474000 0.025597000 0.013764000
v 0.003532000 0.022841000 0.017557000
v 0.003466000 0.024921000 0.009943000
v 0.005029000 0.014353000 0.017755000
v 0.003420000 0.028229000 -0.001607000
v 0.003438000 0.028693000 0.004132000
v 0.003447000 0.028212000 0.006895000
v 0.004478000 0.016092000 0.019304000
v 0.003519000 0.023811000 0.016439000
v 0.004934000 0.014724000 0.019024000
v 0.003429000 0.028641000 0.001244000
v 0.003532000 0.021916000 0.015219000
v 0.003051000 0.024667000 -0.006499000
v 0.003708000 0.018328000 0.019433000
v 0.003420000 0.025709000 -0.002361000
v 0.003429000 0.026156000 0.000220000
v 0.003438000 0.026280000 0.002858000
v 0.003457000 0.025565000 0.007749000
v 0.004934000 0.014543000 0.017457000
v 0.004478000 0.015916000 0.017535000
v 0.002847000 -0.023656000 -0.007117000
v 0.003261000 0.000303000 -0.024128000
v 0.003246000 0.023635000 -0.008632000
v 0.003261000 0.023131000 -0.009480000
v 0.003301000 -0.009160000 -0.022542000
v 0.002806000 -0.024622000 -0.007730000
v 0.002806000 -0.023321000 -0.007115000
v 0.003293000 -0.010087000 -0.022090000
v 0.003260000 -0.002425000 -0.024128000
v 0.002980000 0.003661000 -0.024086000
v 0.003404000 0.011120000 -0.022443000
v 0.003437000 0.017135000 -0.019223000
v 0.003399000 0.022329000 -0.014699000
v 0.003485000 0.026330000 -0.008331000
v 0.003578000 -0.016028000 -0.018184000
v 0.003177000 -0.009235000 -0.020668000
v 0.003172000 -0.010266000 -0.020116000
v 0.003308000 -0.003528000 -0.024046000
v 0.003288000 -0.004020000 -0.022250000
v 0.003293000 -0.002971000 -0.022356000
v 0.002934000 0.002563000 -0.024144000
v 0.002984000 0.002171000 -0.022437000
v 0.002985000 0.003153000 -0.022419000
v 0.003392000 0.009927000 -0.022889000
v 0.003219000 0.008201000 -0.021554000
v 0.003231000 0.009241000 -0.021224000
v 0.003428000 0.016014000 -0.019935000
v 0.003270000 0.013755000 -0.018965000
v 0.003274000 0.014667000 -0.018427000
v 0.003394000 0.021363000 -0.015750000
v 0.003283000 0.018583000 -0.015379000
v 0.003284000 0.019499000 -0.014497000
v 0.003486000 0.025809000 -0.009282000
v 0.003521000 -0.013147000 -0.018255000
v 0.003500000 -0.022052000 -0.012286000
v 0.003508000 -0.023668000 -0.009802000
v 0.003519000 -0.018433000 -0.013869000
v 0.003164000 0.011419000 -0.020180000
v 0.003410000 -0.006475000 -0.023433000
v 0.003474000 -0.020897000 -0.011075000
v 0.003359000 0.021225000 -0.012250000
v 0.003193000 0.016305000 -0.017187000
v 0.003229000 -0.000579000 -0.022319000
v 0.003552000 -0.015601000 -0.016429000
v 0.003483000 -0.022382000 -0.008909000
v 0.003548000 -0.013375000 -0.020116000
v 0.003545000 -0.019119000 -0.015388000
v 0.003503000 0.024177000 -0.012127000
v 0.003517000 0.019202000 -0.017699000
v 0.003588000 0.013585000 -0.021230000
v 0.003405000 0.007187000 -0.023524000
v 0.003147000 -0.006788000 -0.021469000
v 0.003006000 0.005505000 -0.022060000
v -0.002811000 -0.023646000 -0.007140000
v -0.003122000 0.011402000 -0.020162000
v -0.003438000 0.007180000 -0.023520000
v -0.002754000 -0.023312000 -0.007135000
v -0.003513000 -0.023665000 -0.009809000
v -0.003294000 -0.010215000 -0.022006000
v -0.003316000 -0.009169000 -0.022526000
v -0.003433000 0.021218000 -0.012249000
v -0.002754000 -0.024612000 -0.007751000
v -0.003595000 -0.013387000 -0.020099000
v -0.003626000 -0.016048000 -0.018162000
v -0.003829000 -0.015650000 -0.016371000
v -0.003279000 -0.003891000 -0.022263000
v -0.003213000 -0.009244000 -0.020653000
v -0.003206000 -0.010242000 -0.020114000
v -0.003183000 0.002549000 -0.024132000
v -0.003222000 0.009209000 -0.021184000
v -0.003223000 0.008155000 -0.021526000
v -0.003361000 0.011113000 -0.022435000
v -0.003356000 0.009907000 -0.022884000
v -0.003225000 0.014652000 -0.018425000
v -0.003211000 0.013742000 -0.018965000
v -0.003414000 0.017124000 -0.019219000
v -0.003401000 0.015984000 -0.019940000
v -0.003329000 0.019488000 -0.014493000
v -0.003311000 0.018559000 -0.015386000
v -0.003469000 0.022318000 -0.014694000
v -0.003455000 0.021336000 -0.015760000
v -0.003370000 0.023622000 -0.008613000
v -0.003392000 0.023061000 -0.009557000
v -0.003512000 0.026304000 -0.008328000
v -0.003517000 0.025657000 -0.009525000
v -0.003347000 0.003244000 -0.022342000
v -0.003338000 0.002117000 -0.022356000
v -0.003341000 -0.003315000 -0.024054000
v -0.003306000 -0.002430000 -0.024118000
v -0.003578000 -0.019132000 -0.015376000
v -0.003832000 -0.022377000 -0.009000000
v -0.003713000 -0.020902000 -0.011075000
v -0.003515000 -0.022054000 -0.012286000
v -0.003329000 0.000304000 -0.024119000
v -0.003283000 -0.002984000 -0.022353000
v -0.003236000 0.003773000 -0.024064000
v -0.003165000 0.016297000 -0.017185000
v -0.003290000 -0.000577000 -0.022308000
v -0.003797000 -0.013185000 -0.018207000
v -0.003779000 -0.018462000 -0.013838000
v -0.003565000 -0.006471000 -0.023381000
v -0.003571000 0.013560000 -0.021230000
v -0.003619000 0.019168000 -0.017702000
v -0.003709000 0.024152000 -0.012125000
v -0.003149000 -0.006790000 -0.021466000
v -0.003204000 0.005498000 -0.022012000
v -0.003509000 0.020629000 0.019101000
v -0.004093000 0.017077000 0.017583000
v -0.003774000 0.018108000 0.017543000
v -0.005045000 0.014724000 0.019022000
v -0.003509000 0.020069000 0.016902000
v -0.003451000 0.021721000 0.018508000
v -0.003774000 0.018327000 0.019432000
v -0.005045000 0.014549000 0.017454000
v -0.003451000 0.020953000 0.016200000
v -0.003381000 0.024716000 0.015182000
v -0.003367000 0.025597000 0.013763000
v -0.003413000 0.023811000 0.016437000
v -0.003367000 0.024298000 0.011553000
v -0.003425000 0.022840000 0.017555000
v -0.003341000 0.028211000 0.006894000
v -0.003350000 0.025562000 0.007749000
v -0.003322000 0.026152000 0.000221000
v -0.003359000 0.024919000 0.009941000
v -0.004093000 0.017258000 0.019410000
v -0.003162000 0.024672000 -0.006448000
v -0.003413000 0.022802000 0.014126000
v -0.003425000 0.021915000 0.015217000
v -0.003325000 0.025233000 -0.004600000
v -0.003331000 0.026276000 0.002858000
v -0.003341000 0.026044000 0.005364000
v -0.004572000 0.015920000 0.017531000
v -0.003350000 0.027365000 0.009649000
v -0.003324000 0.027840000 -0.004006000
v -0.003591000 0.019163000 0.017353000
v -0.003313000 0.028225000 -0.001606000
v -0.003322000 0.028638000 0.001245000
v -0.003331000 0.028691000 0.004133000
v -0.005142000 0.014358000 0.017752000
v -0.003381000 0.023601000 0.012915000
v -0.004572000 0.016091000 0.019302000
v -0.003359000 0.026443000 0.012054000
v -0.003313000 0.025704000 -0.002360000
v -0.003324000 0.027354000 -0.005985000
v -0.003591000 0.019499000 0.019363000
v -0.011466000 -0.016448000 0.018544000
v -0.008636000 -0.025751000 0.013268000
v 0.008538000 -0.024625000 0.011706000
v 0.008412000 -0.026192000 0.008528000
v -0.008512000 -0.027652000 0.009911000
v -0.008488000 -0.028681000 0.005659000
v 0.008388000 -0.027032000 0.004526000
v -0.011279000 -0.016484000 0.018893000
v -0.010108000 -0.017648000 0.018722000
v -0.010276000 -0.017573000 0.018374000
v -0.009485000 -0.018653000 0.018117000
v -0.009330000 -0.018750000 0.018466000
v -0.008883000 -0.019953000 0.018064000
v 0.008710000 -0.019431000 0.016408000
v -0.008677000 -0.024528000 0.014743000
v 0.008580000 -0.023534000 0.013133000
v 0.008496000 -0.025532000 0.010157000
v -0.008596000 -0.026803000 0.011680000
v 0.008390000 -0.026685000 0.006739000
v -0.008490000 -0.028270000 0.007989000
v 0.008677000 -0.024887000 0.012061000
v 0.008550000 -0.026531000 0.008831000
v 0.008524000 -0.027406000 0.004776000
v -0.009031000 -0.019838000 0.017700000
v 0.008719000 -0.023776000 0.013502000
v 0.008635000 -0.025825000 0.010499000
v 0.008527000 -0.027046000 0.007017000
v -0.008780000 -0.025504000 0.012918000
v -0.008374000 0.004106000 -0.021294000
v 0.003909000 0.010537000 -0.019639000
v -0.004108000 0.010538000 -0.019639000
v -0.000048000 0.011234000 -0.019358000
v 0.008243000 0.003975000 -0.020545000
v -0.005626000 -0.010783000 -0.020398000
v 0.006323000 -0.010785000 -0.020175000
v -0.009294000 -0.010533000 -0.020563000
v -0.005934000 -0.010732000 -0.019544000
v 0.006329000 -0.010589000 -0.019545000
v 0.009443000 -0.009758000 -0.019469000
v 0.009658000 -0.009876000 -0.019708000
v -0.009503000 -0.010312000 -0.020313000
v -0.009421000 -0.018319000 -0.017246000
v 0.009085000 -0.017403000 -0.016898000
v 0.008940000 -0.017042000 -0.016740000
v 0.005037000 -0.016291000 -0.017406000
v -0.005635000 -0.015713000 -0.017593000
v -0.009198000 -0.018716000 -0.017389000
v -0.008655000 -0.027337000 0.009581000
v -0.008630000 -0.028306000 0.005393000
v -0.008855000 -0.021019000 0.017134000
v 0.008754000 -0.020679000 0.016222000
v 0.008615000 -0.020531000 0.015830000
v -0.008711000 -0.021155000 0.017501000
v -0.008821000 -0.024318000 0.014384000
v -0.008741000 -0.026522000 0.011333000
v -0.008633000 -0.027913000 0.007697000
v -0.008257000 0.004061000 -0.021619000
v -0.009232000 -0.019042000 -0.016846000
v 0.008909000 -0.018132000 -0.016505000
v -0.009027000 -0.019441000 -0.016982000
v 0.008782000 -0.017780000 -0.016351000
v 0.008625000 -0.020224000 -0.015078000
v 0.008514000 -0.019857000 -0.014963000
v -0.008914000 -0.021157000 -0.015323000
v -0.008732000 -0.021566000 -0.015413000
v 0.006010000 -0.004652000 -0.021609000
v 0.008737000 -0.004303000 -0.020562000
v 0.008593000 -0.004225000 -0.020269000
v -0.008670000 -0.004522000 -0.021266000
v -0.005943000 -0.004255000 -0.020204000
v -0.008527000 -0.004624000 -0.021560000
v -0.010317000 -0.012755000 -0.019943000
v -0.010237000 -0.015458000 -0.019120000
v -0.010536000 -0.012521000 -0.019717000
v -0.010467000 -0.015185000 -0.018916000
v -0.007819000 -0.014324000 -0.018438000
v -0.007940000 -0.012005000 -0.019092000
v 0.010551000 -0.012154000 -0.019172000
v 0.010193000 -0.014593000 -0.018261000
v 0.010010000 -0.014305000 -0.018063000
v 0.010351000 -0.011939000 -0.018942000
v 0.008178000 -0.012212000 -0.019093000
v 0.009778000 -0.013991000 -0.019599000
v 0.006129000 -0.007534000 -0.021146000
v 0.009085000 -0.007036000 -0.020210000
v -0.008908000 -0.007279000 -0.020839000
v -0.006005000 -0.007239000 -0.019980000
v -0.008751000 -0.007430000 -0.021116000
v 0.008928000 -0.007002000 -0.019972000
v -0.004055000 0.010355000 -0.019923000
v 0.008117000 0.003893000 -0.020245000
v 0.000002000 -0.004274000 -0.020176000
v 0.000017000 -0.007272000 -0.019959000
v -0.008686000 -0.022299000 0.016777000
v 0.008590000 -0.021562000 0.015093000
v 0.008729000 -0.021735000 0.015483000
v -0.000047000 0.011011000 -0.019613000
v 0.003814000 0.010362000 -0.019919000
v 0.008375000 0.001621000 -0.020485000
v 0.005803000 0.001586000 -0.021895000
v 0.008517000 0.001613000 -0.020795000
v -0.008623000 0.001609000 -0.021534000
v -0.005849000 0.001631000 -0.020407000
v -0.008477000 0.001601000 -0.021840000
v -0.000019000 0.001615000 -0.020378000
v -0.008831000 -0.022136000 0.016402000
v 0.006771000 0.007607000 -0.020621000
v 0.006605000 0.007514000 -0.020903000
v 0.006672000 0.007132000 -0.019642000
v -0.008831000 -0.023205000 0.015511000
v 0.008729000 -0.022743000 0.014607000
v -0.006996000 0.007626000 -0.020619000
v -0.006806000 0.007548000 -0.020895000
v -0.006890000 0.007149000 -0.019639000
v 0.008590000 -0.022536000 0.014226000
v -0.008686000 -0.023390000 0.015880000
v -0.011740000 -0.015213000 0.018648000
v -0.011494000 -0.015430000 0.018834000
v -0.000039000 0.001749000 -0.021969000
v 0.000364000 0.001836000 -0.021969000
v 0.000705000 0.002083000 -0.021964000
v 0.000934000 0.002450000 -0.021952000
v 0.001013000 0.002881000 -0.021930000
v 0.000933000 0.003310000 -0.021901000
v 0.000705000 0.003671000 -0.021873000
v 0.000363000 0.003911000 -0.021850000
v -0.000039000 0.003995000 -0.021843000
v -0.000440000 0.003911000 -0.021850000
v -0.000782000 0.003671000 -0.021873000
v -0.001010000 0.003310000 -0.021901000
v -0.001090000 0.002881000 -0.021930000
v -0.001011000 0.002450000 -0.021952000
v -0.000782000 0.002083000 -0.021964000
v -0.000441000 0.001836000 -0.021969000
v 0.001251000 -0.000624000 -0.021757000
v -0.000039000 -0.000915000 -0.021755000
v 0.002345000 0.000203000 -0.021734000
v 0.003076000 0.001430000 -0.021664000
v 0.003332000 0.002864000 -0.021590000
v 0.003076000 0.004294000 -0.021502000
v 0.002345000 0.005498000 -0.021380000
v 0.001252000 0.006292000 -0.021243000
v -0.000039000 0.006569000 -0.021185000
v -0.001329000 0.006292000 -0.021243000
v -0.002422000 0.005498000 -0.021380000
v -0.003153000 0.004294000 -0.021502000
v -0.003409000 0.002863000 -0.021590000
v -0.003153000 0.001430000 -0.021663000
v -0.002422000 0.000204000 -0.021733000
v -0.001329000 -0.000624000 -0.021756000
v -0.000039000 0.002143000 -0.024263000
v 0.000395000 0.002230000 -0.024266000
v 0.000762000 0.002475000 -0.024266000
v 0.001008000 0.002841000 -0.024257000
v 0.001094000 0.003272000 -0.024239000
v 0.001008000 0.003699000 -0.024217000
v 0.000762000 0.004059000 -0.024194000
v 0.000395000 0.004298000 -0.024172000
v -0.000039000 0.004381000 -0.024161000
v -0.000472000 0.004298000 -0.024172000
v -0.000839000 0.004059000 -0.024194000
v -0.001085000 0.003699000 -0.024217000
v -0.001171000 0.003272000 -0.024239000
v -0.001085000 0.002841000 -0.024257000
v -0.000839000 0.002475000 -0.024266000
v -0.000472000 0.002230000 -0.024266000
v -0.000039000 0.002030000 -0.024475000
v 0.000441000 0.002127000 -0.024478000
v 0.000847000 0.002400000 -0.024479000
v 0.001119000 0.002808000 -0.024470000
v 0.001214000 0.003288000 -0.024450000
v 0.001119000 0.003764000 -0.024428000
v 0.000847000 0.004165000 -0.024402000
v 0.000441000 0.004431000 -0.024376000
v -0.000039000 0.004524000 -0.024365000
v -0.000518000 0.004431000 -0.024376000
v -0.000924000 0.004165000 -0.024402000
v -0.001196000 0.003764000 -0.024428000
v -0.001291000 0.003288000 -0.024450000
v -0.001196000 0.002808000 -0.024469000
v -0.000924000 0.002400000 -0.024478000
v -0.000518000 0.002127000 -0.024478000
v -0.000039000 0.002044000 -0.024807000
v 0.000434000 0.002141000 -0.024810000
v 0.000835000 0.002414000 -0.024810000
v 0.001103000 0.002822000 -0.024801000
v 0.001197000 0.003301000 -0.024782000
v 0.001103000 0.003776000 -0.024763000
v 0.000835000 0.004177000 -0.024737000
v 0.000434000 0.004444000 -0.024711000
v -0.000039000 0.004537000 -0.024700000
v -0.000511000 0.004444000 -0.024711000
v -0.000912000 0.004177000 -0.024737000
v -0.001180000 0.003776000 -0.024762000
v -0.001274000 0.003301000 -0.024782000
v -0.001180000 0.002822000 -0.024801000
v -0.000912000 0.002414000 -0.024810000
v -0.000511000 0.002141000 -0.024810000
v -0.000039000 0.002300000 -0.025167000
v 0.000338000 0.002378000 -0.025170000
v 0.000657000 0.002599000 -0.025168000
v 0.000871000 0.002928000 -0.025159000
v 0.000945000 0.003314000 -0.025146000
v 0.000871000 0.003698000 -0.025132000
v 0.000657000 0.004022000 -0.025112000
v 0.000338000 0.004237000 -0.025093000
v -0.000039000 0.004312000 -0.025084000
v -0.000415000 0.004237000 -0.025093000
v -0.000734000 0.004022000 -0.025112000
v -0.000948000 0.003698000 -0.025132000
v -0.001022000 0.003314000 -0.025146000
v -0.000948000 0.002928000 -0.025159000
v -0.000734000 0.002599000 -0.025168000
v -0.000415000 0.002378000 -0.025170000
v 0.000576000 0.001262000 -0.021947000
v -0.000039000 0.001126000 -0.021949000
v 0.001099000 0.001644000 -0.021934000
v 0.001450000 0.002210000 -0.021911000
v 0.001575000 0.002873000 -0.021879000
v 0.001453000 0.003534000 -0.021838000
v 0.001103000 0.004089000 -0.021793000
v 0.000579000 0.004457000 -0.021748000
v -0.000039000 0.004586000 -0.021729000
v -0.000656000 0.004457000 -0.021748000
v -0.001180000 0.004089000 -0.021793000
v -0.001530000 0.003534000 -0.021838000
v -0.001652000 0.002873000 -0.021878000
v -0.001527000 0.002210000 -0.021910000
v -0.001176000 0.001644000 -0.021933000
v -0.000653000 0.001262000 -0.021947000
v -0.000039000 -0.000419000 -0.022009000
v 0.001075000 -0.000165000 -0.022009000
v 0.002030000 0.000556000 -0.021987000
v 0.002679000 0.001624000 -0.021926000
v 0.002915000 0.002874000 -0.021867000
v 0.002697000 0.004120000 -0.021797000
v 0.002053000 0.005169000 -0.021698000
v 0.001090000 0.005862000 -0.021586000
v -0.000039000 0.006103000 -0.021538000
v -0.001167000 0.005862000 -0.021586000
v -0.002130000 0.005169000 -0.021698000
v -0.002774000 0.004120000 -0.021796000
v -0.002992000 0.002874000 -0.021867000
v -0.002756000 0.001624000 -0.021926000
v -0.002107000 0.000556000 -0.021985000
v -0.001151000 -0.000165000 -0.022008000
v 0.003372000 0.002820000 -0.020501000
v 0.003112000 0.001449000 -0.020591000
v -0.003449000 0.002820000 -0.020501000
v -0.003189000 0.004193000 -0.020400000
v 0.003112000 0.004193000 -0.020400000
v -0.003189000 0.001449000 -0.020590000
v 0.002373000 0.005349000 -0.020280000
v -0.002450000 0.000272000 -0.020663000
v 0.001267000 0.006111000 -0.020147000
v -0.001344000 -0.000522000 -0.020685000
v -0.000039000 0.006377000 -0.020091000
v 0.001267000 -0.000522000 -0.020686000
v -0.000039000 -0.000799000 -0.020686000
v -0.001344000 0.006111000 -0.020147000
v 0.002373000 0.000272000 -0.020665000
v -0.002450000 0.005349000 -0.020280000
v 0.001253000 -0.000447000 -0.020406000
v -0.000039000 -0.000716000 -0.020406000
v 0.002347000 0.000327000 -0.020384000
v 0.003078000 0.001474000 -0.020310000
v 0.003334000 0.002809000 -0.020217000
v 0.003078000 0.004146000 -0.020115000
v 0.002347000 0.005273000 -0.019998000
v 0.001253000 0.006016000 -0.019871000
v -0.000039000 0.006275000 -0.019816000
v -0.001330000 0.006016000 -0.019871000
v -0.002424000 0.005273000 -0.019998000
v -0.003155000 0.004146000 -0.020115000
v -0.003411000 0.002808000 -0.020217000
v -0.003155000 0.001474000 -0.020309000
v -0.002424000 0.000327000 -0.020382000
v -0.001330000 -0.000447000 -0.020405000
v 0.001168000 -0.000212000 -0.020401000
v -0.000039000 -0.000465000 -0.020403000
v 0.002187000 0.000510000 -0.020377000
v 0.002866000 0.001574000 -0.020304000
v 0.003103000 0.002809000 -0.020219000
v 0.002866000 0.004046000 -0.020129000
v 0.002187000 0.005092000 -0.020027000
v 0.001168000 0.005785000 -0.019915000
v -0.000039000 0.006028000 -0.019867000
v -0.001245000 0.005785000 -0.019915000
v -0.002265000 0.005092000 -0.020027000
v -0.002943000 0.004046000 -0.020129000
v -0.003180000 0.002809000 -0.020219000
v -0.002943000 0.001574000 -0.020303000
v -0.002265000 0.000510000 -0.020375000
v -0.001245000 -0.000212000 -0.020400000
v 0.000899000 0.000489000 -0.020373000
v -0.000039000 0.000292000 -0.020377000
v 0.001688000 0.001048000 -0.020349000
v 0.002209000 0.001865000 -0.020291000
v 0.002391000 0.002809000 -0.020229000
v 0.002209000 0.003754000 -0.020164000
v 0.001688000 0.004557000 -0.020094000
v 0.000899000 0.005093000 -0.020015000
v -0.000976000 0.005093000 -0.020015000
v -0.001765000 0.004557000 -0.020094000
v -0.002286000 0.003754000 -0.020164000
v -0.002468000 0.002809000 -0.020228000
v -0.002286000 0.001865000 -0.020290000
v -0.001765000 0.001048000 -0.020348000
v -0.000976000 0.000489000 -0.020372000
v 0.005888000 -0.001519000 -0.021926000
v 0.008554000 -0.001315000 -0.020841000
v -0.008630000 -0.001447000 -0.021575000
v -0.005911000 -0.001252000 -0.020445000
v -0.008487000 -0.001502000 -0.021877000
v 0.008416000 -0.001260000 -0.020531000
v -0.000015000 -0.001267000 -0.020412000
v 0.008533000 -0.022709000 -0.012701000
v 0.008524000 -0.024774000 -0.009502000
v 0.008524000 -0.026213000 -0.006047000
v 0.008524000 -0.027191000 -0.002345000
v 0.008524000 -0.027548000 0.001415000
v -0.008676000 -0.023683000 -0.012781000
v -0.008630000 -0.025774000 -0.009401000
v -0.008630000 -0.027207000 -0.005799000
v -0.008630000 -0.028159000 -0.002009000
v -0.008630000 -0.028485000 0.001900000
v 0.008387000 -0.027157000 0.001223000
v 0.008387000 -0.026788000 -0.002480000
v 0.008387000 -0.025804000 -0.006143000
v 0.008387000 -0.024369000 -0.009532000
v 0.008402000 -0.022318000 -0.012658000
v -0.008487000 -0.028878000 0.002114000
v -0.008487000 -0.028565000 -0.001861000
v -0.008487000 -0.027627000 -0.005690000
v -0.008487000 -0.026202000 -0.009347000
v -0.008525000 -0.024103000 -0.012804000
v -0.000022000 0.003653000 -0.020238000
v -0.005534000 0.003676000 -0.020241000
v 0.005394000 0.004093000 -0.021673000
v -0.004728000 0.007670000 -0.021006000
v -0.000036000 0.007750000 -0.020970000
v 0.004584000 0.007657000 -0.021007000
v -0.005143000 0.005560000 -0.020008000
v -0.000029000 0.005546000 -0.020010000
v 0.000680000 0.002207000 -0.022453000
v 0.000350000 0.001973000 -0.022456000
v -0.000756000 0.003715000 -0.022370000
v -0.000427000 0.003943000 -0.022349000
v 0.000901000 0.002555000 -0.022443000
v -0.000977000 0.003372000 -0.022395000
v 0.000978000 0.002964000 -0.022422000
v -0.001055000 0.002964000 -0.022422000
v 0.000900000 0.003372000 -0.022395000
v -0.000978000 0.002555000 -0.022443000
v 0.000679000 0.003715000 -0.022370000
v -0.000757000 0.002207000 -0.022453000
v 0.000350000 0.003943000 -0.022349000
v -0.000427000 0.001973000 -0.022456000
v -0.000039000 0.004023000 -0.022342000
v -0.000039000 0.001890000 -0.022455000
v 0.000723000 0.002412000 -0.023722000
v -0.000799000 0.003943000 -0.023648000
v 0.000956000 0.002766000 -0.023713000
v -0.001032000 0.003595000 -0.023671000
v 0.001037000 0.003181000 -0.023694000
v -0.001114000 0.003182000 -0.023694000
v 0.000955000 0.003595000 -0.023671000
v -0.001033000 0.002766000 -0.023713000
v 0.000722000 0.003943000 -0.023648000
v -0.000800000 0.002412000 -0.023722000
v 0.000373000 0.004174000 -0.023626000
v -0.000450000 0.002175000 -0.023723000
v -0.000039000 0.004254000 -0.023617000
v 0.000373000 0.002175000 -0.023723000
v -0.000450000 0.004174000 -0.023626000
v -0.000039000 0.002091000 -0.023721000
v 0.010796000 -0.016489000 0.018951000
v -0.010883000 -0.016225000 0.017289000
v -0.003408000 -0.024578000 0.011650000
v -0.008762000 -0.024736000 0.011857000
v -0.003351000 -0.026172000 0.008456000
v -0.008638000 -0.026336000 0.008657000
v -0.008612000 -0.027191000 0.004632000
v -0.003343000 -0.027017000 0.004463000
v 0.010150000 -0.017616000 0.018574000
v 0.003967000 -0.017642000 0.018791000
v -0.009465000 -0.018358000 0.017017000
v -0.009003000 -0.018297000 0.016788000
v -0.007544000 -0.025482000 0.010097000
v 0.007530000 -0.019409000 0.016336000
v 0.008910000 -0.019904000 0.017910000
v 0.008487000 -0.019973000 0.018127000
v 0.009362000 -0.018709000 0.018319000
v -0.007962000 -0.018769000 0.018535000
v -0.009754000 -0.017275000 0.017097000
v -0.008625000 -0.017661000 0.018788000
v -0.007580000 -0.019976000 0.018138000
v -0.008571000 -0.019411000 0.016346000
v -0.008405000 -0.020506000 0.015762000
v 0.003411000 -0.021185000 0.017596000
v -0.011442000 -0.016270000 0.017504000
v 0.004432000 -0.016466000 0.018951000
v -0.010255000 -0.017327000 0.017318000
v -0.008837000 -0.020594000 0.015998000
v -0.003446000 -0.020506000 0.015764000
v 0.008288000 -0.024565000 0.014806000
v -0.003431000 -0.023489000 0.013075000
v -0.007403000 -0.024573000 0.014819000
v 0.003396000 -0.024580000 0.014843000
v -0.003381000 -0.025490000 0.010100000
v 0.003344000 -0.026867000 0.011769000
v -0.007306000 -0.026860000 0.011751000
v 0.008199000 -0.026852000 0.011740000
v 0.003306000 -0.028388000 0.008041000
v -0.003344000 -0.026670000 0.006667000
v 0.008099000 -0.028333000 0.008039000
v -0.007223000 -0.028348000 0.008043000
v -0.009012000 -0.019484000 0.016576000
v -0.007433000 -0.021183000 0.017578000
v -0.008802000 -0.023637000 0.013291000
v -0.008723000 -0.025657000 0.010303000
v -0.008615000 -0.026838000 0.006858000
v 0.008711000 -0.022230000 0.016618000
v -0.007412000 -0.022333000 0.016855000
v -0.008358000 0.004008000 -0.020362000
v -0.004068000 0.009727000 -0.018830000
v 0.008229000 0.004054000 -0.021479000
v 0.007685000 0.005602000 -0.020279000
v 0.003909000 0.010130000 -0.018776000
v 0.008659000 -0.025647000 0.013120000
v 0.008533000 -0.027520000 0.009769000
v 0.008507000 -0.028521000 0.005546000
v 0.003658000 -0.018762000 0.018544000
v -0.003513000 -0.019407000 0.016345000
v 0.003480000 -0.019975000 0.018154000
v 0.008701000 -0.024439000 0.014591000
v 0.008618000 -0.026684000 0.011533000
v 0.008510000 -0.028118000 0.007865000
v -0.003436000 -0.021533000 0.015030000
v -0.008812000 -0.021636000 0.015259000
v 0.007361000 -0.021529000 0.015016000
v -0.008382000 -0.021532000 0.015026000
v -0.004108000 0.010131000 -0.018776000
v -0.009457000 -0.009796000 -0.019566000
v -0.003278000 -0.010284000 -0.019647000
v -0.003265000 -0.010476000 -0.020405000
v 0.008298000 -0.022327000 0.016843000
v 0.009633000 -0.010422000 -0.020462000
v 0.008961000 -0.018544000 -0.017330000
v -0.003414000 -0.016626000 -0.017128000
v -0.009473000 -0.017195000 -0.016805000
v -0.003583000 -0.016812000 -0.017852000
v 0.007056000 -0.018794000 -0.017420000
v 0.003402000 -0.022337000 0.016877000
v 0.007552000 0.005729000 -0.021524000
v -0.000047000 0.010499000 -0.018568000
v -0.005683000 -0.016106000 -0.018407000
v 0.005141000 -0.016358000 -0.018047000
v -0.009292000 -0.017927000 -0.016415000
v -0.002834000 0.003665000 -0.020240000
v 0.008791000 -0.019269000 -0.016925000
v 0.008553000 -0.021389000 -0.015377000
v -0.008975000 -0.020010000 -0.015011000
v -0.003030000 -0.001259000 -0.020429000
v 0.008725000 -0.004580000 -0.021436000
v 0.003385000 -0.004267000 -0.020188000
v -0.008653000 -0.004257000 -0.020392000
v -0.003355000 -0.004662000 -0.021589000
v -0.007917000 -0.014919000 -0.019205000
v -0.010490000 -0.011842000 -0.019031000
v -0.010442000 -0.014361000 -0.018317000
v 0.010121000 -0.011759000 -0.020128000
v 0.007996000 -0.012576000 -0.019623000
v 0.007670000 -0.014800000 -0.018859000
v 0.009539000 -0.015607000 -0.018971000
v 0.010517000 -0.012842000 -0.019856000
v 0.010116000 -0.015466000 -0.018834000
v 0.007499000 -0.011616000 -0.019259000
v -0.003376000 -0.007548000 -0.021125000
v -0.008888000 -0.007005000 -0.020068000
v 0.003459000 -0.007265000 -0.019969000
v 0.009066000 -0.007363000 -0.021000000
v 0.003352000 -0.010290000 -0.019648000
v 0.003335000 -0.010476000 -0.020406000
v 0.005820000 -0.004251000 -0.020204000
v 0.003387000 -0.004662000 -0.021590000
v 0.003449000 -0.007547000 -0.021126000
v 0.000019000 -0.008766000 -0.019731000
v 0.000017000 -0.010191000 -0.020799000
v 0.000020000 -0.009965000 -0.019936000
v 0.003372000 -0.025812000 0.013365000
v 0.003313000 -0.027732000 0.009990000
v 0.003305000 -0.028811000 0.005701000
v 0.008919000 -0.018767000 0.018526000
v 0.008736000 -0.021097000 0.017345000
v -0.003533000 -0.017775000 -0.016339000
v 0.003029000 -0.017117000 -0.017823000
v 0.003336000 -0.019544000 -0.017034000
v 0.003318000 -0.021736000 -0.015429000
v -0.003487000 -0.019890000 -0.014936000
v 0.007305000 -0.024573000 0.011634000
v 0.007185000 -0.026131000 0.008462000
v 0.007166000 -0.026969000 0.004471000
v 0.006735000 -0.028658000 -0.001836000
v 0.007351000 -0.023485000 0.013060000
v 0.007252000 -0.025476000 0.010087000
v 0.007168000 -0.026623000 0.006677000
v 0.007440000 -0.016992000 -0.016734000
v -0.008330000 -0.024579000 0.011644000
v -0.008208000 -0.026133000 0.008474000
v -0.008184000 -0.026968000 0.004482000
v 0.009196000 -0.018207000 0.016861000
v -0.008372000 -0.023491000 0.013069000
v -0.008287000 -0.025481000 0.010097000
v -0.008187000 -0.026623000 0.006689000
v -0.008824000 -0.009817000 -0.019433000
v -0.008917000 -0.016980000 -0.016718000
v -0.009775000 -0.014151000 -0.018220000
v -0.000048000 0.010789000 -0.018510000
v -0.003302000 0.001588000 -0.021880000
v 0.003263000 0.001617000 -0.020390000
v 0.008499000 0.001590000 -0.021712000
v -0.008604000 0.001631000 -0.020615000
v 0.003263000 0.001582000 -0.021882000
v -0.009623000 -0.016489000 0.018954000
v 0.008097000 -0.028748000 0.005704000
v 0.008120000 -0.027707000 0.009968000
v 0.008245000 -0.025795000 0.013329000
v -0.003689000 -0.018287000 0.016784000
v 0.007382000 -0.020503000 0.015752000
v 0.009002000 -0.010617000 -0.020597000
v 0.008431000 -0.018779000 -0.017423000
v 0.008312000 -0.019514000 -0.017011000
v 0.008136000 -0.021646000 -0.015429000
v 0.008302000 -0.004641000 -0.021613000
v 0.009925000 -0.012992000 -0.019988000
v 0.010364000 -0.013845000 -0.019466000
v 0.008587000 -0.007469000 -0.021164000
v 0.005089000 0.008745000 -0.019154000
v 0.008321000 -0.021179000 0.017566000
v 0.007412000 -0.017742000 -0.016335000
v 0.007280000 -0.019833000 -0.014940000
v 0.009554000 -0.012038000 -0.020233000
v 0.008074000 0.001586000 -0.021897000
v 0.006795000 0.007276000 -0.019733000
v 0.007361000 -0.022494000 0.014151000
v -0.008382000 -0.022499000 0.014160000
v 0.011333000 -0.016470000 0.018745000
v -0.007357000 -0.025804000 0.013341000
v -0.007240000 -0.027717000 0.009976000
v -0.007221000 -0.028766000 0.005706000
v 0.007912000 -0.018294000 0.016777000
v -0.007596000 -0.018792000 -0.017435000
v -0.007562000 -0.019537000 -0.017030000
v -0.007413000 -0.021698000 -0.015433000
v -0.008109000 -0.012355000 -0.020082000
v 0.009668000 -0.017660000 0.018781000
v -0.008795000 -0.017728000 -0.016326000
v -0.008536000 -0.019805000 -0.014942000
v -0.008225000 -0.004220000 -0.020218000
v -0.009837000 -0.011715000 -0.018903000
v -0.008416000 -0.007049000 -0.019945000
v -0.008166000 0.001636000 -0.020430000
v -0.007133000 0.006082000 -0.019883000
v -0.008812000 -0.022625000 0.014388000
v 0.008298000 -0.023423000 0.015945000
v -0.003436000 -0.022497000 0.014165000
v 0.003402000 -0.023435000 0.015981000
v 0.008711000 -0.023312000 0.015723000
v -0.007412000 -0.023429000 0.015958000
v -0.006986000 0.007357000 -0.019710000
v 0.011875000 -0.015330000 0.018982000
v -0.011780000 -0.015595000 0.017572000
v 0.004891000 -0.015299000 0.018973000
v -0.010607000 -0.015311000 0.018981000
v 0.011993000 -0.015813000 0.018606000
v -0.010810000 -0.015078000 0.018651000
v 0.004986000 -0.015056000 0.018643000
v 0.012108000 -0.015105000 0.018658000
v -0.000038000 0.003320000 -0.025474000
v -0.003263000 -0.007254000 -0.019970000
v 0.003316000 -0.001529000 -0.021907000
v -0.008612000 -0.001283000 -0.020662000
v 0.008126000 -0.001511000 -0.021931000
v 0.008539000 -0.001479000 -0.021750000
v 0.003315000 -0.001261000 -0.020425000
v -0.003342000 -0.001529000 -0.021906000
v -0.008184000 -0.001250000 -0.020474000
v 0.007165000 -0.027093000 0.001184000
v 0.007165000 -0.026724000 -0.002507000
v 0.007165000 -0.025745000 -0.006160000
v 0.007165000 -0.024317000 -0.009534000
v 0.007179000 -0.022278000 -0.012647000
v -0.008184000 -0.027091000 0.001190000
v -0.008184000 -0.026720000 -0.002503000
v -0.008184000 -0.025736000 -0.006159000
v -0.008184000 -0.024303000 -0.009536000
v -0.008245000 -0.022258000 -0.012649000
v -0.003342000 -0.027141000 0.001177000
v -0.003342000 -0.026775000 -0.002510000
v -0.003342000 -0.025809000 -0.006147000
v -0.003342000 -0.024384000 -0.009519000
v -0.003367000 -0.022341000 -0.012638000
v -0.008612000 -0.027323000 0.001304000
v -0.008612000 -0.026958000 -0.002423000
v -0.008612000 -0.025977000 -0.006102000
v -0.008612000 -0.024539000 -0.009519000
v -0.008674000 -0.022483000 -0.012676000
v 0.008507000 -0.028711000 0.002023000
v 0.008507000 -0.028392000 -0.001924000
v 0.008507000 -0.027448000 -0.005736000
v 0.008507000 -0.026019000 -0.009371000
v 0.008507000 -0.023922000 -0.012795000
v -0.007220000 -0.028967000 0.002151000
v -0.007220000 -0.028661000 -0.001835000
v -0.007220000 -0.027734000 -0.005667000
v -0.007220000 -0.026320000 -0.009331000
v -0.007250000 -0.024227000 -0.012806000
v 0.003305000 -0.029013000 0.002147000
v 0.003305000 -0.028708000 -0.001838000
v 0.003305000 -0.027792000 -0.005660000
v 0.003305000 -0.026378000 -0.009317000
v 0.003304000 -0.024277000 -0.012797000
v 0.008096000 -0.028948000 0.002150000
v 0.008096000 -0.028638000 -0.001836000
v 0.008096000 -0.027704000 -0.005672000
v 0.008096000 -0.026282000 -0.009337000
v 0.008096000 -0.024183000 -0.012808000
v 0.005702000 -0.001253000 -0.020447000
v 0.003049000 0.003642000 -0.020242000
v -0.007966000 0.003841000 -0.020212000
v -0.000029000 0.005829000 -0.021398000
v -0.003076000 0.004123000 -0.021667000
v 0.003020000 0.004101000 -0.021669000
v 0.007859000 0.003911000 -0.021696000
v -0.004842000 0.005867000 -0.021405000
v -0.004937000 0.006498000 -0.019817000
v -0.000033000 0.006486000 -0.019819000
v 0.002774000 0.005538000 -0.020011000
v 0.003893000 0.009882000 -0.018809000
v 0.002173000 0.009064000 -0.019019000
v -0.002286000 0.009065000 -0.019019000
v 0.008324000 -0.017191000 0.017082000
v 0.007406000 -0.011695000 -0.019882000
v 0.002915000 -0.016999000 -0.017199000
v 0.006860000 -0.025800000 0.013339000
v -0.008839000 -0.017191000 0.017077000
v 0.003800000 -0.017180000 0.017076000
v 0.009913000 -0.017171000 0.017108000
v 0.010360000 -0.017240000 0.017359000
v 0.008795000 -0.009043000 -0.020880000
v 0.008102000 -0.013510000 -0.019303000
v 0.010221000 -0.012843000 -0.018607000
v 0.006225000 -0.009194000 -0.020772000
v -0.003320000 -0.008769000 -0.019737000
v 0.003399000 -0.008768000 -0.019738000
v -0.002758000 0.005554000 -0.020009000
v 0.006754000 -0.027714000 0.009974000
v -0.003167000 -0.028785000 0.005710000
v 0.007740000 -0.014699000 -0.018160000
v -0.003147000 -0.004264000 -0.020191000
v 0.003240000 -0.018776000 -0.017365000
v 0.004147000 0.008569000 -0.019204000
v 0.010414000 -0.013086000 -0.018824000
v 0.007679000 0.005739000 -0.021214000
v 0.004692000 -0.015617000 0.017342000
v -0.010180000 -0.015634000 0.017347000
v 0.011965000 -0.015689000 0.017570000
v 0.011418000 -0.015650000 0.017363000
v 0.004974000 -0.014994000 0.017607000
v -0.010785000 -0.015013000 0.017615000
v 0.012077000 -0.015054000 0.017623000
v 0.009349000 -0.008892000 -0.020731000
v -0.002916000 0.001623000 -0.020392000
v 0.005630000 0.001622000 -0.020409000
v 0.009185000 -0.008380000 -0.019720000
v 0.002769000 0.005818000 -0.021400000
v -0.002842000 0.005835000 -0.021398000
v 0.002458000 0.007700000 -0.020990000
v -0.002719000 0.006490000 -0.019818000
v 0.000385000 0.003716000 -0.025361000
v 0.000209000 0.002819000 -0.025395000
v 0.000405000 0.002942000 -0.025390000
v 0.000533000 0.003122000 -0.025383000
v 0.000574000 0.003333000 -0.025375000
v 0.000522000 0.003542000 -0.025368000
v -0.000053000 0.003868000 -0.025355000
v -0.000286000 0.003821000 -0.025357000
v -0.000482000 0.003698000 -0.025362000
v -0.000610000 0.003518000 -0.025368000
v -0.000651000 0.003307000 -0.025376000
v -0.000599000 0.003098000 -0.025384000
v -0.000461000 0.002924000 -0.025391000
v -0.000260000 0.002809000 -0.025395000
v -0.000024000 0.002772000 -0.025396000
v 0.000183000 0.003831000 -0.025357000
v 0.002578000 -0.025482000 0.010092000
v 0.002596000 -0.024575000 0.011641000
v 0.002813000 -0.018291000 0.016780000
v 0.002676000 -0.019408000 0.016340000
v 0.002547000 -0.026746000 -0.002508000
v 0.002623000 -0.020504000 0.015757000
v 0.002548000 -0.019858000 -0.014938000
v 0.002601000 -0.017756000 -0.016337000
v 0.002547000 -0.024347000 -0.009528000
v 0.002547000 -0.027114000 0.001181000
v 0.002547000 -0.025773000 -0.006154000
v 0.002543000 -0.022306000 -0.012643000
v 0.002554000 -0.026149000 0.008459000
v 0.002615000 -0.021530000 0.015022000
v 0.002612000 -0.023487000 0.013066000
v 0.002547000 -0.026990000 0.004467000
v 0.002548000 -0.026644000 0.006673000
v 0.002615000 -0.022495000 0.014157000
v -0.009023000 -0.008981000 -0.020839000
v -0.009173000 -0.008400000 -0.019817000
v -0.006088000 -0.008763000 -0.019762000
v -0.008620000 -0.008433000 -0.019689000
v -0.009206000 -0.008796000 -0.020576000
v 0.000014000 -0.007556000 -0.021171000
v 0.000003000 -0.004658000 -0.021560000
v -0.000012000 -0.001526000 -0.021843000
v -0.000019000 0.001584000 -0.021856000
v -0.000023000 0.004107000 -0.021630000
v 0.003392000 -0.009012000 -0.020766000
v 0.009371000 -0.008456000 -0.019959000
v -0.003321000 -0.009012000 -0.020765000
v 0.000016000 -0.008980000 -0.020985000
v 0.005355000 0.003639000 -0.020246000
v 0.005969000 -0.007215000 -0.019974000
v 0.005989000 -0.008673000 -0.019722000
v 0.004775000 0.005525000 -0.020013000
v 0.002632000 0.006466000 -0.019796000
v 0.004552000 0.006477000 -0.019788000
v 0.007488000 0.005567000 -0.020058000
v -0.000042000 0.009064000 -0.019019000
v 0.005340000 0.009072000 -0.020130000
v 0.005153000 0.009075000 -0.020358000
v 0.005404000 0.008804000 -0.019134000
v -0.005552000 0.009082000 -0.020129000
v -0.005479000 0.008438000 -0.019235000
v -0.002437000 0.008232000 -0.019300000
v 0.002332000 0.008229000 -0.019300000
v -0.000039000 0.008230000 -0.019300000
v -0.005547000 0.008744000 -0.019243000
v -0.005455000 0.008979000 -0.020386000
v -0.004475000 0.008825000 -0.020598000
v -0.000040000 0.008941000 -0.020541000
v 0.004250000 0.009071000 -0.020509000
v 0.005012000 0.005774000 -0.021359000
v -0.007634000 0.005995000 -0.020932000
v -0.007470000 0.006002000 -0.021282000
v -0.007504000 0.006093000 -0.019956000
v 0.002235000 0.009010000 -0.020524000
v 0.001947000 0.010668000 -0.019776000
v 0.001902000 0.010890000 -0.019496000
v 0.001940000 0.010458000 -0.018643000
v 0.001985000 0.010181000 -0.018693000
v -0.002552000 0.007707000 -0.020989000
v -0.002365000 0.008880000 -0.020571000
v -0.002063000 0.010731000 -0.019701000
v -0.002032000 0.010894000 -0.019495000
v -0.002068000 0.010462000 -0.018642000
v -0.002123000 0.010100000 -0.018704000
v -0.005234000 0.001593000 -0.021890000
v -0.005362000 -0.007531000 -0.021141000
v -0.005305000 -0.004654000 -0.021603000
v -0.004952000 0.004125000 -0.021670000
v -0.005281000 -0.001522000 -0.021920000
v -0.005373000 -0.009082000 -0.020808000
v -0.004434000 0.008367000 -0.019257000
v -0.003308000 -0.019976000 0.018151000
v -0.003725000 -0.017653000 0.018796000
v -0.004345000 -0.015627000 0.017351000
v -0.003241000 -0.022335000 0.016871000
v -0.003983000 -0.017185000 0.017081000
v -0.003356000 -0.019540000 -0.017025000
v -0.003220000 -0.025807000 0.013357000
v -0.003185000 -0.024248000 -0.012796000
v -0.003237000 -0.024576000 0.014835000
v -0.003202000 -0.026863000 0.011765000
v -0.003167000 -0.027758000 -0.005658000
v -0.003167000 -0.028986000 0.002156000
v -0.003167000 -0.026344000 -0.009319000
v -0.003460000 -0.018766000 0.018545000
v -0.004123000 -0.016480000 0.018959000
v -0.003249000 -0.021184000 0.017591000
v -0.003175000 -0.027724000 0.009988000
v -0.003168000 -0.028365000 0.008049000
v -0.003241000 -0.023432000 0.015974000
v -0.004516000 -0.015306000 0.018984000
v -0.003167000 -0.028681000 -0.001830000
v -0.004597000 -0.015069000 0.018654000
v -0.003275000 -0.021714000 -0.015425000
v -0.004586000 -0.015005000 0.017618000
v 0.009489000 -0.018326000 0.017197000
v 0.008936000 -0.019557000 0.016735000
v 0.006898000 -0.019522000 -0.017018000
v 0.006820000 -0.026856000 0.011749000
v 0.006735000 -0.024210000 -0.012805000
v 0.008048000 -0.017655000 0.018784000
v 0.006735000 -0.027729000 -0.005668000
v 0.007065000 -0.019973000 0.018135000
v 0.006735000 -0.028766000 0.005703000
v 0.006898000 -0.024569000 0.014817000
v 0.006737000 -0.028348000 0.008040000
v 0.010059000 -0.015037000 0.017619000
v 0.010085000 -0.015091000 0.018654000
v 0.006735000 -0.026309000 -0.009332000
v 0.006767000 -0.021672000 -0.015429000
v 0.009507000 -0.015641000 0.017357000
v 0.006926000 -0.021180000 0.017574000
v 0.006907000 -0.023426000 0.015955000
v 0.006907000 -0.022330000 0.016853000
v 0.008988000 -0.016483000 0.018951000
v 0.007424000 -0.018765000 0.018531000
v 0.009891000 -0.015321000 0.018979000
v 0.006735000 -0.028966000 0.002150000
v -0.007633000 -0.021532000 0.015026000
v -0.007654000 -0.020506000 0.015762000
v -0.007998000 -0.017735000 -0.016328000
v -0.007506000 -0.022270000 -0.012647000
v -0.007454000 -0.026630000 0.006686000
v -0.008199000 -0.018295000 0.016788000
v -0.007451000 -0.025747000 -0.006157000
v -0.007451000 -0.027099000 0.001188000
v -0.007633000 -0.022498000 0.014161000
v -0.007451000 -0.026728000 -0.002504000
v -0.007806000 -0.019411000 0.016346000
v -0.007772000 -0.019818000 -0.014941000
v -0.007451000 -0.026976000 0.004479000
v -0.007472000 -0.026139000 0.008471000
v -0.007624000 -0.023491000 0.013070000
v -0.007585000 -0.024579000 0.011645000
v -0.007451000 -0.024315000 -0.009533000
v 0.004362000 -0.016195000 0.017243000
v 0.010861000 -0.016213000 0.017269000
v -0.009684000 -0.016210000 0.017247000
v 0.011372000 -0.016263000 0.017492000
v -0.004211000 -0.016204000 0.017251000
v 0.009069000 -0.016214000 0.017255000
v 0.004662000 -0.015882000 0.018962000
v -0.004319000 -0.015893000 0.018972000
v 0.009439000 -0.015902000 0.018965000
v 0.011314000 -0.015932000 0.018966000
v -0.010173000 -0.015831000 0.018969000
v -0.011498000 -0.015809000 0.018862000
v -0.011943000 -0.015611000 0.018617000
v -0.011276000 -0.015300000 0.017594000
v -0.011145000 -0.015611000 0.017483000
v -0.005462000 -0.025486000 0.010099000
v -0.005194000 -0.028775000 0.005708000
v -0.005444000 -0.019976000 0.018145000
v -0.006175000 -0.017657000 0.018792000
v -0.007262000 -0.015631000 0.017349000
v -0.005550000 -0.020506000 0.015763000
v -0.005765000 -0.017755000 -0.016334000
v -0.005459000 -0.019539000 -0.017028000
v -0.005399000 -0.026650000 0.006676000
v -0.005254000 -0.026862000 0.011758000
v -0.005535000 -0.021532000 0.015028000
v -0.005194000 -0.027746000 -0.005663000
v -0.005397000 -0.025778000 -0.006152000
v -0.005194000 -0.028977000 0.002154000
v -0.005397000 -0.027120000 0.001182000
v -0.005194000 -0.026332000 -0.009325000
v -0.005711000 -0.018768000 0.018540000
v -0.005195000 -0.028357000 0.008046000
v -0.005327000 -0.023431000 0.015966000
v -0.005535000 -0.022497000 0.014163000
v -0.005397000 -0.026752000 -0.002507000
v -0.005660000 -0.019409000 0.016345000
v -0.005397000 -0.026996000 0.004471000
v -0.005194000 -0.028671000 -0.001833000
v -0.007703000 -0.015074000 0.018653000
v -0.007686000 -0.015009000 0.017616000
v -0.005397000 -0.024350000 -0.009526000
v -0.005327000 -0.022334000 0.016863000
v -0.006411000 -0.017188000 0.017079000
v -0.005289000 -0.025805000 0.013349000
v -0.005217000 -0.024237000 -0.012801000
v -0.005320000 -0.024574000 0.014827000
v -0.006873000 -0.016485000 0.018957000
v -0.005341000 -0.021184000 0.017585000
v -0.005207000 -0.027721000 0.009982000
v -0.007561000 -0.015309000 0.018982000
v -0.005344000 -0.021706000 -0.015429000
v -0.005437000 -0.022306000 -0.012643000
v -0.005944000 -0.018291000 0.016786000
v -0.005629000 -0.019854000 -0.014939000
v -0.005412000 -0.026155000 0.008464000
v -0.005528000 -0.023490000 0.013073000
v -0.005497000 -0.024579000 0.011648000
v -0.006947000 -0.016207000 0.017249000
v -0.007246000 -0.015862000 0.018970000
v -0.005510000 -0.018759000 -0.017341000
v -0.008036000 -0.017004000 -0.016744000
v -0.005720000 -0.017039000 -0.016775000
v 0.005019000 -0.024244000 -0.012801000
v 0.006062000 -0.017186000 0.017079000
v 0.004915000 -0.025479000 0.010090000
v 0.005020000 -0.028683000 -0.001837000
v 0.005151000 -0.018770000 -0.017401000
v 0.005117000 -0.019533000 -0.017026000
v 0.005082000 -0.026862000 0.011759000
v 0.005020000 -0.027760000 -0.005664000
v 0.005272000 -0.019974000 0.018144000
v 0.005147000 -0.024575000 0.014830000
v 0.004856000 -0.026735000 -0.002508000
v 0.005002000 -0.020504000 0.015755000
v 0.005020000 -0.028789000 0.005702000
v 0.005022000 -0.028368000 0.008041000
v 0.007516000 -0.015015000 0.017613000
v 0.007535000 -0.015074000 0.018648000
v 0.005007000 -0.017749000 -0.016336000
v 0.004856000 -0.024332000 -0.009531000
v 0.004856000 -0.027103000 0.001182000
v 0.005020000 -0.026344000 -0.009324000
v 0.004856000 -0.025759000 -0.006157000
v 0.005043000 -0.021704000 -0.015429000
v 0.005034000 -0.027723000 0.009982000
v 0.007099000 -0.015629000 0.017349000
v 0.004981000 -0.023486000 0.013063000
v 0.005154000 -0.022333000 0.016865000
v 0.004856000 -0.026979000 0.004469000
v 0.005541000 -0.018764000 0.018538000
v 0.004858000 -0.026633000 0.006675000
v 0.006008000 -0.017649000 0.018787000
v 0.005116000 -0.025806000 0.013352000
v 0.005020000 -0.028989000 0.002148000
v 0.004950000 -0.024574000 0.011638000
v 0.005362000 -0.018292000 0.016778000
v 0.005103000 -0.019408000 0.016338000
v 0.004914000 -0.019845000 -0.014939000
v 0.004861000 -0.022292000 -0.012645000
v 0.004869000 -0.026140000 0.008461000
v 0.004988000 -0.021530000 0.015019000
v 0.004988000 -0.022494000 0.014154000
v 0.005169000 -0.021183000 0.017585000
v 0.005154000 -0.023431000 0.015968000
v 0.006710000 -0.016474000 0.018951000
v 0.007391000 -0.015310000 0.018976000
v 0.006716000 -0.016205000 0.017249000
v 0.007050000 -0.015892000 0.018964000
v -0.003423000 -0.018737000 -0.017269000
v -0.003461000 -0.017083000 -0.016814000
v 0.002823000 -0.017220000 -0.016947000
v 0.005076000 -0.017067000 -0.016825000
v 0.008104000 -0.013260000 -0.018596000
v 0.010218000 -0.011304000 -0.019372000
v 0.010054000 -0.011226000 -0.019115000
v 0.008103000 -0.013385000 -0.018949000
v -0.005780000 -0.010758000 -0.019971000
v -0.005659000 -0.015910000 -0.018000000
v 0.007705000 -0.014750000 -0.018510000
v 0.005089000 -0.016324000 -0.017726000
v -0.003498000 -0.016719000 -0.017490000
v 0.008087000 -0.012394000 -0.019358000
v 0.006326000 -0.010687000 -0.019860000
v -0.008239000 -0.014332000 -0.018821000
v 0.002972000 -0.017058000 -0.017511000
v 0.007452000 -0.011655000 -0.019571000
v 0.000019000 -0.010078000 -0.020368000
v -0.003272000 -0.010380000 -0.020026000
v 0.003343000 -0.010383000 -0.020027000
v -0.008025000 -0.012180000 -0.019587000
v -0.000406000 -0.024577000 0.011646000
v -0.000438000 -0.018289000 0.016782000
v -0.000419000 -0.019407000 0.016342000
v 0.000080000 -0.022336000 0.016874000
v -0.000092000 -0.017182000 0.017078000
v 0.000076000 -0.025809000 0.013361000
v 0.000069000 -0.028798000 0.005706000
v 0.000086000 -0.019976000 0.018152000
v 0.000060000 -0.024263000 -0.012796000
v 0.000080000 -0.024578000 0.014839000
v -0.000470000 -0.019874000 -0.014937000
v 0.000155000 -0.016473000 0.018955000
v -0.000091000 -0.018756000 -0.017317000
v -0.000412000 -0.022324000 -0.012640000
v 0.000081000 -0.021184000 0.017594000
v 0.000069000 -0.027728000 0.009989000
v -0.000399000 -0.026160000 0.008458000
v -0.000410000 -0.021531000 0.015026000
v 0.000188000 -0.015302000 0.018978000
v -0.000200000 -0.017419000 -0.017837000
v -0.000173000 -0.017267000 -0.017163000
v -0.000410000 -0.022496000 0.014161000
v 0.000021000 -0.021725000 -0.015427000
v -0.000401000 -0.025486000 0.010096000
v -0.000398000 -0.026761000 -0.002509000
v -0.000412000 -0.020505000 0.015761000
v -0.000466000 -0.017765000 -0.016338000
v -0.000398000 -0.024365000 -0.009523000
v -0.000398000 -0.027128000 0.001179000
v -0.000398000 -0.025791000 -0.006150000
v -0.000410000 -0.023488000 0.013071000
v -0.000398000 -0.027003000 0.004465000
v -0.000398000 -0.026657000 0.006670000
v 0.000121000 -0.017648000 0.018793000
v 0.000173000 -0.015622000 0.017347000
v -0.000010000 -0.019542000 -0.017029000
v 0.000071000 -0.026865000 0.011767000
v 0.000069000 -0.027775000 -0.005659000
v 0.000069000 -0.029000000 0.002152000
v 0.000069000 -0.026361000 -0.009318000
v 0.000099000 -0.018764000 0.018545000
v 0.000069000 -0.028376000 0.008045000
v 0.000080000 -0.023433000 0.015978000
v 0.000069000 -0.028695000 -0.001834000
v 0.000195000 -0.015063000 0.018648000
v 0.000194000 -0.015000000 0.017612000
v 0.000075000 -0.016199000 0.017247000
v 0.000171000 -0.015888000 0.018967000
v -0.000319000 -0.017152000 -0.016881000
v -0.000187000 -0.017343000 -0.017500000
v -0.008251000 -0.013598000 -0.019643000
v -0.010515000 -0.014068000 -0.019531000
v -0.010705000 -0.013063000 -0.018674000
v -0.008118000 -0.013126000 -0.018765000
v -0.010044000 -0.012894000 -0.018562000
v -0.010740000 -0.013814000 -0.019316000
v -0.008185000 -0.013362000 -0.019204000
f 84 796 2169
f 84 2169 1154
f 760 72 793
f 760 793 1961
f 1980 906 23
f 1980 23 782
f 66 782 1961
f 66 1961 793
f 1214 1969 1186
f 1214 1186 282
f 23 722 1961
f 23 1961 782
f 1961 722 46
f 1961 46 760
f 286 1190 2034
f 286 2034 1204
f 281 1185 1962
f 281 1962 1216
f 19 708 1986
f 19 1986 718
f 37 708 1962
f 37 1962 1185
f 962 1988 938
f 962 938 157
f 19 692 1962
f 19 1962 708
f 1962 692 278
f 1962 278 1216
f 1284 2240 975
f 1284 975 178
f 282 1186 1963
f 282 1963 1215
f 52 761 1963
f 52 1963 1186
f 205 1029 2086
f 205 2086 1286
f 18 687 1963
f 18 1963 761
f 1963 687 277
f 1963 277 1215
f 1165 2113 1039
f 1165 1039 205
f 157 938 1964
f 157 1964 966
f 5 690 2201
f 5 2201 1181
f 53 690 1964
f 53 1964 938
f 1895 2557 744
f 1895 744 45
f 1349 389 1911
f 1349 1911 2546
f 5 684 1964
f 5 1964 690
f 1964 684 152
f 1964 152 966
f 967 169 973
f 967 973 2082
f 2402 1046 214
f 2402 214 1650
f 1029 205 1039
f 1029 1039 1965
f 204 983 1965
f 204 1965 1039
f 1186 1969 888
f 1186 888 52
f 172 972 1965
f 172 1965 983
f 1965 972 174
f 1965 174 1029
f 715 44 747
f 715 747 1995
f 834 106 892
f 834 892 1966
f 56 773 1966
f 56 1966 892
f 2162 704 249
f 2162 249 1141
f 1966 773 52
f 1966 52 888
f 774 1977 762
f 774 762 54
f 98 834 1966
f 98 1966 888
f 757 61 776
f 757 776 1967
f 1060 2103 1019
f 1060 1019 188
f 54 762 1967
f 54 1967 776
f 14 741 1967
f 14 1967 762
f 1967 741 41
f 1967 41 757
f 1160 71 790
f 1160 790 1968
f 790 62 874
f 790 874 1968
f 191 1010 2138
f 191 2138 1063
f 874 73 1160
f 874 1160 1968
f 954 2208 943
f 954 943 162
f 284 1188 1969
f 284 1969 1214
f 1020 258 1142
f 1020 1142 1970
f 2 683 2004
f 2 2004 742
f 246 683 1970
f 246 1970 1142
f 1970 683 2
f 1970 2 994
f 1970 994 187
f 1970 187 1020
f 1741 2450 1148
f 1741 1148 265
f 756 255 1141
f 756 1141 1971
f 2166 1151 16
f 2166 16 1119
f 249 1119 1971
f 249 1971 1141
f 2003 1135 254
f 2003 254 755
f 16 712 1971
f 16 1971 1119
f 1971 712 42
f 1971 42 756
f 1206 2192 1188
f 1206 1188 284
f 2002 771 60
f 2002 60 754
f 294 1198 1972
f 294 1972 1213
f 245 1115 1972
f 245 1972 1198
f 1972 1115 5
f 1972 5 1181
f 277 1181 2201
f 277 2201 1215
f 2078 1231 157
f 2078 157 966
f 1972 1181 277
f 1972 277 1213
f 755 254 1139
f 755 1139 1973
f 22 720 2548
f 22 2548 734
f 251 720 1973
f 251 1973 1139
f 654 1947 861
f 654 861 124
f 1949 651 127
f 1949 127 1259
f 22 711 1973
f 22 1973 720
f 1973 711 41
f 1973 41 755
f 884 2150 770
f 884 770 57
f 2170 880 51
f 2170 51 775
f 754 60 775
f 754 775 1974
f 2 688 2088
f 2 2088 994
f 51 688 1974
f 51 1974 775
f 1974 688 2
f 1974 2 742
f 795 185 1006
f 795 1006 2090
f 1974 742 42
f 1974 42 754
f 1943 729 30
f 1943 30 644
f 253 252 726
f 253 726 729
f 731 50 646
f 731 646 1959
f 2074 1233 159
f 2074 159 962
f 2012 916 148
f 2012 148 774
f 288 1192 1975
f 288 1975 1212
f 102 890 1975
f 102 1975 1192
f 471 671 1930
f 471 1930 1476
f 1975 890 37
f 1975 37 1185
f 690 53 778
f 690 778 2201
f 14 695 2059
f 14 2059 701
f 293 1197 1976
f 293 1976 1211
f 8 691 2177
f 8 2177 982
f 130 691 1976
f 130 1976 1197
f 1976 691 8
f 1976 8 1182
f 1976 1182 278
f 1976 278 1211
f 2263 1322 134
f 2263 134 929
f 774 148 929
f 774 929 1977
f 134 695 1977
f 134 1977 929
f 1977 695 14
f 1977 14 762
f 31 731 1959
f 31 1959 642
f 2021 915 149
f 2021 149 789
f 196 1003 1978
f 196 1978 1019
f 132 901 1978
f 132 1978 1003
f 902 20 1183
f 902 1183 2186
f 1978 901 10
f 1978 10 995
f 188 995 2089
f 188 2089 1005
f 1978 995 188
f 1978 188 1019
f 1199 2161 1198
f 1199 1198 294
f 249 704 1979
f 249 1979 1150
f 704 15 1138
f 704 1138 1979
f 1979 1138 261
f 1979 261 1144
f 1979 1144 262
f 1979 262 1150
f 2338 1492 448
f 2338 448 1456
f 2266 1533 141
f 2266 141 922
f 789 149 922
f 789 922 1980
f 141 906 1980
f 141 1980 922
f 2298 1401 148
f 2298 148 916
f 772 2010 764
f 772 764 56
f 1154 60 1153
f 1154 1153 1981
f 83 799 1981
f 83 1981 1153
f 2027 996 84
f 2027 84 799
f 799 84 1154
f 799 1154 1981
f 1428 432 1695
f 1428 1695 2426
f 250 1120 1982
f 250 1982 1137
f 2024 689 63
f 2024 63 1187
f 3 717 1982
f 3 1982 1120
f 1225 2131 1085
f 1225 1085 225
f 1982 717 17
f 1982 17 1117
f 2275 1531 139
f 2275 139 918
f 1982 1117 247
f 1982 247 1137
f 1 710 2155
f 1 2155 1116
f 56 764 1983
f 56 1983 773
f 4 716 1983
f 4 1983 764
f 1983 716 18
f 1983 18 761
f 247 1117 2185
f 247 2185 1140
f 2104 1131 258
f 2104 258 1020
f 772 56 892
f 772 892 1984
f 919 2055 905
f 919 905 140
f 106 862 1984
f 106 1984 892
f 1984 862 113
f 1984 113 896
f 719 11 743
f 719 743 1998
f 58 772 1984
f 58 1984 896
f 69 70 879
f 69 879 898
f 4 713 2158
f 4 2158 716
f 140 905 1985
f 140 1985 920
f 20 719 1998
f 20 1998 736
f 11 719 1985
f 11 1985 905
f 1985 719 20
f 1985 20 902
f 1985 902 133
f 1985 133 920
f 2347 930 132
f 2347 132 1528
f 7 705 2196
f 7 2196 735
f 904 2056 718
f 904 718 9
f 44 715 1986
f 44 1986 749
f 730 727 25
f 730 25 29
f 715 9 718
f 715 718 1986
f 956 2068 940
f 956 940 159
f 26 733 2010
f 26 2010 766
f 2115 1048 209
f 2115 209 1045
f 733 4 764
f 733 764 2010
f 250 713 1987
f 250 1987 1136
f 829 2038 828
f 829 828 105
f 713 4 733
f 713 733 1987
f 750 43 893
f 750 893 2011
f 778 282 1215
f 778 1215 2201
f 26 726 1987
f 26 1987 733
f 1987 726 252
f 1987 252 1136
f 714 67 788
f 714 788 2019
f 159 940 1988
f 159 1988 962
f 90 881 1988
f 90 1988 940
f 1988 881 53
f 1988 53 938
f 203 1027 2085
f 203 2085 1033
f 139 904 1989
f 139 1989 918
f 27 724 1995
f 27 1995 728
f 9 724 1989
f 9 1989 904
f 375 1538 1536
f 375 1536 371
f 1989 724 27
f 1989 27 908
f 1164 2112 1038
f 1164 1038 203
f 1989 908 143
f 1989 143 918
f 725 3 1120
f 725 1120 2157
f 67 714 1990
f 67 1990 787
f 714 3 725
f 714 725 1990
f 1990 725 25
f 1990 25 727
f 1990 727 69
f 1990 69 787
f 1049 2116 1047
f 1049 1047 215
f 1027 203 1038
f 1027 1038 1991
f 169 981 2277
f 169 2277 1575
f 202 981 1991
f 202 1991 1038
f 168 937 2465
f 168 2465 1571
f 658 145 910
f 658 910 1944
f 169 967 1991
f 169 1991 981
f 1991 967 170
f 1991 170 1027
f 1103 207 1642
f 1103 1642 2406
f 849 128 119
f 849 119 847
f 643 32 911
f 643 911 1958
f 897 1993 748
f 897 748 47
f 649 126 879
f 649 879 1954
f 118 842 1280
f 118 1280 125
f 120 845 1259
f 120 1259 127
f 673 468 1504
f 673 1504 1940
f 116 856 857
f 116 857 123
f 877 50 48
f 877 48 899
f 252 1122 2157
f 252 2157 1136
f 25 1122 1123
f 25 1123 29
f 113 122 885
f 113 885 896
f 413 412 1525
f 413 1525 1506
f 143 908 910
f 143 910 145
f 49 746 1955
f 49 1955 645
f 47 49 887
f 47 887 897
f 1901 2049 855
f 1901 855 77
f 641 29 1123
f 641 1123 1957
f 1993 893 43
f 1993 43 748
f 43 743 1992
f 43 1992 748
f 2055 909 28
f 2055 28 732
f 11 732 1992
f 11 1992 743
f 1992 732 28
f 1992 28 745
f 48 50 731
f 48 731 728
f 1992 745 47
f 1992 47 748
f 750 1998 743
f 750 743 43
f 2015 1184 35
f 2015 35 889
f 865 105 893
f 865 893 1993
f 49 645 1953
f 49 1953 887
f 114 865 1993
f 114 1993 897
f 2551 869 88
f 2551 88 868
f 745 746 49
f 745 49 47
f 126 117 898
f 126 898 879
f 41 741 2003
f 41 2003 755
f 1069 305 1253
f 1069 1253 2220
f 644 30 767
f 644 767 1956
f 1123 253 659
f 1123 659 1957
f 1343 2444 1340
f 1343 1340 347
f 658 1924 1537
f 658 1537 145
f 643 1955 746
f 643 746 32
f 2244 1305 329
f 2244 329 835
f 2020 894 44
f 2020 44 749
f 2048 1906 320
f 2048 320 853
f 848 109 895
f 848 895 1994
f 1945 857 121
f 1945 121 656
f 117 848 1994
f 117 1994 898
f 657 1958 911
f 657 911 146
f 747 44 894
f 747 894 2018
f 1995 747 48
f 1995 48 728
f 121 887 1953
f 121 1953 656
f 767 766 58
f 767 58 59
f 121 114 897
f 121 897 887
f 559 1717 1718
f 559 1718 560
f 2562 1901 77
f 2562 77 876
f 1907 2242 1281
f 1907 1281 332
f 2049 1907 332
f 2049 332 855
f 1535 2275 918
f 1535 918 143
f 77 855 1996
f 77 1996 876
f 855 332 1281
f 855 1281 1996
f 1900 2048 853
f 1900 853 79
f 79 853 1996
f 79 1996 1281
f 853 320 1260
f 853 1260 1996
f 2226 1899 80
f 2226 80 1260
f 80 1113 1996
f 80 1996 1260
f 2007 1187 63
f 2007 63 891
f 788 67 895
f 788 895 1997
f 109 841 1997
f 109 1997 895
f 1997 841 101
f 1997 101 891
f 63 788 1997
f 63 1997 891
f 2169 1155 60
f 2169 60 1154
f 1041 2066 936
f 1041 936 209
f 207 1046 2402
f 207 2402 1642
f 35 736 1998
f 35 1998 750
f 1055 240 1104
f 1055 1104 2122
f 2558 734 644
f 2558 644 1956
f 2554 1902 85
f 2554 85 884
f 936 237 1112
f 936 1112 1999
f 1236 2151 1235
f 1236 1235 313
f 240 1055 1999
f 240 1999 1112
f 753 71 1157
f 753 1157 2172
f 212 1045 1999
f 212 1999 1055
f 209 936 1999
f 209 1999 1045
f 279 1183 2000
f 279 2000 1210
f 758 2089 738
f 758 738 38
f 2000 1184 280
f 2000 280 1210
f 2442 1719 382
f 2442 382 1336
f 694 65 786
f 694 786 2001
f 872 38 753
f 872 753 2172
f 71 753 2001
f 71 2001 786
f 2059 1133 248
f 2059 248 701
f 38 738 2001
f 38 2001 753
f 721 68 1898
f 721 1898 2553
f 10 694 2001
f 10 2001 738
f 698 55 771
f 698 771 2002
f 903 2060 698
f 903 698 16
f 1155 2170 775
f 1155 775 60
f 80 851 2149
f 80 2149 1113
f 16 698 2002
f 16 2002 712
f 57 765 2558
f 57 2558 1897
f 701 248 1135
f 701 1135 2003
f 147 928 2346
f 147 2346 1539
f 1889 2330 1863
f 1889 1863 626
f 14 701 2003
f 14 2003 741
f 1067 2096 1012
f 1067 1012 195
f 2071 1232 158
f 2071 158 959
f 2066 1109 237
f 2066 237 936
f 765 57 770
f 765 770 2005
f 1207 2024 1187
f 1207 1187 283
f 158 939 2006
f 158 2006 959
f 93 875 2195
f 93 2195 1195
f 64 875 2006
f 64 2006 939
f 319 660 1949
f 319 1949 1259
f 93 813 2006
f 93 2006 875
f 2006 813 166
f 2006 166 959
f 655 1946 859
f 655 859 123
f 2124 1226 226
f 2124 226 1078
f 283 1187 2007
f 283 2007 1209
f 2005 770 61
f 2005 61 757
f 101 827 2007
f 101 2007 891
f 2007 827 291
f 2007 291 1209
f 108 831 2051
f 108 2051 863
f 602 1812 2489
f 602 2489 1821
f 1960 2562 1896
f 1960 1896 646
f 1939 667 393
f 1939 393 1358
f 35 750 2011
f 35 2011 889
f 1958 2560 1894
f 1958 1894 643
f 61 769 2013
f 61 2013 776
f 1951 730 29
f 1951 29 641
f 60 768 2171
f 60 2171 1156
f 2092 751 33
f 2092 33 707
f 2154 926 137
f 2154 137 700
f 768 33 882
f 768 882 2171
f 12 707 2008
f 12 2008 763
f 707 33 768
f 707 768 2008
f 2004 1134 255
f 2004 255 756
f 1307 2246 1276
f 1307 1276 327
f 2008 768 60
f 2008 60 771
f 55 763 2008
f 55 2008 771
f 2300 1054 239
f 2300 239 1706
f 769 61 1114
f 769 1114 2009
f 2005 757 41
f 2005 41 711
f 2550 871 86
f 2550 86 870
f 88 870 2009
f 88 2009 1114
f 2009 870 86
f 2009 86 886
f 45 769 2009
f 45 2009 886
f 2150 1114 61
f 2150 61 770
f 807 164 1261
f 807 1261 2225
f 785 72 1113
f 785 1113 2149
f 2052 829 105
f 2052 105 865
f 26 766 767
f 26 767 30
f 187 994 2088
f 187 2088 1004
f 885 1952 647
f 885 647 59
f 105 828 2011
f 105 2011 893
f 2191 818 99
f 2191 99 817
f 2011 828 97
f 2011 97 889
f 882 81 1156
f 882 1156 2171
f 2113 1171 274
f 2113 274 1028
f 24 696 2013
f 24 2013 744
f 907 142 916
f 907 916 2012
f 907 24 1894
f 907 1894 2560
f 54 696 2012
f 54 2012 774
f 39 739 2160
f 39 2160 1124
f 2012 696 24
f 2012 24 907
f 2062 1110 235
f 2062 235 803
f 125 652 1960
f 125 1960 877
f 142 907 2560
f 142 2560 1903
f 213 1050 2119
f 213 2119 1058
f 45 744 2013
f 45 2013 769
f 137 926 2440
f 137 2440 1327
f 1101 2118 1042
f 1101 1042 211
f 803 235 1111
f 803 1111 2014
f 255 1125 2162
f 255 2162 1141
f 214 1054 2300
f 214 2300 1650
f 239 1054 2014
f 239 2014 1111
f 280 1184 2015
f 280 2015 1208
f 2190 1204 287
f 2190 287 820
f 214 1049 2014
f 214 2014 1054
f 215 803 2014
f 215 2014 1049
f 739 21 1121
f 739 1121 2160
f 773 1983 761
f 773 761 52
f 2262 1318 130
f 2262 130 1197
f 97 820 2015
f 97 2015 889
f 2015 820 287
f 2015 287 1208
f 2485 1734 554
f 2485 554 1312
f 71 783 2022
f 71 2022 790
f 721 21 739
f 721 739 2016
f 739 39 784
f 739 784 2016
f 913 2053 781
f 913 781 65
f 1250 2072 1229
f 1250 1229 307
f 2016 784 72
f 2016 72 785
f 40 740 2162
f 40 2162 1125
f 68 721 2016
f 68 2016 785
f 1127 2153 932
f 1127 932 151
f 15 740 2017
f 15 2017 781
f 740 40 783
f 740 783 2017
f 2017 783 71
f 2017 71 786
f 65 781 2017
f 65 2017 786
f 253 729 1943
f 253 1943 659
f 118 125 877
f 118 877 899
f 27 728 731
f 27 731 31
f 331 1280 842
f 331 842 330
f 1327 2307 915
f 1327 915 137
f 2132 925 187
f 2132 187 1004
f 110 843 2018
f 110 2018 894
f 2018 843 118
f 2018 118 899
f 647 1897 2558
f 647 2558 1956
f 963 2211 934
f 963 934 153
f 63 689 2019
f 63 2019 788
f 2019 689 17
f 2019 17 717
f 836 110 894
f 836 894 2020
f 1184 2000 736
f 1184 736 35
f 102 836 2020
f 102 2020 890
f 13 706 2025
f 13 2025 709
f 700 137 915
f 700 915 2021
f 1118 2154 700
f 1118 700 13
f 274 1169 2182
f 274 2182 1177
f 66 706 2021
f 66 2021 789
f 912 2054 763
f 912 763 55
f 13 700 2021
f 13 2021 706
f 987 228 1090
f 987 1090 2136
f 40 710 2022
f 40 2022 783
f 710 1 779
f 710 779 2022
f 235 1094 2147
f 235 2147 1111
f 2022 779 62
f 2022 62 790
f 2093 1001 73
f 2093 73 874
f 709 39 1124
f 709 1124 2156
f 151 932 2023
f 151 2023 957
f 6 780 2023
f 6 2023 932
f 2023 780 64
f 2023 64 939
f 13 709 2156
f 13 2156 1118
f 276 1180 2024
f 276 2024 1207
f 1127 151 1227
f 1127 1227 2203
f 2076 964 152
f 2076 152 684
f 82 795 2090
f 82 2090 880
f 2101 1061 189
f 2101 189 1017
f 39 709 2025
f 39 2025 784
f 190 997 2028
f 190 2028 1016
f 796 82 1155
f 796 1155 2169
f 185 795 2026
f 185 2026 1018
f 795 82 796
f 795 796 2026
f 2099 1300 336
f 2099 336 1015
f 2026 796 84
f 2026 84 996
f 2026 996 189
f 2026 189 1018
f 18 685 2199
f 18 2199 687
f 1063 2100 1016
f 1063 1016 191
f 1156 81 802
f 1156 802 2168
f 802 83 1153
f 802 1153 2168
f 2027 997 190
f 2027 190 1017
f 2098 1269 322
f 2098 322 1014
f 2173 806 327
f 2173 327 1276
f 83 802 2028
f 83 2028 997
f 2028 802 81
f 2028 81 998
f 2028 998 191
f 2028 191 1016
f 999 76 1255
f 999 1255 2230
f 1064 2099 1015
f 1064 1015 192
f 1219 2125 1079
f 1219 1079 219
f 582 1774 2261
f 582 2261 1799
f 1015 336 1307
f 1015 1307 2029
f 76 806 2173
f 76 2173 1158
f 327 806 2029
f 327 2029 1307
f 2029 806 76
f 2029 76 999
f 2244 821 328
f 2244 328 1305
f 2029 999 192
f 2029 192 1015
f 1065 2098 1014
f 1065 1014 193
f 1220 2126 1080
f 1220 1080 220
f 1014 322 1274
f 1014 1274 2030
f 75 809 2174
f 75 2174 1159
f 315 809 2030
f 315 2030 1274
f 2030 809 75
f 2030 75 1000
f 2030 1000 193
f 2030 193 1014
f 2097 1065 193
f 2097 193 1013
f 194 1009 2137
f 194 2137 1066
f 940 2068 794
f 940 794 90
f 75 812 2031
f 75 2031 1000
f 2031 812 73
f 2031 73 1001
f 2031 1001 194
f 2031 194 1013
f 2344 1002 135
f 2344 135 1324
f 812 75 1159
f 812 1159 2175
f 284 815 2032
f 284 2032 1206
f 2068 797 92
f 2068 92 794
f 90 794 2032
f 90 2032 815
f 2032 794 92
f 2032 92 1189
f 2032 1189 285
f 2032 285 1206
f 1057 2140 801
f 1057 801 91
f 2140 1099 89
f 2140 89 801
f 92 798 2033
f 92 2033 1189
f 2033 798 91
f 2033 91 1190
f 2033 1190 286
f 2033 286 1205
f 2188 1267 324
f 2188 324 1202
f 1295 2233 1275
f 1295 1275 326
f 91 801 2034
f 91 2034 1190
f 2034 801 89
f 2034 89 1191
f 2034 1191 287
f 2034 287 1204
f 1387 415 1708
f 1387 1708 2282
f 1203 342 1306
f 1203 1306 2035
f 1688 2423 1665
f 1688 1665 535
f 326 1275 2035
f 326 2035 1306
f 96 1193 2035
f 96 2035 1275
f 2035 1193 289
f 2035 289 1203
f 2063 813 93
f 2063 93 811
f 2380 1614 498
f 2380 498 1378
f 1202 324 1273
f 1202 1273 2036
f 314 1254 2036
f 314 2036 1273
f 95 1194 2036
f 95 2036 1254
f 2036 1194 290
f 2036 290 1202
f 317 1257 2045
f 317 2045 1271
f 95 811 2037
f 95 2037 1194
f 2037 811 93
f 2037 93 1195
f 90 815 2200
f 90 2200 881
f 2037 1195 291
f 2037 291 1201
f 2343 1196 138
f 2343 138 1329
f 830 107 831
f 830 831 2039
f 2051 831 107
f 2051 107 864
f 819 97 828
f 819 828 2038
f 107 829 2052
f 107 2052 864
f 2038 829 107
f 2038 107 830
f 99 819 2038
f 99 2038 830
f 792 283 1209
f 792 1209 2195
f 2050 833 108
f 2050 108 863
f 817 99 830
f 817 830 2039
f 2039 831 108
f 2039 108 832
f 100 817 2039
f 100 2039 832
f 814 100 832
f 814 832 2040
f 1294 2189 1277
f 1294 1277 328
f 112 837 2228
f 112 2228 838
f 2040 833 106
f 2040 106 834
f 68 785 2149
f 68 2149 878
f 1270 2064 1254
f 1270 1254 314
f 98 814 2040
f 98 2040 834
f 1278 329 1305
f 1278 1305 2041
f 1369 2290 1310
f 1369 1310 345
f 823 289 1264
f 823 1264 2222
f 328 1277 2041
f 328 2041 1305
f 111 840 2046
f 111 2046 846
f 104 837 2041
f 104 2041 1277
f 2041 837 112
f 2041 112 1278
f 1652 2401 1649
f 1652 1649 527
f 1257 317 1272
f 1257 1272 2042
f 1713 2442 1336
f 1713 1336 356
f 316 1256 2042
f 316 2042 1272
f 103 839 2042
f 103 2042 1256
f 2042 839 111
f 2042 111 1257
f 552 1710 2362
f 552 2362 1726
f 103 826 2043
f 103 2043 839
f 2043 826 101
f 2043 101 841
f 1267 2188 1256
f 1267 1256 316
f 109 840 2043
f 109 2043 841
f 120 844 2227
f 120 2227 845
f 1279 330 1304
f 1279 1304 2044
f 2485 1800 593
f 2485 593 1734
f 128 852 1258
f 128 1258 119
f 2556 850 649
f 2556 649 1954
f 2228 1272 317
f 2228 317 838
f 112 844 2044
f 112 2044 1278
f 2044 844 120
f 2044 120 1279
f 119 846 2046
f 119 2046 847
f 1258 318 1271
f 1258 1271 2045
f 1402 394 1507
f 1402 1507 2456
f 28 32 746
f 28 746 745
f 78 850 2556
f 78 2556 878
f 857 856 114
f 857 114 121
f 111 846 2045
f 111 2045 1257
f 2045 846 119
f 2045 119 1258
f 1942 2226 1906
f 1942 1906 660
f 2000 1183 20
f 2000 20 736
f 114 856 2052
f 114 2052 865
f 117 847 2046
f 117 2046 848
f 2149 851 78
f 2149 78 878
f 649 850 2047
f 649 2047 1950
f 850 78 851
f 850 851 2047
f 2047 851 80
f 2047 80 1899
f 2047 1899 650
f 2047 650 1950
f 660 1906 2048
f 660 2048 1949
f 1941 2242 1907
f 1941 1907 661
f 2048 1900 651
f 2048 651 1949
f 661 1907 2049
f 661 2049 1948
f 856 116 864
f 856 864 2052
f 2049 1901 652
f 2049 652 1948
f 115 124 861
f 115 861 860
f 115 858 859
f 115 859 124
f 31 642 1944
f 31 1944 910
f 116 123 859
f 116 859 858
f 1950 849 126
f 1950 126 649
f 655 123 857
f 655 857 1945
f 115 860 2050
f 115 2050 863
f 113 860 861
f 113 861 122
f 124 859 1946
f 124 1946 654
f 330 1279 854
f 330 854 331
f 331 661 1948
f 331 1948 1280
f 413 1357 1354
f 413 1354 412
f 896 885 59
f 896 59 58
f 661 331 854
f 661 854 1941
f 852 319 318
f 852 318 1258
f 910 908 27
f 910 27 31
f 1529 2271 920
f 1529 920 133
f 1955 2557 1895
f 1955 1895 645
f 1188 2192 814
f 1188 814 98
f 2339 914 150
f 2339 150 1540
f 127 854 1279
f 127 1279 120
f 2557 1894 24
f 2557 24 744
f 860 113 862
f 860 862 2050
f 122 653 1952
f 122 1952 885
f 858 115 863
f 858 863 2051
f 131 914 2339
f 131 2339 1320
f 693 15 781
f 693 781 2053
f 150 913 2061
f 150 2061 930
f 2053 913 150
f 2053 150 914
f 131 693 2053
f 131 2053 914
f 135 917 2340
f 135 2340 1324
f 697 12 763
f 697 763 2054
f 147 912 2060
f 147 2060 928
f 930 2061 901
f 930 901 132
f 2054 912 147
f 2054 147 917
f 135 697 2054
f 135 2054 917
f 391 1355 1358
f 391 1358 393
f 713 250 1137
f 713 1137 2158
f 1123 1122 252
f 1123 252 253
f 374 1358 1355
f 374 1355 370
f 144 919 2341
f 144 2341 1536
f 1356 560 678
f 1356 678 1923
f 144 909 2055
f 144 2055 919
f 2341 919 140
f 2341 140 1532
f 129 921 2342
f 129 2342 1527
f 921 2056 904
f 921 904 139
f 2342 921 139
f 2342 139 1531
f 9 715 1995
f 9 1995 724
f 557 1715 2443
f 557 2443 1730
f 703 180 1008
f 703 1008 2092
f 129 900 2056
f 129 2056 921
f 2549 1893 23
f 2549 23 906
f 931 2197 900
f 931 900 129
f 133 902 2186
f 133 2186 923
f 279 705 2057
f 279 2057 1200
f 2142 1059 138
f 2142 138 702
f 7 702 2057
f 7 2057 705
f 2057 702 138
f 2057 138 1196
f 2057 1196 292
f 2057 292 1200
f 2059 695 134
f 2059 134 1126
f 1749 2459 1433
f 1749 1433 419
f 256 1126 2345
f 256 2345 1727
f 180 703 2058
f 180 2058 1012
f 1904 2549 906
f 1904 906 141
f 238 1097 2121
f 238 2121 1105
f 150 930 2347
f 150 2347 1540
f 2058 1002 195
f 2058 195 1012
f 15 704 2162
f 15 2162 740
f 2059 1126 256
f 2059 256 1133
f 2081 1302 335
f 2081 335 976
f 2060 903 136
f 2060 136 928
f 2377 1385 499
f 2377 499 1611
f 12 697 2058
f 12 2058 703
f 2346 928 136
f 2346 136 1530
f 1058 2121 1051
f 1058 1051 213
f 1097 238 1110
f 1097 1110 2062
f 2064 952 165
f 2064 165 810
f 2062 1052 216
f 2062 216 1097
f 95 810 2063
f 95 2063 811
f 810 165 951
f 810 951 2063
f 271 1166 2181
f 271 2181 1176
f 2242 1900 79
f 2242 79 1281
f 1956 767 59
f 1956 59 647
f 342 1291 2245
f 342 2245 1306
f 321 952 2064
f 321 2064 1270
f 843 2243 842
f 843 842 118
f 1298 2111 1287
f 1298 1287 338
f 338 1287 2065
f 338 2065 1303
f 175 699 2084
f 175 2084 971
f 197 699 2065
f 197 2065 1287
f 2065 699 175
f 2065 175 976
f 2065 976 335
f 2065 335 1303
f 2114 1047 208
f 2114 208 1041
f 1095 236 1109
f 1095 1109 2066
f 138 1059 2428
f 138 2428 1329
f 2068 956 160
f 2068 160 797
f 2066 1041 208
f 2066 208 1095
f 2122 1043 212
f 2122 212 1055
f 92 797 2067
f 92 2067 798
f 797 160 955
f 797 955 2067
f 309 1231 2078
f 309 2078 1246
f 161 800 2067
f 161 2067 955
f 800 161 1100
f 800 1100 2144
f 191 998 2094
f 191 2094 1010
f 956 159 1233
f 956 1233 2210
f 189 996 2027
f 189 2027 1017
f 167 948 2490
f 167 2490 1558
f 305 1227 2069
f 305 2069 1253
f 1107 2143 1102
f 1107 1102 243
f 2208 1241 299
f 2208 299 943
f 2069 1232 310
f 2069 310 1253
f 229 1071 2219
f 229 2219 1092
f 307 1229 2070
f 307 2070 1252
f 162 958 2141
f 162 2141 1102
f 155 958 2070
f 155 2070 1229
f 2205 1238 302
f 2205 302 947
f 162 943 2070
f 162 2070 958
f 2070 943 299
f 2070 299 1252
f 672 470 1481
f 672 1481 1921
f 2231 1282 163
f 2231 163 1234
f 239 1098 2433
f 239 2433 1706
f 166 947 2071
f 166 2071 959
f 2071 947 302
f 2071 302 1251
f 1243 2210 1233
f 1243 1233 311
f 306 1228 2072
f 306 2072 1250
f 154 960 2072
f 154 2072 1228
f 1697 2408 1645
f 1697 1645 523
f 2072 960 155
f 2072 155 1229
f 153 965 2184
f 153 2184 1167
f 2360 1570 480
f 2360 480 1818
f 1888 2527 1869
f 1888 1869 632
f 944 200 1031
f 944 1031 2087
f 312 1234 2073
f 312 2073 1249
f 1282 2234 980
f 1282 980 163
f 163 961 2073
f 163 2073 1234
f 2241 1284 178
f 2241 178 1025
f 2073 961 156
f 2073 156 1230
f 1994 895 67
f 1994 67 787
f 2073 1230 308
f 2073 308 1249
f 1088 2215 1073
f 1088 1073 231
f 311 1233 2074
f 311 2074 1248
f 1162 2110 1036
f 1162 1036 199
f 937 267 1763
f 937 1763 2465
f 2074 1231 309
f 2074 309 1248
f 1023 199 1036
f 1023 1036 2075
f 171 944 2087
f 171 2087 979
f 200 944 2075
f 200 2075 1036
f 2075 944 171
f 2075 171 978
f 2075 978 176
f 2075 176 1023
f 1288 2235 1076
f 1288 1076 234
f 2450 1739 264
f 2450 264 1148
f 257 964 2076
f 257 2076 1132
f 2087 1022 177
f 2087 177 979
f 156 965 2077
f 156 2077 1230
f 2212 1245 295
f 2212 295 933
f 153 934 2077
f 153 2077 965
f 2077 934 296
f 2077 296 1247
f 1469 627 1889
f 1469 1889 2529
f 2368 1585 176
f 2368 176 973
f 152 933 2078
f 152 2078 966
f 2078 933 295
f 2078 295 1246
f 1575 2368 973
f 1575 973 169
f 177 974 2079
f 177 2079 979
f 985 206 1032
f 985 1032 2239
f 2085 1027 170
f 2085 170 969
f 172 969 2079
f 172 2079 974
f 334 1283 2239
f 334 2239 1301
f 170 968 2079
f 170 2079 969
f 1022 2083 977
f 1022 977 177
f 2079 968 171
f 2079 171 979
f 1140 294 1213
f 1140 1213 2199
f 178 975 2080
f 178 2080 977
f 198 1022 2087
f 198 2087 1031
f 494 1584 2369
f 494 2369 1626
f 570 1753 2522
f 570 2522 1762
f 880 2090 777
f 880 777 51
f 173 971 2084
f 173 2084 985
f 1283 334 1302
f 1283 1302 2081
f 2364 1574 478
f 2364 478 1816
f 175 971 2081
f 175 2081 976
f 2081 971 173
f 2081 173 1283
f 1037 2241 1025
f 1037 1025 201
f 1299 2106 1286
f 1299 1286 337
f 973 176 978
f 973 978 2082
f 2082 978 171
f 2082 171 968
f 2109 1163 201
f 2109 201 1035
f 1022 198 1035
f 1022 1035 2083
f 201 1025 2083
f 201 2083 1035
f 1161 2109 1035
f 1161 1035 198
f 964 257 1130
f 964 1130 2212
f 1037 338 1303
f 1037 1303 2241
f 206 985 2084
f 206 2084 1034
f 2107 1164 203
f 2107 203 1033
f 254 1124 2160
f 254 2160 1139
f 1056 241 1107
f 1056 1107 2119
f 2240 1302 334
f 2240 334 970
f 953 333 1293
f 953 1293 2207
f 337 1286 2086
f 337 2086 1301
f 2090 1006 183
f 2090 183 777
f 174 970 2086
f 174 2086 1029
f 2086 970 334
f 2086 334 1301
f 2313 1426 427
f 2313 427 1602
f 872 2091 758
f 872 758 38
f 1270 2225 1261
f 1270 1261 321
f 2206 1266 325
f 2206 325 1239
f 777 183 1004
f 777 1004 2088
f 2091 1007 182
f 2091 182 758
f 188 1005 2133
f 188 2133 1060
f 64 780 2193
f 64 2193 792
f 758 182 1005
f 758 1005 2089
f 74 872 2172
f 74 2172 1157
f 1062 2101 1017
f 1062 1017 190
f 82 880 2170
f 82 2170 1155
f 2246 1285 186
f 2246 186 805
f 2105 1161 198
f 2105 198 1031
f 1231 2074 962
f 1231 962 157
f 1011 2139 991
f 1011 991 184
f 74 805 2091
f 74 2091 872
f 805 186 1007
f 805 1007 2091
f 273 1168 2463
f 273 2463 1761
f 2183 984 270
f 2183 270 1290
f 2165 1149 262
f 2165 262 1144
f 2056 900 19
f 2056 19 718
f 2095 1011 184
f 2095 184 791
f 181 751 2092
f 181 2092 1008
f 751 181 1010
f 751 1010 2094
f 2197 1211 278
f 2197 278 692
f 221 1092 2219
f 221 2219 1221
f 62 791 2093
f 62 2093 874
f 791 184 1009
f 791 1009 2093
f 2063 951 166
f 2063 166 813
f 1623 2264 1003
f 1623 1003 196
f 2163 1128 179
f 2163 179 682
f 81 882 2094
f 81 2094 998
f 2144 1108 242
f 2144 242 1057
f 1 682 2095
f 1 2095 779
f 682 179 1011
f 682 1011 2095
f 2130 1223 223
f 2130 223 1084
f 815 284 1214
f 815 1214 2200
f 1083 2098 1065
f 1083 1065 223
f 2187 1201 291
f 2187 291 827
f 180 987 2136
f 180 2136 1008
f 228 987 2096
f 228 2096 1085
f 987 180 1012
f 987 1012 2096
f 2096 1067 225
f 2096 225 1085
f 1929 679 616
f 1929 616 1844
f 1036 2110 1024
f 1036 1024 200
f 223 1065 2097
f 223 2097 1084
f 1224 2130 1084
f 1224 1084 224
f 2128 1297 339
f 2128 339 1082
f 2097 1066 224
f 2097 224 1084
f 2382 1067 195
f 2382 195 1616
f 1490 2336 1487
f 1490 1487 458
f 1223 2129 1083
f 1223 1083 223
f 1083 323 1269
f 1083 1269 2098
f 380 1376 2306
f 380 2306 1517
f 2127 1220 220
f 2127 220 1081
f 221 1063 2138
f 221 2138 1092
f 303 1225 2417
f 303 2417 1822
f 222 1064 2224
f 222 2224 1263
f 1082 339 1300
f 1082 1300 2099
f 1770 2487 1317
f 1770 1317 348
f 1222 2128 1082
f 1222 1082 222
f 2099 1064 222
f 2099 222 1082
f 1675 2389 1068
f 1675 1068 226
f 220 1062 2100
f 220 2100 1081
f 1221 2127 1081
f 1221 1081 221
f 992 233 1088
f 992 1088 2134
f 2100 1063 221
f 2100 221 1081
f 1064 192 1262
f 1064 1262 2224
f 219 1061 2101
f 219 2101 1080
f 218 1060 2133
f 218 2133 1087
f 2100 1062 190
f 2100 190 1016
f 185 992 2134
f 185 2134 1006
f 233 992 2102
f 233 2102 1079
f 992 185 1018
f 992 1018 2102
f 2389 1623 196
f 2389 196 1068
f 226 1068 2103
f 226 2103 1078
f 1218 2124 1078
f 1218 1078 218
f 1175 2109 1161
f 1175 1161 266
f 671 471 1479
f 671 1479 1922
f 2103 1060 218
f 2103 218 1078
f 1079 2102 1061
f 1079 1061 219
f 217 925 2132
f 217 2132 1086
f 1077 259 1131
f 1077 1131 2104
f 1217 2123 1077
f 1217 1077 217
f 1173 2236 1163
f 1173 1163 268
f 187 925 2104
f 187 2104 1020
f 2104 925 217
f 2104 217 1077
f 2110 1174 272
f 2110 272 1024
f 297 1219 2126
f 297 2126 1242
f 1024 272 1179
f 1024 1179 2105
f 266 1161 2105
f 266 2105 1179
f 156 927 2184
f 156 2184 965
f 1039 2113 1028
f 1039 1028 204
f 200 1024 2105
f 200 2105 1031
f 341 1290 2106
f 341 2106 1299
f 270 1165 2106
f 270 2106 1290
f 2106 1165 205
f 2106 205 1286
f 1028 274 1177
f 1028 1177 2107
f 269 1164 2107
f 269 2107 1177
f 206 1030 2237
f 206 2237 1032
f 204 1028 2107
f 204 2107 1033
f 1021 271 1176
f 1021 1176 2108
f 275 1030 2108
f 275 2108 1176
f 2108 1030 206
f 2108 206 1034
f 197 1021 2108
f 197 2108 1034
f 202 1026 2398
f 202 2398 1640
f 268 1163 2109
f 268 2109 1175
f 267 1162 2396
f 267 2396 1763
f 1162 199 1638
f 1162 1638 2396
f 1162 267 1174
f 1162 1174 2110
f 2111 1289 271
f 2111 271 1021
f 340 1289 2111
f 340 2111 1298
f 173 985 2239
f 173 2239 1283
f 2121 1097 216
f 2121 216 1051
f 273 1026 2112
f 273 2112 1172
f 2112 1026 202
f 2112 202 1038
f 1287 2111 1021
f 1287 1021 197
f 2234 1173 268
f 2234 268 980
f 155 960 2146
f 155 2146 1053
f 215 1047 2114
f 215 2114 1052
f 216 1048 2115
f 216 2115 1051
f 2117 1050 213
f 2117 213 1044
f 2114 1048 216
f 2114 216 1052
f 208 1040 2120
f 208 2120 1095
f 1058 243 1105
f 1058 1105 2121
f 212 1044 2115
f 212 2115 1045
f 2115 1044 213
f 2115 213 1051
f 1040 208 1047
f 1040 1047 2116
f 214 1046 2116
f 214 2116 1049
f 207 1040 2116
f 207 2116 1046
f 2119 1050 210
f 2119 210 1056
f 211 1042 2117
f 211 2117 1043
f 1042 210 1050
f 1042 1050 2117
f 212 1043 2117
f 212 2117 1044
f 34 735 2196
f 34 2196 752
f 1101 242 1108
f 1101 1108 2118
f 241 1056 2118
f 241 2118 1108
f 1059 244 1701
f 1059 1701 2428
f 1392 2543 1361
f 1392 1361 365
f 1716 2544 1350
f 1716 1350 364
f 243 1058 2119
f 243 2119 1107
f 1103 244 1106
f 1103 1106 2120
f 950 154 1228
f 950 1228 2204
f 2120 1040 207
f 2120 207 1103
f 1780 2480 1510
f 1780 1510 432
f 1829 2410 1226
f 1829 1226 304
f 295 1217 2213
f 295 2213 1246
f 211 1043 2122
f 211 2122 1101
f 244 1103 2406
f 244 2406 1701
f 258 1128 2163
f 258 2163 1142
f 313 1235 2123
f 313 2123 1245
f 977 2080 974
f 977 974 177
f 2123 1217 295
f 2123 295 1245
f 1359 371 1536
f 1359 1536 2341
f 2410 1675 226
f 2410 226 1226
f 304 1226 2124
f 304 2124 1244
f 2123 1235 259
f 2123 259 1077
f 2124 1218 296
f 2124 296 1244
f 233 1075 2215
f 233 2215 1088
f 311 1075 2125
f 311 2125 1243
f 1075 233 1079
f 1075 1079 2125
f 298 1220 2127
f 298 2127 1241
f 2125 1219 297
f 2125 297 1243
f 299 1221 2219
f 299 2219 1252
f 2126 1220 298
f 2126 298 1242
f 353 1321 2347
f 353 2347 1528
f 960 154 1094
f 960 1094 2146
f 2127 1221 299
f 2127 299 1241
f 1222 222 1263
f 1222 1263 2223
f 300 1222 2223
f 300 2223 1265
f 1240 343 1297
f 1240 1297 2128
f 2348 1430 544
f 2348 544 1705
f 1571 2497 949
f 1571 949 168
f 2128 1222 300
f 2128 300 1240
f 301 1223 2130
f 301 2130 1238
f 1239 325 1268
f 1239 1268 2129
f 302 1224 2218
f 302 2218 1251
f 2129 1223 301
f 2129 301 1239
f 1006 2134 990
f 1006 990 183
f 2129 1268 323
f 2129 323 1083
f 1237 2204 1228
f 1237 1228 306
f 2130 1224 302
f 2130 302 1238
f 2417 1225 225
f 2417 225 1682
f 1070 306 1250
f 1070 1250 2217
f 228 1070 2217
f 228 2217 1090
f 306 1070 2131
f 306 2131 1237
f 1070 228 1085
f 1070 1085 2131
f 2134 1088 231
f 2134 231 990
f 2131 1225 303
f 2131 303 1237
f 183 990 2132
f 183 2132 1004
f 990 231 1086
f 990 1086 2132
f 2135 1089 230
f 2135 230 989
f 2349 1440 487
f 2349 487 1559
f 182 989 2133
f 182 2133 1005
f 989 230 1087
f 989 1087 2133
f 1491 2337 1485
f 1491 1485 459
f 186 993 2135
f 186 2135 1007
f 993 234 1089
f 993 1089 2135
f 1071 307 1252
f 1071 1252 2219
f 676 466 1486
f 676 1486 1926
f 389 1503 2547
f 389 2547 1911
f 2139 1093 232
f 2139 232 991
f 229 988 2136
f 229 2136 1090
f 2136 988 181
f 2136 181 1008
f 184 991 2137
f 184 2137 1009
f 991 232 1091
f 991 1091 2137
f 955 2209 942
f 955 942 161
f 2152 1129 227
f 2152 227 986
f 225 1067 2382
f 225 2382 1682
f 179 986 2139
f 179 2139 1011
f 986 227 1093
f 986 1093 2139
f 1108 2144 1100
f 1108 1100 241
f 224 1066 2137
f 224 2137 1091
f 2238 1288 234
f 2238 234 993
f 2140 1057 242
f 2140 242 1104
f 240 1099 2140
f 240 2140 1104
f 2141 1053 238
f 2141 238 1105
f 243 1102 2141
f 243 2141 1105
f 33 751 2094
f 33 2094 882
f 2142 935 236
f 2142 236 1106
f 2061 913 65
f 2061 65 694
f 244 1059 2142
f 244 2142 1106
f 161 954 2143
f 161 2143 1100
f 954 162 1102
f 954 1102 2143
f 1023 176 1585
f 1023 1585 2361
f 241 1100 2143
f 241 2143 1107
f 680 1920 2528
f 680 2528 1921
f 7 735 2145
f 7 2145 935
f 15 693 2159
f 15 2159 1138
f 735 34 1096
f 735 1096 2145
f 2145 1096 237
f 2145 237 1109
f 901 2061 694
f 901 694 10
f 2184 927 266
f 2184 266 1179
f 308 1230 2077
f 308 2077 1247
f 1200 2186 1183
f 1200 1183 279
f 2146 1094 235
f 2146 235 1110
f 2433 1098 167
f 2433 167 1558
f 154 950 2147
f 154 2147 1094
f 950 167 1098
f 950 1098 2147
f 2147 1098 239
f 2147 239 1111
f 89 883 2194
f 89 2194 1191
f 34 883 2148
f 34 2148 1096
f 883 89 1099
f 883 1099 2148
f 2060 912 55
f 2060 55 698
f 884 85 866
f 884 866 2150
f 866 87 868
f 866 868 2150
f 227 1069 2220
f 227 2220 1093
f 868 88 1114
f 868 1114 2150
f 983 2085 969
f 983 969 172
f 259 1129 2152
f 259 2152 1131
f 305 1069 2151
f 305 2151 1236
f 104 824 2228
f 104 2228 837
f 1069 227 1129
f 1069 1129 2151
f 2151 1129 259
f 2151 259 1235
f 181 988 2138
f 181 2138 1010
f 2152 1128 258
f 2152 258 1131
f 681 6 932
f 681 932 2153
f 2083 1025 178
f 2083 178 977
f 2153 1127 257
f 2153 257 1132
f 245 681 2153
f 245 2153 1132
f 248 1118 2156
f 248 2156 1135
f 1118 248 1133
f 1118 1133 2154
f 1152 2167 1145
f 1152 1145 264
f 256 926 2154
f 256 2154 1133
f 2440 926 256
f 2440 256 1727
f 1150 2166 1119
f 1150 1119 249
f 2155 1125 255
f 2155 255 1134
f 2345 1126 134
f 2345 134 1322
f 246 1116 2155
f 246 2155 1134
f 1117 17 1180
f 1117 1180 2185
f 1142 2163 1116
f 1142 1116 246
f 1199 2185 1180
f 1199 1180 276
f 2156 1124 254
f 2156 254 1135
f 70 69 727
f 70 727 730
f 70 648 1954
f 70 1954 879
f 58 766 2010
f 58 2010 772
f 935 2142 702
f 935 702 7
f 1416 2266 922
f 1416 922 149
f 247 685 2158
f 247 2158 1137
f 2158 685 18
f 2158 18 716
f 2271 1532 140
f 2271 140 920
f 2445 924 131
f 2445 131 1320
f 1254 2064 810
f 1254 810 95
f 251 1121 2559
f 251 2559 1905
f 2159 924 260
f 2159 260 1143
f 1143 260 1146
f 1143 1146 2165
f 688 51 777
f 688 777 2088
f 6 686 2193
f 6 2193 780
f 2160 1121 251
f 2160 251 1139
f 276 686 2161
f 276 2161 1199
f 292 1196 2343
f 292 2343 1787
f 2451 1741 265
f 2451 265 1146
f 2161 681 245
f 2161 245 1198
f 265 1148 2164
f 265 2164 1149
f 2167 1151 263
f 2167 263 1145
f 264 1145 2164
f 264 2164 1148
f 2164 1145 263
f 2164 263 1147
f 262 1147 2166
f 262 2166 1150
f 2164 1147 262
f 2164 262 1149
f 356 1327 2440
f 356 2440 1713
f 2166 1147 263
f 2166 263 1151
f 1146 265 1149
f 1146 1149 2165
f 1156 2168 1153
f 1156 1153 60
f 1737 2451 1146
f 1737 1146 260
f 2337 1491 450
f 2337 450 1458
f 705 279 1210
f 705 1210 2196
f 3 714 2019
f 3 2019 717
f 236 1095 2120
f 236 2120 1106
f 685 247 1140
f 685 1140 2199
f 2492 1851 618
f 2492 618 1560
f 64 792 2195
f 64 2195 875
f 2552 867 87
f 2552 87 866
f 1157 71 1158
f 1157 1158 2173
f 759 281 1216
f 759 1216 2202
f 1158 71 1159
f 1158 1159 2174
f 1274 2230 1255
f 1274 1255 315
f 1159 71 1160
f 1159 1160 2175
f 94 873 2176
f 94 2176 984
f 683 246 1134
f 683 1134 2004
f 873 36 1169
f 873 1169 2176
f 2176 1169 274
f 2176 274 1171
f 270 984 2176
f 270 2176 1171
f 2463 1168 130
f 2463 130 1318
f 2103 1068 196
f 2103 196 1019
f 945 300 1265
f 945 1265 2221
f 2177 1168 273
f 2177 273 1172
f 269 982 2177
f 269 2177 1172
f 759 2202 737
f 759 737 36
f 333 953 2178
f 333 2178 1296
f 953 164 1166
f 953 1166 2178
f 1030 275 1178
f 1030 1178 2237
f 2178 1166 271
f 2178 271 1289
f 272 1167 2184
f 272 2184 1179
f 1172 2112 1164
f 1172 1164 269
f 1579 2370 1326
f 1579 1326 493
f 96 807 2225
f 96 2225 808
f 937 168 963
f 937 963 2179
f 2211 1244 296
f 2211 296 934
f 963 153 1167
f 963 1167 2179
f 2179 1167 272
f 2179 272 1174
f 267 937 2179
f 267 2179 1174
f 275 1170 2233
f 275 2233 1178
f 927 156 961
f 927 961 2180
f 2180 980 268
f 2180 268 1175
f 266 927 2180
f 266 2180 1175
f 2472 923 292
f 2472 292 1787
f 1170 96 1275
f 1170 1275 2233
f 164 807 2181
f 164 2181 1166
f 807 96 1170
f 807 1170 2181
f 2181 1170 275
f 2181 275 1176
f 2202 1182 8
f 2202 8 737
f 36 737 2182
f 36 2182 1169
f 737 8 982
f 737 982 2182
f 242 1101 2122
f 242 2122 1104
f 1969 1188 98
f 1969 98 888
f 94 804 2245
f 94 2245 822
f 326 804 2183
f 326 2183 1295
f 804 94 984
f 804 984 2183
f 1256 2188 825
f 1256 825 103
f 294 1140 2185
f 294 2185 1199
f 292 923 2186
f 292 2186 1200
f 686 276 1207
f 686 1207 2193
f 2188 1202 290
f 2188 290 825
f 103 825 2187
f 103 2187 826
f 825 290 1201
f 825 1201 2187
f 1534 2298 916
f 1534 916 142
f 1361 2533 1347
f 1361 1347 365
f 2046 840 109
f 2046 109 848
f 336 1285 2246
f 336 2246 1307
f 2187 827 101
f 2187 101 826
f 104 823 2222
f 104 2222 824
f 289 823 2189
f 289 2189 1203
f 2189 823 104
f 2189 104 1277
f 343 1292 2235
f 343 2235 1297
f 2191 1205 286
f 2191 286 818
f 99 818 2190
f 99 2190 819
f 818 286 1204
f 818 1204 2190
f 2192 816 100
f 2192 100 814
f 2192 1206 285
f 2192 285 816
f 100 816 2191
f 100 2191 817
f 816 285 1205
f 816 1205 2191
f 1527 2483 931
f 1527 931 129
f 2067 800 91
f 2067 91 798
f 2189 1294 342
f 2189 342 1203
f 285 1189 2033
f 285 2033 1205
f 957 2023 939
f 957 939 158
f 283 792 2193
f 283 2193 1207
f 2058 697 135
f 2058 135 1002
f 2196 1210 280
f 2196 280 752
f 34 752 2194
f 34 2194 883
f 752 280 1208
f 752 1208 2194
f 691 130 1168
f 691 1168 2177
f 257 1127 2203
f 257 2203 1130
f 1986 708 37
f 1986 37 749
f 74 1157 2173
f 74 2173 1276
f 2483 1798 293
f 2483 293 931
f 2159 1143 261
f 2159 261 1138
f 964 2212 933
f 964 933 152
f 931 293 1211
f 931 1211 2197
f 261 1143 2165
f 261 2165 1144
f 2245 1291 288
f 2245 288 822
f 94 822 2198
f 94 2198 873
f 822 288 1212
f 822 1212 2198
f 281 759 2198
f 281 2198 1212
f 2198 759 36
f 2198 36 873
f 1116 2163 682
f 1116 682 1
f 1132 2076 1115
f 1132 1115 245
f 2199 1213 277
f 2199 277 687
f 1007 2135 989
f 1007 989 182
f 282 778 2200
f 282 2200 1214
f 2200 778 53
f 2200 53 881
f 1232 2069 957
f 1232 957 158
f 1130 313 1245
f 1130 1245 2212
f 2182 982 269
f 2182 269 1177
f 278 1182 2202
f 278 2202 1216
f 1089 2216 1072
f 1089 1072 230
f 1906 2226 1260
f 1906 1260 320
f 1896 2562 876
f 1896 876 46
f 952 2206 946
f 952 946 165
f 961 163 980
f 961 980 2180
f 313 1130 2203
f 313 2203 1236
f 303 948 2204
f 303 2204 1237
f 2204 948 167
f 2204 167 950
f 2206 1239 301
f 2206 301 946
f 165 946 2205
f 165 2205 951
f 946 301 1238
f 946 1238 2205
f 2272 1376 380
f 2272 380 1335
f 662 372 1357
f 662 1357 1931
f 2398 1026 273
f 2398 273 1761
f 102 821 2244
f 102 2244 836
f 956 2210 941
f 956 941 160
f 403 1744 2454
f 403 2454 1747
f 164 945 2221
f 164 2221 1261
f 300 945 2207
f 300 2207 1240
f 2207 945 164
f 2207 164 953
f 2209 1242 298
f 2209 298 942
f 161 942 2208
f 161 2208 954
f 942 298 1241
f 942 1241 2208
f 1236 2203 1227
f 1236 1227 305
f 217 1086 2213
f 217 2213 1217
f 2210 1243 297
f 2210 297 941
f 160 941 2209
f 160 2209 955
f 941 297 1242
f 941 1242 2209
f 2207 1293 343
f 2207 343 1240
f 310 1232 2071
f 310 2071 1251
f 2497 1829 304
f 2497 304 949
f 168 949 2211
f 168 2211 963
f 949 304 1244
f 949 1244 2211
f 1075 311 1248
f 1075 1248 2215
f 2215 1248 309
f 2215 309 1073
f 231 1073 2213
f 231 2213 1086
f 1073 309 1246
f 1073 1246 2213
f 1285 2238 993
f 1285 993 186
f 2216 1249 308
f 2216 308 1072
f 230 1072 2214
f 230 2214 1087
f 1072 308 1247
f 1072 1247 2214
f 1032 337 1301
f 1032 1301 2239
f 224 1091 2218
f 224 2218 1224
f 291 1195 2195
f 291 2195 1209
f 2235 1292 312
f 2235 312 1076
f 234 1076 2216
f 234 2216 1089
f 1076 312 1249
f 1076 1249 2216
f 1093 2220 1074
f 1093 1074 232
f 199 1023 2361
f 199 2361 1638
f 1292 2231 1234
f 1292 1234 312
f 307 1071 2217
f 307 2217 1250
f 2217 1071 229
f 2217 229 1090
f 2220 1253 310
f 2220 310 1074
f 232 1074 2218
f 232 2218 1091
f 1074 310 1251
f 1074 1251 2218
f 1112 2148 1099
f 1112 1099 240
f 2229 808 314
f 2229 314 1273
f 324 1264 2229
f 324 2229 1273
f 2227 1271 318
f 2227 318 845
f 2146 1110 238
f 2146 238 1053
f 325 1265 2223
f 325 2223 1268
f 2221 1265 325
f 2221 325 1266
f 321 1261 2221
f 321 2221 1266
f 2222 1264 324
f 2222 324 1267
f 316 824 2222
f 316 2222 1267
f 699 197 1034
f 699 1034 2084
f 2223 1263 323
f 2223 323 1268
f 290 1194 2037
f 290 2037 1201
f 2224 1262 322
f 2224 322 1269
f 322 1262 2230
f 322 2230 1274
f 122 861 1947
f 122 1947 653
f 314 808 2225
f 314 2225 1270
f 194 1001 2093
f 194 2093 1009
f 126 849 847
f 126 847 117
f 836 2244 835
f 836 835 110
f 323 1263 2224
f 323 2224 1269
f 112 838 2227
f 112 2227 844
f 2227 838 317
f 2227 317 1271
f 398 1390 2340
f 398 2340 1539
f 73 812 2175
f 73 2175 1160
f 96 808 2229
f 96 2229 1193
f 2231 1292 343
f 2231 343 1293
f 333 1282 2231
f 333 2231 1293
f 821 102 1192
f 821 1192 2232
f 2174 809 315
f 2174 315 1255
f 2232 1291 342
f 2232 342 1294
f 328 821 2232
f 328 2232 1294
f 389 1387 2282
f 389 2282 1503
f 341 1178 2233
f 341 2233 1295
f 339 1288 2238
f 339 2238 1300
f 340 1173 2234
f 340 2234 1296
f 1173 340 1298
f 1173 1298 2236
f 296 1218 2214
f 296 2214 1247
f 2235 1288 339
f 2235 339 1297
f 338 1037 2236
f 338 2236 1298
f 2236 1037 201
f 2236 201 1163
f 1048 2114 1041
f 1048 1041 209
f 1296 2178 1289
f 1296 1289 340
f 1171 2113 1165
f 1171 1165 270
f 337 1032 2237
f 337 2237 1299
f 2454 1744 426
f 2454 426 1429
f 2238 1285 336
f 2238 336 1300
f 2243 1304 330
f 2243 330 842
f 2240 1284 335
f 2240 335 1302
f 319 1259 845
f 319 845 318
f 62 779 2095
f 62 2095 791
f 1178 341 1299
f 1178 1299 2237
f 110 835 2243
f 110 2243 843
f 710 40 1125
f 710 1125 2155
f 2243 835 329
f 2243 329 1304
f 2228 824 316
f 2228 316 1272
f 1803 2488 1771
f 1803 1771 579
f 76 1158 2174
f 76 2174 1255
f 111 839 2043
f 111 2043 840
f 583 1775 2255
f 583 2255 1801
f 415 1387 2247
f 415 2247 1420
f 366 1349 2546
f 366 2546 1908
f 389 1349 2247
f 389 2247 1387
f 2247 1349 366
f 2247 366 1409
f 2487 1802 583
f 2487 583 1405
f 2247 1409 409
f 2247 409 1420
f 1421 435 1424
f 1421 1424 2354
f 1774 582 1803
f 1774 1803 2248
f 362 1319 2483
f 362 2483 1527
f 579 1319 2248
f 579 2248 1803
f 2248 1319 362
f 2248 362 1335
f 2248 1335 380
f 2248 380 1774
f 1775 583 1802
f 1775 1802 2249
f 578 1314 2249
f 578 2249 1802
f 1600 2374 1315
f 1600 1315 345
f 2249 1314 361
f 2249 361 1388
f 2249 1388 395
f 2249 395 1775
f 2373 1586 494
f 2373 494 1626
f 1548 478 1574
f 1548 1574 2250
f 2369 1584 495
f 2369 495 1628
f 348 1311 2362
f 348 2362 1710
f 473 1311 2250
f 473 2250 1574
f 2250 1311 348
f 2250 348 1317
f 395 1388 2269
f 395 2269 1400
f 2250 1317 396
f 2250 396 1548
f 2291 1384 404
f 2291 404 1397
f 518 1631 2251
f 518 2251 1641
f 490 1580 2366
f 490 2366 1581
f 492 1580 2251
f 492 2251 1631
f 2251 1580 490
f 2251 490 1589
f 2251 1589 517
f 2251 517 1641
f 2255 1515 441
f 2255 441 1777
f 449 1461 2252
f 449 2252 1519
f 1461 441 1515
f 1461 1515 2252
f 2545 1909 367
f 2545 367 1534
f 472 1543 2439
f 472 2439 1721
f 395 1400 2252
f 395 2252 1515
f 2252 1400 399
f 2252 399 1519
f 404 1384 2253
f 404 2253 1403
f 143 145 1537
f 143 1537 1535
f 384 1368 2253
f 384 2253 1384
f 2253 1368 357
f 2253 357 1389
f 2253 1389 397
f 2253 397 1403
f 1417 414 1751
f 1417 1751 2254
f 416 1501 2254
f 416 2254 1751
f 405 1417 2254
f 405 2254 1501
f 1309 496 1722
f 1309 1722 2449
f 1777 585 1801
f 1777 1801 2255
f 638 1875 2469
f 638 2469 1880
f 564 1624 2256
f 564 2256 1736
f 381 1385 2377
f 381 2377 1499
f 504 1600 2256
f 504 2256 1624
f 593 1785 2447
f 593 2447 1786
f 345 1310 2256
f 345 2256 1600
f 2256 1310 553
f 2256 553 1736
f 2289 1382 561
f 2289 561 1729
f 562 1383 2257
f 562 2257 1735
f 385 1339 2257
f 385 2257 1383
f 2257 1339 359
f 2257 359 1714
f 2257 1714 556
f 2257 556 1735
f 1785 593 1800
f 1785 1800 2258
f 578 1770 2258
f 578 2258 1800
f 2288 1381 403
f 2288 403 1398
f 348 1710 2258
f 348 2258 1770
f 2258 1710 552
f 2258 552 1785
f 1951 648 70
f 1951 70 730
f 561 1382 2259
f 561 2259 1733
f 365 1338 2291
f 365 2291 1392
f 384 1338 2259
f 384 2259 1382
f 2259 1338 365
f 2259 365 1347
f 2259 1347 558
f 2259 558 1733
f 1719 2446 1366
f 1719 1366 382
f 403 1381 2260
f 403 2260 1402
f 385 1369 2260
f 385 2260 1381
f 589 1781 2518
f 589 2518 1876
f 345 1315 2260
f 345 2260 1369
f 2260 1315 394
f 2260 394 1402
f 1479 616 679
f 1479 679 1922
f 1506 469 670
f 1506 670 1934
f 28 909 911
f 28 911 32
f 1781 589 1799
f 1781 1799 2261
f 1449 589 1876
f 1449 1876 2531
f 518 1641 2399
f 518 2399 1755
f 1871 2372 1631
f 1871 1631 518
f 380 1517 2261
f 380 2261 1774
f 2261 1517 445
f 2261 445 1781
f 579 1771 2262
f 579 2262 1798
f 351 1318 2262
f 351 2262 1771
f 1588 2463 1318
f 1588 1318 351
f 2453 1743 359
f 2453 359 1530
f 720 251 1905
f 720 1905 2548
f 2451 1738 567
f 2451 567 1741
f 505 1623 2389
f 505 2389 1659
f 357 1322 2263
f 357 2263 1389
f 1328 2345 1322
f 1328 1322 357
f 2288 1339 385
f 2288 385 1381
f 505 1601 2264
f 505 2264 1623
f 1732 566 1737
f 1732 1737 2445
f 353 1528 2264
f 353 2264 1601
f 1367 2448 1331
f 1367 1331 358
f 1331 556 1742
f 1331 1742 2265
f 567 1738 2265
f 567 2265 1742
f 2441 1720 383
f 2441 383 1337
f 566 1732 2265
f 566 2265 1738
f 358 1331 2265
f 358 2265 1732
f 1784 2481 1502
f 1784 1502 436
f 479 1565 2355
f 479 2355 1817
f 426 1426 2313
f 426 2313 1603
f 1533 366 1908
f 1533 1908 2534
f 832 108 833
f 832 833 2040
f 1744 403 1745
f 1744 1745 2267
f 427 1426 2267
f 427 2267 1745
f 1426 426 1744
f 1426 1744 2267
f 1715 557 1731
f 1715 1731 2268
f 2471 1769 360
f 2471 360 1712
f 554 1712 2268
f 554 2268 1731
f 360 1344 2268
f 360 2268 1712
f 2268 1344 346
f 2268 346 1715
f 1391 399 1400
f 1391 1400 2269
f 1609 2375 1601
f 1609 1601 505
f 361 1343 2269
f 361 2269 1388
f 2269 1343 347
f 2269 347 1391
f 628 1865 1928
f 628 1928 680
f 399 1399 2270
f 399 2270 1519
f 1399 401 1523
f 1399 1523 2270
f 395 1515 2255
f 395 2255 1775
f 2306 1376 387
f 2306 387 1521
f 456 1489 2270
f 456 2270 1523
f 2270 1489 449
f 2270 449 1519
f 2472 1772 363
f 2472 363 1529
f 2444 1731 557
f 2444 557 1340
f 1345 362 1527
f 1345 1527 2342
f 363 1346 2271
f 363 2271 1529
f 2271 1346 354
f 2271 354 1532
f 352 1345 2342
f 352 2342 1531
f 1342 387 1376
f 1342 1376 2272
f 1351 2281 1342
f 1351 1342 352
f 1393 2296 1360
f 1393 1360 369
f 1363 2284 1346
f 1363 1346 363
f 352 1342 2272
f 352 2272 1345
f 1340 557 1730
f 1340 1730 2273
f 559 1353 2273
f 559 2273 1730
f 2273 1353 369
f 2273 369 1360
f 478 1570 2360
f 478 2360 1816
f 347 1340 2273
f 347 2273 1360
f 666 1935 1373
f 666 1373 392
f 1550 480 1570
f 1550 1570 2274
f 2305 1415 410
f 2305 410 1341
f 1938 657 146
f 1938 146 1538
f 1747 2457 1395
f 1747 1395 403
f 396 1508 2274
f 396 2274 1548
f 2274 1508 433
f 2274 433 1550
f 663 1908 2546
f 663 2546 1939
f 1717 2443 1352
f 1717 1352 368
f 370 1351 2275
f 370 2275 1535
f 2275 1351 352
f 2275 352 1531
f 541 1671 2506
f 541 2506 1690
f 412 1414 2280
f 412 2280 1525
f 1341 410 1414
f 1341 1414 2276
f 1476 469 460
f 1476 460 1474
f 412 1354 2276
f 412 2276 1414
f 368 1352 2276
f 368 2276 1354
f 1576 2368 1575
f 1576 1575 488
f 346 1341 2276
f 346 2276 1352
f 516 1629 2277
f 516 2277 1640
f 488 1575 2277
f 488 2277 1629
f 392 1373 1372
f 392 1372 390
f 663 1939 1358
f 663 1358 374
f 1394 373 665
f 1394 665 1936
f 664 1938 1538
f 664 1538 375
f 372 1718 1717
f 372 1717 368
f 627 1469 1865
f 627 1865 628
f 1469 461 468
f 1469 468 1865
f 401 1393 1394
f 401 1394 402
f 373 1394 1393
f 373 1393 369
f 386 1370 2284
f 386 2284 1377
f 457 1483 1484
f 457 1484 464
f 1536 1538 146
f 1536 146 144
f 2281 1355 391
f 2281 391 1374
f 560 1356 1353
f 560 1353 559
f 2286 1363 363
f 2286 363 1772
f 1399 2296 1393
f 1399 1393 401
f 369 1353 1356
f 369 1356 373
f 465 456 1523
f 465 1523 1512
f 354 1359 2341
f 354 2341 1532
f 1718 372 662
f 1718 662 1937
f 390 1375 2279
f 390 2279 1524
f 1370 386 1375
f 1370 1375 2278
f 464 1514 1524
f 464 1524 457
f 390 1372 2278
f 390 2278 1375
f 371 1359 2278
f 371 2278 1372
f 2278 1359 354
f 2278 354 1370
f 2422 1687 537
f 2422 537 1593
f 448 1492 2279
f 448 2279 1520
f 1492 457 1524
f 1492 1524 2279
f 1599 543 1873
f 1599 1873 2524
f 1927 1488 465
f 1927 465 674
f 469 1506 1525
f 469 1525 460
f 2424 1689 538
f 2424 538 1594
f 1708 2435 1478
f 1708 1478 423
f 470 672 1929
f 470 1929 1844
f 668 402 1394
f 668 1394 1936
f 1373 1935 664
f 1373 664 375
f 452 1475 2280
f 452 2280 1522
f 1475 460 1525
f 1475 1525 2280
f 2415 1680 620
f 2415 620 1853
f 1465 614 1857
f 1465 1857 2514
f 669 413 1506
f 669 1506 1934
f 1526 2304 1374
f 1526 1374 391
f 468 461 1526
f 468 1526 1504
f 1635 2371 1629
f 1635 1629 516
f 1476 1474 462
f 1476 462 471
f 1690 2506 1666
f 1690 1666 536
f 1903 2545 1534
f 1903 1534 142
f 2528 1866 422
f 2528 422 1915
f 1708 423 1845
f 1708 1845 2282
f 617 1480 2282
f 617 2282 1845
f 1480 422 1866
f 1480 1866 2282
f 629 1482 2282
f 629 2282 1866
f 1482 420 1503
f 1482 1503 2282
f 2293 1518 406
f 2293 406 1776
f 410 1415 2283
f 410 2283 1522
f 1415 406 1518
f 1415 1518 2283
f 444 1468 2283
f 444 2283 1518
f 2283 1468 452
f 2283 452 1522
f 2284 1370 354
f 2284 354 1346
f 2284 1363 378
f 2284 378 1377
f 521 1547 2352
f 521 2352 1643
f 664 1909 2545
f 664 2545 1938
f 2401 1647 521
f 2401 521 1649
f 546 1547 2285
f 546 2285 1707
f 1547 521 1647
f 1547 1647 2285
f 2285 1647 524
f 2285 524 1655
f 2285 1655 548
f 2285 548 1707
f 1772 580 1797
f 1772 1797 2286
f 581 1773 2286
f 581 2286 1797
f 1325 398 1539
f 1325 1539 2346
f 1365 353 1601
f 1365 1601 2375
f 408 1321 2287
f 408 2287 1413
f 1321 353 1365
f 1321 1365 2287
f 2287 1365 381
f 2287 381 1380
f 1479 1843 615
f 1479 615 616
f 2287 1380 414
f 2287 414 1413
f 359 1325 2346
f 359 2346 1530
f 398 1325 2288
f 398 2288 1398
f 1325 359 1339
f 1325 1339 2288
f 2533 1918 558
f 2533 558 1347
f 1383 2290 1369
f 1383 1369 385
f 555 1328 2289
f 555 2289 1729
f 1328 357 1368
f 1328 1368 2289
f 1912 2543 1392
f 1912 1392 400
f 1745 2455 1423
f 1745 1423 427
f 556 1714 2452
f 556 2452 1742
f 1802 2487 1770
f 1802 1770 578
f 479 1549 2309
f 479 2309 1565
f 1472 615 1856
f 1472 1856 2513
f 397 1389 2263
f 397 2263 1401
f 1501 416 1607
f 1501 1607 2379
f 584 1776 2310
f 584 2310 1794
f 400 1392 2291
f 400 2291 1397
f 417 1432 2532
f 417 2532 1861
f 2505 1837 604
f 2505 604 1668
f 1549 479 1567
f 1549 1567 2292
f 2350 1437 486
f 2350 486 1560
f 487 1440 2292
f 487 2292 1567
f 1465 2514 1464
f 1465 1464 455
f 2292 1440 436
f 2292 436 1502
f 2292 1502 407
f 2292 407 1549
f 1516 2297 1377
f 1516 1377 378
f 1776 584 1796
f 1776 1796 2293
f 592 1454 2293
f 592 2293 1796
f 2293 1454 444
f 2293 444 1518
f 677 1933 1514
f 677 1514 464
f 378 1363 2286
f 378 2286 1773
f 678 560 1718
f 678 1718 1937
f 674 465 1512
f 674 1512 1932
f 2457 1509 376
f 2457 376 1395
f 1334 355 1390
f 1334 1390 2294
f 1390 398 1398
f 1390 1398 2294
f 466 1484 1483
f 466 1483 459
f 403 1395 2294
f 403 2294 1398
f 376 1334 2294
f 376 2294 1395
f 1345 2272 1335
f 1345 1335 362
f 1910 2540 1513
f 1910 1513 388
f 404 1396 2295
f 404 2295 1709
f 1396 388 1513
f 1396 1513 2295
f 1513 2540 1498
f 1513 1498 429
f 429 1497 2295
f 429 2295 1513
f 2295 1497 431
f 2295 431 1709
f 428 1493 2537
f 428 2537 1917
f 1357 413 669
f 1357 669 1931
f 1314 2485 1312
f 1314 1312 361
f 1730 2443 1717
f 1730 1717 559
f 1524 1514 392
f 1524 392 390
f 651 1941 854
f 651 854 127
f 2357 1567 479
f 2357 479 1817
f 1612 2422 1593
f 1612 1593 497
f 1371 2299 1323
f 1371 1323 367
f 440 1455 2297
f 440 2297 1516
f 2297 1455 448
f 2297 448 1520
f 367 1323 2298
f 367 2298 1534
f 2298 1323 397
f 2298 397 1401
f 1926 1486 467
f 1926 467 675
f 675 467 1488
f 675 1488 1927
f 1371 388 1396
f 1371 1396 2299
f 1748 2458 1499
f 1748 1499 417
f 2538 1913 411
f 2538 411 1348
f 544 1430 2300
f 544 2300 1706
f 1430 526 1650
f 1430 1650 2300
f 1313 2447 1308
f 1313 1308 349
f 2476 1447 588
f 2476 588 1791
f 1420 2311 1411
f 1420 1411 415
f 2280 1414 410
f 2280 410 1522
f 588 1447 2301
f 588 2301 1795
f 2301 1447 440
f 2301 440 1516
f 534 1664 2384
f 534 2384 1680
f 1350 2538 1348
f 1350 1348 364
f 478 1548 2274
f 478 2274 1570
f 1505 2435 1412
f 1505 1412 411
f 364 1348 2302
f 364 2302 1366
f 1348 411 1412
f 1348 1412 2302
f 1507 2376 1422
f 1507 1422 425
f 1417 2308 1410
f 1417 1410 414
f 415 1411 2302
f 415 2302 1412
f 373 1356 1923
f 373 1923 665
f 382 1366 2302
f 382 2302 1411
f 2355 1565 472
f 2355 472 1812
f 1367 358 1408
f 1367 1408 2303
f 569 1752 2395
f 569 2395 1764
f 1408 408 1413
f 1408 1413 2303
f 2266 1409 366
f 2266 366 1533
f 414 1410 2303
f 414 2303 1413
f 383 1367 2303
f 383 2303 1410
f 1357 372 368
f 1357 368 1354
f 1769 2310 1316
f 1769 1316 360
f 391 393 1504
f 391 1504 1526
f 1462 626 1890
f 1462 1890 2530
f 2390 1624 564
f 2390 564 1725
f 461 1470 2304
f 461 2304 1526
f 2304 1470 453
f 2304 453 1521
f 501 1597 2425
f 501 2425 1615
f 1362 2482 1332
f 1362 1332 350
f 360 1316 2305
f 360 2305 1344
f 2305 1316 406
f 2305 406 1415
f 2297 1520 386
f 2297 386 1377
f 453 1463 2306
f 453 2306 1521
f 1463 445 1517
f 1463 1517 2306
f 2541 1934 670
f 2541 670 1477
f 2474 1452 591
f 2474 591 1789
f 1336 2311 1333
f 1336 1333 356
f 1327 356 1333
f 1327 1333 2307
f 2307 1333 409
f 2307 409 1416
f 1711 2441 1337
f 1711 1337 344
f 1337 383 1410
f 1337 1410 2308
f 405 1406 2308
f 405 2308 1417
f 344 1337 2308
f 344 2308 1406
f 1608 2374 1600
f 1608 1600 504
f 1543 472 1565
f 1543 1565 2309
f 1698 2427 1566
f 1698 1566 483
f 577 1769 2471
f 577 2471 1786
f 1344 2305 1341
f 1344 1341 346
f 407 1407 2309
f 407 2309 1549
f 2309 1407 349
f 2309 349 1543
f 1769 577 1794
f 1769 1794 2310
f 1742 2452 1740
f 1742 1740 567
f 500 1596 2420
f 500 2420 1610
f 1336 382 1411
f 1336 1411 2311
f 2354 1424 481
f 2354 481 1564
f 2455 1746 425
f 2455 425 1423
f 506 1622 2388
f 506 2388 1660
f 1422 502 1622
f 1422 1622 2312
f 2454 1429 424
f 2454 424 1747
f 506 1602 2312
f 506 2312 1622
f 1620 2314 1603
f 1620 1603 507
f 427 1423 2312
f 427 2312 1602
f 425 1422 2312
f 425 2312 1423
f 2385 1619 633
f 2385 633 1885
f 507 1603 2313
f 507 2313 1621
f 1463 2530 1448
f 1463 1448 445
f 1614 2380 1604
f 1614 1604 508
f 2386 1620 507
f 2386 507 1661
f 508 1620 2386
f 508 2386 1662
f 508 1604 2314
f 508 2314 1620
f 510 1618 2384
f 510 2384 1664
f 2384 1618 619
f 2384 619 1854
f 424 1429 2314
f 424 2314 1604
f 2314 1429 426
f 2314 426 1603
f 509 1619 2385
f 509 2385 1663
f 633 1619 2315
f 633 2315 1892
f 1847 2516 1605
f 1847 1605 509
f 2516 1840 419
f 2516 419 1605
f 509 1605 2315
f 509 2315 1619
f 2383 1617 510
f 2383 510 1664
f 419 1433 2315
f 419 2315 1605
f 2315 1433 624
f 2315 624 1892
f 2486 1801 585
f 2486 585 1442
f 619 1618 2316
f 619 2316 1859
f 1617 2317 1606
f 1617 1606 510
f 1751 2461 1439
f 1751 1439 416
f 510 1606 2316
f 510 2316 1618
f 1613 2379 1607
f 1613 1607 511
f 418 1436 2316
f 418 2316 1606
f 2316 1436 612
f 2316 612 1859
f 511 1607 2317
f 511 2317 1617
f 416 1439 2317
f 416 2317 1607
f 2317 1439 418
f 2317 418 1606
f 1508 2486 1442
f 1508 1442 433
f 433 1421 2354
f 433 2354 1550
f 1442 585 1793
f 1442 1793 2318
f 1425 434 1427
f 1425 1427 2353
f 586 1778 2318
f 586 2318 1793
f 1791 2320 1779
f 1791 1779 587
f 435 1421 2318
f 435 2318 1778
f 604 1814 2358
f 604 2358 1835
f 2318 1421 433
f 2318 433 1442
f 2475 1790 639
f 2475 639 1879
f 587 1779 2319
f 587 2319 1792
f 1795 2480 1780
f 1795 1780 588
f 434 1425 2319
f 434 2319 1779
f 2319 1425 435
f 2319 435 1778
f 434 1428 2426
f 434 2426 1657
f 667 1940 1504
f 667 1504 393
f 588 1780 2320
f 588 2320 1791
f 2474 1789 621
f 2474 621 1852
f 432 1428 2320
f 432 2320 1780
f 2320 1428 434
f 2320 434 1779
f 2478 1443 586
f 2478 586 1793
f 639 1790 2321
f 639 2321 1891
f 590 1782 2321
f 590 2321 1790
f 2321 1782 439
f 2321 439 1860
f 2321 1860 623
f 2321 623 1891
f 1796 2481 1784
f 1796 1784 592
f 621 1789 2322
f 621 2322 1858
f 1438 436 1440
f 1438 1440 2349
f 591 1783 2322
f 591 2322 1789
f 2322 1783 438
f 2322 438 1839
f 2322 1839 611
f 2322 611 1858
f 592 1784 2323
f 592 2323 1788
f 436 1438 2323
f 436 2323 1784
f 2323 1438 438
f 2323 438 1783
f 1491 2338 1456
f 1491 1456 450
f 440 1446 2324
f 440 2324 1455
f 1446 442 1457
f 1446 1457 2324
f 450 1456 2324
f 450 2324 1457
f 442 1444 2325
f 442 2325 1457
f 1444 443 1459
f 1444 1459 2325
f 451 1458 2325
f 451 2325 1459
f 1490 2337 1458
f 1490 1458 451
f 441 1441 2478
f 441 2478 1777
f 443 1441 2326
f 443 2326 1459
f 1441 441 1461
f 1441 1461 2326
f 449 1460 2326
f 449 2326 1461
f 1489 2336 1460
f 1489 1460 449
f 1473 2332 1467
f 1473 1467 454
f 626 1863 2327
f 626 2327 1890
f 455 1464 2327
f 455 2327 1863
f 2327 1464 447
f 2327 447 1862
f 625 1862 2475
f 625 2475 1879
f 2327 1862 625
f 2327 625 1890
f 614 1842 2328
f 614 2328 1857
f 1453 444 1454
f 1453 1454 2473
f 454 1466 2328
f 454 2328 1842
f 2328 1466 446
f 2328 446 1841
f 613 1841 2474
f 613 2474 1852
f 2328 1841 613
f 2328 613 1857
f 2332 1475 452
f 2332 452 1467
f 1467 452 1468
f 1467 1468 2329
f 1592 536 1723
f 1592 1723 2438
f 444 1453 2329
f 444 2329 1468
f 680 1921 1481
f 680 1481 628
f 2329 1453 446
f 2329 446 1466
f 627 1864 2330
f 627 2330 1889
f 463 1471 2330
f 463 2330 1864
f 2330 1471 455
f 2330 455 1863
f 1474 2332 1473
f 1474 1473 462
f 1505 2541 1477
f 1505 1477 421
f 615 1843 2331
f 615 2331 1856
f 629 1866 2528
f 629 2528 1920
f 462 1473 2331
f 462 2331 1843
f 2331 1473 454
f 2331 454 1842
f 465 1488 1487
f 465 1487 456
f 580 1772 2472
f 580 2472 1787
f 1474 460 1475
f 1474 1475 2332
f 2435 1505 421
f 2435 421 1478
f 1477 670 1930
f 1477 1930 2333
f 671 1914 2333
f 671 2333 1930
f 1940 2547 1916
f 1940 1916 673
f 423 1478 2333
f 423 2333 1914
f 1921 2528 1915
f 1921 1915 672
f 421 1477 2333
f 421 2333 1478
f 1919 679 1929
f 1919 1929 2334
f 672 1915 2334
f 672 2334 1929
f 1920 680 1928
f 1920 1928 2335
f 673 1916 2335
f 673 2335 1928
f 2338 1491 459
f 2338 459 1483
f 370 1535 1537
f 370 1537 374
f 467 1486 1485
f 467 1485 458
f 1486 466 459
f 1486 459 1485
f 2337 1490 458
f 2337 458 1485
f 463 1864 1481
f 463 1481 470
f 461 1469 2529
f 461 2529 1470
f 1925 1484 466
f 1925 466 676
f 2336 1489 456
f 2336 456 1487
f 401 402 1512
f 401 1512 1523
f 911 909 144
f 911 144 146
f 462 1843 1479
f 462 1479 471
f 1864 627 628
f 1864 628 1481
f 1487 1488 467
f 1487 467 458
f 679 1919 2512
f 679 2512 1922
f 1944 2549 1904
f 1944 1904 658
f 1472 463 470
f 1472 470 1844
f 1936 2543 1912
f 1936 1912 668
f 1382 2289 1368
f 1382 1368 384
f 2301 1516 378
f 2301 378 1773
f 1924 663 374
f 1924 374 1537
f 2536 1496 676
f 2536 676 1926
f 1725 2438 1723
f 1725 1723 565
f 1330 2344 1324
f 1330 1324 355
f 1732 2445 1320
f 1732 1320 358
f 358 1320 2339
f 358 2339 1408
f 1745 403 1746
f 1745 1746 2455
f 355 1324 2340
f 355 2340 1390
f 2279 1375 386
f 2279 386 1520
f 1371 367 1909
f 1371 1909 2542
f 617 1845 2512
f 617 2512 1919
f 2368 1576 489
f 2368 489 1585
f 448 1455 2324
f 448 2324 1456
f 2482 1797 580
f 2482 580 1332
f 446 1452 2474
f 446 2474 1841
f 480 1550 2354
f 480 2354 1564
f 2352 1547 546
f 2352 546 1704
f 2416 1681 534
f 2416 534 1810
f 388 1371 2542
f 388 2542 1910
f 350 1329 2428
f 350 2428 1546
f 1332 580 1787
f 1332 1787 2343
f 2378 1612 497
f 2378 497 1330
f 2343 1329 350
f 2343 350 1332
f 1334 2378 1330
f 1334 1330 355
f 1330 497 1616
f 1330 1616 2344
f 1700 2407 1694
f 1700 1694 547
f 1586 2373 1554
f 1586 1554 489
f 438 1437 2350
f 438 2350 1839
f 547 1694 2348
f 547 2348 1705
f 527 1653 2348
f 527 2348 1694
f 2523 1884 638
f 2523 638 1767
f 1437 438 1438
f 1437 1438 2349
f 486 1437 2349
f 486 2349 1559
f 1701 2406 1692
f 1701 1692 545
f 2370 1636 512
f 2370 512 1326
f 2350 1560 618
f 2350 618 1855
f 1872 635 1888
f 1872 1888 2351
f 632 1583 2351
f 632 2351 1888
f 534 1680 2415
f 534 2415 1810
f 493 1326 2351
f 493 2351 1583
f 2351 1326 512
f 2351 512 1872
f 2496 1818 480
f 2496 480 1564
f 545 1692 2352
f 545 2352 1704
f 520 1643 2352
f 520 2352 1692
f 610 1820 2437
f 610 2437 1821
f 1856 2331 1842
f 1856 1842 614
f 1424 435 1425
f 1424 1425 2353
f 1734 2471 1712
f 1734 1712 554
f 2353 1427 482
f 2353 482 1563
f 481 1424 2353
f 481 2353 1563
f 2494 1553 598
f 2494 598 1826
f 1836 2357 1817
f 1836 1817 607
f 608 1818 2496
f 608 2496 1828
f 1827 2412 1806
f 1827 1806 596
f 1812 602 1838
f 1812 1838 2355
f 607 1817 2355
f 607 2355 1838
f 2511 1846 485
f 2511 485 1434
f 1814 604 1837
f 1814 1837 2356
f 483 1553 2494
f 483 2494 1562
f 598 1553 2356
f 598 2356 1837
f 2356 1553 483
f 2356 483 1566
f 2356 1566 476
f 2356 476 1814
f 2473 1454 592
f 2473 592 1788
f 1832 2363 1815
f 1832 1815 605
f 601 1557 2357
f 601 2357 1836
f 2357 1557 487
f 2357 487 1567
f 1654 2432 1568
f 1654 1568 476
f 603 1813 2490
f 603 2490 1822
f 2395 1637 515
f 2395 515 1753
f 2432 1691 475
f 2432 475 1568
f 1813 603 1835
f 1813 1835 2358
f 609 1819 2517
f 609 2517 1877
f 2489 1812 472
f 2489 472 1721
f 2466 1587 484
f 2466 484 1569
f 476 1568 2358
f 476 2358 1814
f 2358 1568 475
f 2358 475 1813
f 1819 609 1834
f 1819 1834 2359
f 1757 2470 1573
f 1757 1573 474
f 605 1815 2359
f 605 2359 1834
f 477 1569 2359
f 477 2359 1815
f 2359 1569 484
f 2359 484 1819
f 543 1673 2521
f 543 2521 1873
f 1818 608 1833
f 1818 1833 2360
f 606 1816 2360
f 606 2360 1833
f 1435 2511 1434
f 1435 1434 439
f 1673 609 1877
f 1673 1877 2521
f 1633 2373 1626
f 1633 1626 513
f 2498 1724 563
f 2498 563 1572
f 489 1554 2361
f 489 2361 1585
f 2361 1554 514
f 2361 514 1638
f 1892 2532 1870
f 1892 1870 633
f 2497 1545 595
f 2497 595 1829
f 2362 1572 563
f 2362 563 1726
f 2498 1544 594
f 2498 594 1830
f 595 1545 2363
f 595 2363 1832
f 2363 1545 474
f 2363 474 1573
f 2363 1573 477
f 2363 477 1815
f 2366 1580 492
f 2366 492 1582
f 2373 1633 514
f 2373 514 1554
f 495 1582 2526
f 495 2526 1869
f 1819 484 1867
f 1819 1867 2517
f 594 1544 2364
f 594 2364 1831
f 2364 1544 473
f 2364 473 1574
f 494 1581 2366
f 494 2366 1584
f 2427 1654 476
f 2427 476 1566
f 1581 494 1586
f 1581 1586 2365
f 489 1576 2365
f 489 2365 1586
f 2365 1576 488
f 2365 488 1577
f 2371 1577 488
f 2371 488 1629
f 2365 1577 490
f 2365 490 1581
f 1582 495 1584
f 1582 1584 2366
f 513 1637 2395
f 513 2395 1752
f 1591 2370 1579
f 1591 1579 491
f 631 1868 2367
f 631 2367 1887
f 491 1579 2367
f 491 2367 1868
f 2367 1579 493
f 2367 493 1583
f 394 1404 2376
f 394 2376 1507
f 515 1628 2527
f 515 2527 1639
f 335 1284 2241
f 335 2241 1303
f 2525 1634 519
f 2525 519 1591
f 513 1626 2369
f 513 2369 1637
f 2369 1628 515
f 2369 515 1637
f 1418 2381 1406
f 1418 1406 405
f 2393 1635 516
f 2393 516 1754
f 1886 2525 1868
f 1886 1868 631
f 2371 1635 517
f 2371 517 1589
f 2370 1591 519
f 2370 519 1636
f 2400 1643 520
f 2400 520 1648
f 2519 1860 439
f 2519 439 1759
f 2421 1595 539
f 2421 539 1686
f 1871 634 1886
f 1871 1886 2372
f 631 1578 2372
f 631 2372 1886
f 2372 1578 492
f 2372 492 1631
f 637 1874 2464
f 637 2464 1881
f 1432 503 1870
f 1432 1870 2532
f 500 1404 2374
f 500 2374 1608
f 2362 1311 473
f 2362 473 1572
f 507 1621 2387
f 507 2387 1661
f 499 1385 2375
f 499 2375 1609
f 2291 1338 384
f 2291 384 1384
f 1432 417 1499
f 1432 1499 2377
f 1665 2423 1613
f 1665 1613 511
f 503 1432 2377
f 503 2377 1611
f 1509 2380 1378
f 1509 1378 376
f 2296 1391 347
f 2296 347 1360
f 2378 1378 498
f 2378 498 1612
f 1578 631 1887
f 1578 1887 2526
f 1418 405 1501
f 1418 1501 2379
f 344 1309 2449
f 344 2449 1711
f 501 1418 2379
f 501 2379 1613
f 2457 1747 424
f 2457 424 1509
f 2299 1403 397
f 2299 397 1323
f 1509 424 1604
f 1509 1604 2380
f 1662 2424 1614
f 1662 1614 508
f 1309 344 1406
f 1309 1406 2381
f 1419 2479 1407
f 1419 1407 407
f 496 1309 2381
f 496 2381 1615
f 1689 2424 1662
f 1689 1662 532
f 1593 537 1682
f 1593 1682 2382
f 497 1593 2382
f 497 2382 1616
f 1792 2319 1778
f 1792 1778 586
f 535 1681 2416
f 535 2416 1811
f 1664 534 1681
f 1664 1681 2383
f 535 1665 2383
f 535 2383 1681
f 2414 1679 636
f 2414 636 1882
f 2460 1840 612
f 2460 612 1436
f 620 1680 2384
f 620 2384 1854
f 533 1679 2414
f 533 2414 1809
f 2510 1847 509
f 2510 509 1663
f 2459 1861 624
f 2459 624 1433
f 2413 1678 531
f 2413 531 1807
f 636 1679 2385
f 636 2385 1885
f 533 1663 2385
f 533 2385 1679
f 531 1677 2412
f 531 2412 1807
f 532 1678 2413
f 532 2413 1808
f 1661 531 1678
f 1661 1678 2386
f 532 1662 2386
f 532 2386 1678
f 1684 2419 1659
f 1684 1659 529
f 2420 1685 542
f 2420 542 1598
f 1610 2420 1598
f 1610 1598 502
f 1660 530 1677
f 1660 1677 2387
f 2387 1621 506
f 2387 506 1660
f 1598 542 1676
f 1598 1676 2388
f 530 1676 2411
f 530 2411 1806
f 2412 1677 530
f 2412 530 1806
f 529 1675 2410
f 529 2410 1805
f 2448 1735 556
f 2448 556 1331
f 502 1598 2388
f 502 2388 1622
f 1729 2442 1713
f 1729 1713 555
f 529 1659 2389
f 529 2389 1675
f 2418 1608 504
f 2418 504 1541
f 2290 1728 553
f 2290 553 1310
f 2409 1674 565
f 2409 565 1820
f 468 673 1928
f 468 1928 1865
f 565 1674 2390
f 565 2390 1725
f 528 1541 2390
f 528 2390 1674
f 2390 1541 504
f 2390 504 1624
f 514 1627 2396
f 514 2396 1638
f 574 1627 2391
f 574 2391 1768
f 1627 514 1633
f 1627 1633 2391
f 1628 495 1869
f 1628 1869 2527
f 530 1660 2388
f 530 2388 1676
f 2391 1752 569
f 2391 569 1768
f 2325 1458 450
f 2325 450 1457
f 572 1755 2399
f 572 2399 1760
f 1875 638 1884
f 1875 1884 2392
f 2399 1630 575
f 2399 575 1760
f 2430 1696 482
f 2430 482 1427
f 571 1754 2398
f 571 2398 1761
f 518 1755 2392
f 518 2392 1871
f 2392 1755 572
f 2392 572 1875
f 517 1630 2399
f 517 2399 1641
f 575 1630 2393
f 575 2393 1766
f 1630 517 1635
f 1630 1635 2393
f 1634 2523 1632
f 1634 1632 519
f 2523 1767 576
f 2523 576 1632
f 2393 1754 571
f 2393 571 1766
f 1885 2524 1873
f 1885 1873 636
f 512 1625 2397
f 512 2397 1872
f 573 1625 2394
f 573 2394 1765
f 1625 512 1636
f 1625 1636 2394
f 519 1632 2394
f 519 2394 1636
f 2394 1632 576
f 2394 576 1765
f 2376 1404 500
f 2376 500 1610
f 2395 1753 570
f 2395 570 1764
f 2527 1888 635
f 2527 635 1639
f 1874 637 1883
f 1874 1883 2397
f 526 1648 2402
f 526 2402 1650
f 2336 1490 451
f 2336 451 1460
f 523 1644 2404
f 523 2404 1697
f 1648 526 1653
f 1648 1653 2400
f 527 1649 2400
f 527 2400 1653
f 539 1669 2502
f 539 2502 1686
f 2403 1646 525
f 2403 525 1651
f 1831 2499 1804
f 1831 1804 594
f 525 1646 2401
f 525 2401 1652
f 1720 2448 1367
f 1720 1367 383
f 2401 1646 524
f 2401 524 1647
f 2488 1803 582
f 2488 582 1386
f 1692 2406 1642
f 1692 1642 520
f 1658 2405 1651
f 1658 1651 525
f 520 1642 2402
f 520 2402 1648
f 2118 1056 210
f 2118 210 1042
f 1707 2434 1693
f 1707 1693 546
f 525 1652 2407
f 525 2407 1658
f 2405 1656 522
f 2405 522 1651
f 1644 523 1645
f 1644 1645 2403
f 1645 524 1646
f 1645 1646 2403
f 2405 1702 549
f 2405 549 1656
f 522 1644 2403
f 522 2403 1651
f 2407 1700 551
f 2407 551 1658
f 550 1697 2404
f 550 2404 1703
f 1685 2501 1672
f 1685 1672 542
f 2404 1656 549
f 2404 549 1703
f 2405 1658 551
f 2405 551 1702
f 2404 1644 522
f 2404 522 1656
f 528 1674 2409
f 528 2409 1804
f 540 1670 2501
f 540 2501 1685
f 1820 610 1830
f 1820 1830 2409
f 594 1804 2409
f 594 2409 1830
f 1832 2500 1805
f 1832 1805 595
f 1683 2418 1541
f 1683 1541 528
f 595 1805 2410
f 595 2410 1829
f 2501 1833 608
f 2501 608 1672
f 1672 608 1828
f 1672 1828 2411
f 596 1806 2411
f 596 2411 1828
f 1826 2413 1807
f 1826 1807 597
f 542 1672 2411
f 542 2411 1676
f 1850 2509 1809
f 1850 1809 599
f 2492 1824 622
f 2492 622 1851
f 597 1807 2412
f 597 2412 1827
f 1782 2515 1435
f 1782 1435 439
f 1837 2505 1808
f 1837 1808 598
f 481 1551 2496
f 481 2496 1564
f 598 1808 2413
f 598 2413 1826
f 1823 2416 1810
f 1823 1810 600
f 2509 1848 533
f 2509 533 1809
f 2493 1825 640
f 2493 640 1878
f 482 1552 2495
f 482 2495 1563
f 640 1825 2414
f 640 2414 1882
f 599 1809 2414
f 599 2414 1825
f 486 1556 2492
f 486 2492 1560
f 622 1824 2415
f 622 2415 1853
f 600 1810 2415
f 600 2415 1824
f 1836 2504 1811
f 1836 1811 601
f 601 1811 2416
f 601 2416 1823
f 1805 2500 1684
f 1805 1684 529
f 2503 1835 603
f 2503 603 1667
f 1804 2499 1683
f 1804 1683 528
f 1667 603 1822
f 1667 1822 2417
f 537 1667 2417
f 537 2417 1682
f 1596 500 1608
f 1596 1608 2418
f 540 1596 2418
f 540 2418 1683
f 1595 499 1609
f 1595 1609 2419
f 539 1595 2419
f 539 2419 1684
f 1599 503 1611
f 1599 1611 2421
f 2425 1597 541
f 2425 541 1690
f 503 1599 2524
f 503 2524 1870
f 1811 2504 1688
f 1811 1688 535
f 543 1599 2421
f 543 2421 1686
f 498 1594 2422
f 498 2422 1612
f 2422 1594 538
f 2422 538 1687
f 1657 550 1703
f 1657 1703 2430
f 1597 501 1613
f 1597 1613 2423
f 1464 2514 1451
f 1464 1451 447
f 541 1597 2423
f 541 2423 1688
f 496 1592 2438
f 496 2438 1722
f 1808 2505 1689
f 1808 1689 532
f 1592 496 1615
f 1592 1615 2425
f 1614 2424 1594
f 1614 1594 498
f 536 1592 2425
f 536 2425 1690
f 1546 545 1704
f 1546 1704 2431
f 1695 548 1699
f 1695 1699 2426
f 550 1657 2426
f 550 2426 1699
f 551 1698 2429
f 551 2429 1702
f 1698 551 1700
f 1698 1700 2427
f 547 1654 2427
f 547 2427 1700
f 1654 547 1705
f 1654 1705 2432
f 545 1546 2428
f 545 2428 1701
f 1511 428 1917
f 1511 1917 2539
f 1562 482 1696
f 1562 1696 2429
f 1696 549 1702
f 1696 1702 2429
f 2502 1669 605
f 2502 605 1834
f 483 1562 2429
f 483 2429 1698
f 548 1695 2434
f 548 2434 1707
f 1362 350 1546
f 1362 1546 2431
f 2408 1699 548
f 2408 548 1655
f 1795 2301 1773
f 1795 1773 581
f 546 1693 2431
f 546 2431 1704
f 377 1362 2431
f 377 2431 1693
f 1699 2408 1697
f 1699 1697 550
f 2490 1813 475
f 2490 475 1558
f 544 1691 2432
f 544 2432 1705
f 1706 2433 1691
f 1706 1691 544
f 2501 1670 606
f 2501 606 1833
f 2531 1891 623
f 2531 623 1431
f 1558 475 1691
f 1558 1691 2433
f 1321 408 1540
f 1321 1540 2347
f 2145 1109 236
f 2145 236 935
f 1510 377 1693
f 1510 1693 2434
f 1503 420 1916
f 1503 1916 2547
f 420 1482 2335
f 420 2335 1916
f 400 1511 2539
f 400 2539 1912
f 432 1510 2434
f 432 2434 1695
f 1493 430 1494
f 1493 1494 2537
f 1495 431 1496
f 1495 1496 2536
f 1493 428 1511
f 1493 1511 2436
f 2506 1838 602
f 2506 602 1666
f 431 1495 2436
f 431 2436 1709
f 1403 2299 1396
f 1403 1396 404
f 430 1493 2436
f 430 2436 1495
f 1666 602 1821
f 1666 1821 2437
f 1736 2449 1722
f 1736 1722 564
f 565 1723 2437
f 565 2437 1820
f 536 1666 2437
f 536 2437 1723
f 474 1545 2497
f 474 2497 1571
f 564 1722 2438
f 564 2438 1725
f 2447 1785 552
f 2447 552 1308
f 349 1308 2439
f 349 2439 1543
f 1308 552 1726
f 1308 1726 2439
f 563 1721 2439
f 563 2439 1726
f 555 1713 2440
f 555 2440 1727
f 1714 359 1743
f 1714 1743 2452
f 553 1711 2449
f 553 2449 1736
f 1711 553 1728
f 1711 1728 2441
f 562 1720 2441
f 562 2441 1728
f 1735 2448 1720
f 1735 1720 562
f 2537 1494 675
f 2537 675 1927
f 2459 1749 414
f 2459 414 1748
f 561 1719 2442
f 561 2442 1729
f 1733 2446 1719
f 1733 1719 561
f 361 1312 2444
f 361 2444 1343
f 2444 1312 554
f 2444 554 1731
f 1738 2451 1737
f 1738 1737 566
f 2458 1748 414
f 2458 414 1380
f 408 1408 2339
f 408 2339 1540
f 558 1716 2446
f 558 2446 1733
f 1918 2544 1716
f 1918 1716 558
f 1407 2479 1313
f 1407 1313 349
f 1313 577 1786
f 1313 1786 2447
f 2487 1405 396
f 2487 396 1317
f 2452 1743 568
f 2452 568 1740
f 1397 404 1709
f 1397 1709 2436
f 567 1740 2450
f 567 2450 1741
f 568 1739 2450
f 568 2450 1740
f 2453 1739 568
f 2453 568 1743
f 136 1152 2453
f 136 2453 1530
f 2311 1420 409
f 2311 409 1333
f 2281 1374 387
f 2281 387 1342
f 399 1391 2296
f 399 2296 1399
f 516 1640 2398
f 516 2398 1754
f 2446 1716 364
f 2446 364 1366
f 585 1777 2478
f 585 2478 1793
f 2492 1556 600
f 2492 600 1824
f 1861 2459 1748
f 1861 1748 417
f 1328 555 1727
f 1328 1727 2345
f 2374 1404 394
f 2374 394 1315
f 2469 1875 572
f 2469 572 1590
f 624 1861 2532
f 624 2532 1892
f 2460 1750 414
f 2460 414 1749
f 1766 2468 1758
f 1766 1758 575
f 1840 2460 1749
f 1840 1749 419
f 612 1840 2516
f 612 2516 1859
f 2461 1751 414
f 2461 414 1750
f 1449 2531 1431
f 1449 1431 437
f 1500 437 1590
f 1500 1590 2462
f 1590 572 1760
f 1590 1760 2462
f 575 1758 2462
f 575 2462 1760
f 379 1500 2462
f 379 2462 1758
f 2468 1766 571
f 2468 571 1588
f 1588 571 1761
f 1588 1761 2463
f 379 1364 2488
f 379 2488 1386
f 1561 630 1881
f 1561 1881 2464
f 1364 351 1771
f 1364 1771 2488
f 2397 1625 573
f 2397 573 1874
f 573 1756 2464
f 573 2464 1874
f 485 1561 2464
f 485 2464 1756
f 983 204 1033
f 983 1033 2085
f 1767 2519 1759
f 1767 1759 576
f 574 1757 2465
f 574 2465 1763
f 474 1571 2465
f 474 2465 1757
f 2470 1768 569
f 2470 569 1542
f 477 1542 2466
f 477 2466 1569
f 490 1577 2371
f 490 2371 1589
f 1542 569 1764
f 1542 1764 2466
f 473 1544 2498
f 473 2498 1572
f 570 1587 2466
f 570 2466 1764
f 1587 570 1762
f 1587 1762 2520
f 1434 485 1756
f 1434 1756 2467
f 576 1759 2467
f 576 2467 1765
f 439 1434 2467
f 439 2467 1759
f 1364 379 1758
f 1364 1758 2468
f 492 1578 2526
f 492 2526 1582
f 351 1364 2468
f 351 2468 1588
f 2512 1845 423
f 2512 423 1914
f 1431 623 1880
f 1431 1880 2469
f 1868 2525 1591
f 1868 1591 491
f 484 1587 2520
f 484 2520 1867
f 437 1431 2469
f 437 2469 1590
f 1621 2313 1602
f 1621 1602 506
f 2376 1610 502
f 2376 502 1422
f 2481 1796 584
f 2481 584 1419
f 2471 1734 593
f 2471 593 1786
f 400 1397 2436
f 400 2436 1511
f 1452 446 1453
f 1452 1453 2473
f 611 1839 2350
f 611 2350 1855
f 591 1452 2473
f 591 2473 1788
f 1451 2508 1450
f 1451 1450 447
f 623 1860 2519
f 623 2519 1880
f 1788 2323 1783
f 1788 1783 591
f 1467 2329 1466
f 1467 1466 454
f 447 1450 2475
f 447 2475 1862
f 2475 1450 590
f 2475 590 1790
f 1445 442 1446
f 1445 1446 2476
f 587 1445 2476
f 587 2476 1791
f 1444 442 1445
f 1444 1445 2477
f 1443 443 1444
f 1443 1444 2477
f 2326 1460 451
f 2326 451 1459
f 586 1443 2477
f 586 2477 1792
f 1441 443 1443
f 1441 1443 2478
f 2482 1379 581
f 2482 581 1797
f 1502 2481 1419
f 1502 1419 407
f 2479 1419 584
f 2479 584 1794
f 1379 377 1510
f 1379 1510 2480
f 581 1379 2480
f 581 2480 1795
f 2458 1380 381
f 2458 381 1499
f 2290 1383 562
f 2290 562 1728
f 403 1402 2456
f 403 2456 1746
f 2477 1445 587
f 2477 587 1792
f 2479 1794 577
f 2479 577 1313
f 133 923 2472
f 133 2472 1529
f 1449 437 1500
f 1449 1500 2484
f 379 1386 2484
f 379 2484 1500
f 2484 1386 582
f 2484 582 1799
f 2483 1319 579
f 2483 579 1798
f 589 1449 2484
f 589 2484 1799
f 1849 2515 1782
f 1849 1782 590
f 1746 2456 1507
f 1746 1507 425
f 396 1405 2486
f 396 2486 1508
f 2486 1405 583
f 2486 583 1801
f 1768 2470 1757
f 1768 1757 574
f 2485 1314 578
f 2485 578 1800
f 1913 2541 1505
f 1913 1505 411
f 2498 1830 610
f 2498 610 1724
f 1334 376 1378
f 1334 1378 2378
f 381 1365 2375
f 381 2375 1385
f 409 1409 2266
f 409 2266 1416
f 2489 1724 610
f 2489 610 1821
f 2491 1557 601
f 2491 601 1823
f 1556 486 1559
f 1556 1559 2491
f 1846 2507 1555
f 1846 1555 485
f 1687 2503 1667
f 1687 1667 537
f 600 1556 2491
f 600 2491 1823
f 1573 2470 1542
f 1573 1542 477
f 2496 1551 596
f 2496 596 1828
f 549 1696 2430
f 549 2430 1703
f 485 1555 2493
f 485 2493 1561
f 2493 1555 599
f 2493 599 1825
f 1552 482 1562
f 1552 1562 2494
f 499 1595 2421
f 499 2421 1611
f 597 1552 2494
f 597 2494 1826
f 1551 481 1563
f 1551 1563 2495
f 596 1551 2495
f 596 2495 1827
f 487 1557 2491
f 487 2491 1559
f 630 1867 2520
f 630 2520 1881
f 2367 1583 632
f 2367 632 1887
f 1670 540 1683
f 1670 1683 2499
f 606 1670 2499
f 606 2499 1831
f 1669 539 1684
f 1669 1684 2500
f 605 1669 2500
f 605 2500 1832
f 1689 2505 1668
f 1689 1668 538
f 1673 543 1686
f 1673 1686 2502
f 1831 2364 1816
f 1831 1816 606
f 2506 1671 607
f 2506 607 1838
f 609 1673 2502
f 609 2502 1834
f 538 1668 2503
f 538 2503 1687
f 2503 1668 604
f 2503 604 1835
f 1671 541 1688
f 1671 1688 2504
f 607 1671 2504
f 607 2504 1836
f 635 1872 2397
f 635 2397 1883
f 618 1846 2511
f 618 2511 1855
f 2507 1850 599
f 2507 599 1555
f 1846 618 1851
f 1846 1851 2507
f 622 1850 2507
f 622 2507 1851
f 1853 2509 1850
f 1853 1850 622
f 2514 1857 613
f 2514 613 1451
f 1451 613 1852
f 1451 1852 2508
f 621 1849 2508
f 621 2508 1852
f 1858 2515 1849
f 1858 1849 621
f 531 1661 2387
f 531 2387 1677
f 2495 1552 597
f 2495 597 1827
f 620 1848 2509
f 620 2509 1853
f 1854 2510 1848
f 1854 1848 620
f 1848 2510 1663
f 1848 1663 533
f 1379 2482 1362
f 1379 1362 377
f 619 1847 2510
f 619 2510 1854
f 1859 2516 1847
f 1859 1847 619
f 2515 1858 611
f 2515 611 1435
f 1435 611 1855
f 1435 1855 2511
f 1750 2460 1436
f 1750 1436 418
f 402 668 1932
f 402 1932 1512
f 1373 375 371
f 1373 371 1372
f 1922 2512 1914
f 1922 1914 671
f 614 1465 2513
f 614 2513 1856
f 2513 1465 455
f 2513 455 1471
f 453 1462 2530
f 453 2530 1463
f 2508 1849 590
f 2508 590 1450
f 1472 2513 1471
f 1472 1471 463
f 1446 440 1447
f 1446 1447 2476
f 2381 1418 501
f 2381 501 1615
f 1657 2430 1427
f 1657 1427 434
f 511 1617 2383
f 511 2383 1665
f 1891 2531 1876
f 1891 1876 639
f 1867 630 1878
f 1867 1878 2517
f 640 1877 2517
f 640 2517 1878
f 2530 1890 625
f 2530 625 1448
f 445 1448 2518
f 445 2518 1781
f 1448 625 1879
f 1448 1879 2518
f 2522 1883 637
f 2522 637 1762
f 639 1876 2518
f 639 2518 1879
f 2407 1652 527
f 2407 527 1694
f 2519 1767 638
f 2519 638 1880
f 2520 1762 637
f 2520 637 1881
f 636 1873 2521
f 636 2521 1882
f 515 1639 2522
f 515 2522 1753
f 2408 1655 524
f 2408 524 1645
f 2522 1639 635
f 2522 635 1883
f 2525 1886 634
f 2525 634 1634
f 2523 1634 634
f 2523 634 1884
f 1765 2467 1756
f 1765 1756 573
f 633 1870 2524
f 633 2524 1885
f 2420 1596 540
f 2420 540 1685
f 632 1869 2526
f 632 2526 1887
f 634 1871 2392
f 634 2392 1884
f 1514 1933 666
f 1514 666 392
f 615 1472 1844
f 615 1844 616
f 626 1462 2529
f 626 2529 1889
f 2529 1462 453
f 2529 453 1470
f 1882 2521 1877
f 1882 1877 640
f 2461 1750 418
f 2461 418 1439
f 1659 2419 1609
f 1659 1609 505
f 2391 1633 513
f 2391 513 1752
f 1280 1948 652
f 1280 652 125
f 2310 1776 406
f 2310 406 1316
f 677 464 1484
f 677 1484 1925
f 2335 1482 629
f 2335 629 1920
f 469 1476 1930
f 469 1930 670
f 2543 1936 665
f 2543 665 1361
f 526 1430 2348
f 526 2348 1653
f 1361 665 1923
f 1361 1923 2533
f 678 1918 2533
f 678 2533 1923
f 1937 2544 1918
f 1937 1918 678
f 2540 1933 677
f 2540 677 1498
f 2493 1878 630
f 2493 630 1561
f 1908 663 1924
f 1908 1924 2534
f 658 1904 2534
f 658 2534 1924
f 1496 431 1497
f 1496 1497 2535
f 2535 1498 677
f 2535 677 1925
f 676 1496 2535
f 676 2535 1925
f 1494 430 1495
f 1494 1495 2536
f 2435 1708 415
f 2435 415 1412
f 675 1494 2536
f 675 2536 1926
f 1932 2539 1917
f 1932 1917 674
f 1724 2489 1721
f 1724 1721 563
f 674 1917 2537
f 674 2537 1927
f 2544 1937 662
f 2544 662 1350
f 667 1911 2547
f 667 2547 1940
f 1350 662 1931
f 1350 1931 2538
f 669 1913 2538
f 669 2538 1931
f 1934 2541 1913
f 1934 1913 669
f 668 1912 2539
f 668 2539 1932
f 666 1910 2542
f 666 2542 1935
f 2304 1521 387
f 2304 387 1374
f 1910 666 1933
f 1910 1933 2540
f 422 1480 2334
f 422 2334 1915
f 1909 664 1935
f 1909 1935 2542
f 2334 1480 617
f 2334 617 1919
f 521 1643 2400
f 521 2400 1649
f 1492 2338 1483
f 1492 1483 457
f 1355 2281 1351
f 1355 1351 370
f 657 1903 2560
f 657 2560 1958
f 1903 657 1938
f 1903 1938 2545
f 2443 1715 346
f 2443 346 1352
f 1911 667 1939
f 1911 1939 2546
f 21 723 2559
f 21 2559 1121
f 659 1905 2559
f 659 2559 1957
f 650 1942 852
f 650 852 128
f 1959 2561 1893
f 1959 1893 642
f 646 50 877
f 646 877 1960
f 650 128 849
f 650 849 1950
f 652 1901 2562
f 652 2562 1960
f 2559 723 641
f 2559 641 1957
f 1136 2157 1120
f 1136 1120 250
f 905 2055 732
f 905 732 11
f 2548 1905 659
f 2548 659 1943
f 644 734 2548
f 644 2548 1943
f 2490 948 303
f 2490 303 1822
f 642 1893 2549
f 642 2549 1944
f 2340 917 147
f 2340 147 1539
f 2551 1946 655
f 2551 655 869
f 88 869 2550
f 88 2550 870
f 869 655 1945
f 869 1945 2550
f 656 871 2550
f 656 2550 1945
f 1296 2234 1282
f 1296 1282 333
f 2555 871 656
f 2555 656 1953
f 2552 1947 654
f 2552 654 867
f 87 867 2551
f 87 2551 868
f 867 654 1946
f 867 1946 2551
f 653 1902 2554
f 653 2554 1952
f 1902 653 1947
f 1902 1947 2552
f 693 131 924
f 693 924 2159
f 1052 2062 803
f 1052 803 215
f 22 734 2558
f 22 2558 765
f 648 1898 2556
f 648 2556 1954
f 650 1899 2226
f 650 2226 1942
f 48 747 2018
f 48 2018 899
f 2553 1898 648
f 2553 648 1951
f 641 723 2553
f 641 2553 1951
f 25 725 2157
f 25 2157 1122
f 2554 1897 647
f 2554 647 1952
f 86 871 2555
f 86 2555 886
f 988 229 1092
f 988 1092 2138
f 645 1895 2555
f 645 2555 1953
f 1902 2552 866
f 1902 866 85
f 903 16 1151
f 903 1151 2167
f 1996 1113 72
f 1996 72 760
f 643 1894 2557
f 643 2557 1955
f 789 1980 782
f 789 782 66
f 876 1996 760
f 876 760 46
f 646 1896 2561
f 646 2561 1959
f 1291 2232 1192
f 1291 1192 288
f 1212 1975 1185
f 1212 1185 281
f 2561 1896 46
f 2561 46 722
f 136 903 2167
f 136 2167 1152
f 2126 1219 219
f 2126 219 1080
f 2002 754 42
f 2002 42 712
f 1115 2076 684
f 1115 684 5
f 997 2027 799
f 997 799 83
f 2080 975 174
f 2080 174 972
f 1401 2263 929
f 1401 929 148
f 900 2197 692
f 900 692 19
f 2264 1528 132
f 2264 132 1003
f 2013 696 54
f 2013 54 776
f 1897 2554 884
f 1897 884 57
f 237 1096 2148
f 237 2148 1112
f 2307 1416 149
f 2307 149 915
f 195 1002 2344
f 195 2344 1616
f 1152 264 1739
f 1152 1739 2453
f 12 703 2092
f 12 2092 707
f 2069 1227 151
f 2069 151 957
f 765 2005 711
f 765 711 22
f 2277 981 202
f 2277 202 1640
f 898 1994 787
f 898 787 69
f 890 2020 749
f 890 749 37
f 260 924 2445
f 260 2445 1737
f 42 742 2004
f 42 2004 756
f 1893 2561 722
f 1893 722 23
f 170 967 2082
f 170 2082 968
f 2089 995 10
f 2089 10 738
f 1276 2246 805
f 1276 805 74
f 45 886 2555
f 45 2555 1895
f 1061 2102 1018
f 1061 1018 189
f 91 800 2144
f 91 2144 1057
f 958 155 1053
f 958 1053 2141
f 287 1191 2194
f 287 2194 1208
f 289 1193 2229
f 289 2229 1264
f 192 999 2230
f 192 2230 1262
f 72 784 2025
f 72 2025 793
f 21 721 2553
f 21 2553 723
f 193 1000 2031
f 193 2031 1013
f 2245 804 326
f 2245 326 1306
f 1066 2097 1013
f 1066 1013 194
f 952 321 1266
f 952 1266 2206
f 2190 820 97
f 2190 97 819
f 329 1278 2044
f 329 2044 1304
f 106 833 2050
f 106 2050 862
f 651 1900 2242
f 651 2242 1941
f 17 689 2024
f 17 2024 1180
f 2025 706 66
f 2025 66 793
f 1798 2262 1197
f 1798 1197 293
f 116 858 2051
f 116 2051 864
f 951 2205 947
f 951 947 166
f 68 878 2556
f 68 2556 1898
f 975 2240 970
f 975 970 174
f 974 2080 972
f 974 972 172
f 218 1087 2214
f 218 2214 1218
f 141 1533 2534
f 141 2534 1904
f 2396 1627 574
f 2396 574 1763
f 1128 2152 986
f 1128 986 179
f 6 681 2161
f 6 2161 686
f 1295 2183 1290
f 1295 1290 341
f 1080 2101 1062
f 1080 1062 220
f 1497 429 1498
f 1497 1498 2535
f 2576 2563 2578
f 2576 2578 2616
f 2575 2576 2616
f 2575 2616 2613
f 2568 2569 2595
f 2568 2595 2592
f 2569 2570 2598
f 2569 2598 2595
f 2564 2565 2583
f 2564 2583 2580
f 2570 2571 2601
f 2570 2601 2598
f 2571 2572 2604
f 2571 2604 2601
f 2572 2573 2607
f 2572 2607 2604
f 2565 2566 2586
f 2565 2586 2583
f 2573 2574 2610
f 2573 2610 2607
f 2566 2567 2589
f 2566 2589 2586
f 2574 2575 2613
f 2574 2613 2610
f 2567 2568 2592
f 2567 2592 2589
f 2581 2577 2579
f 2581 2579 2582
f 2582 2579 2578
f 2582 2578 2580
f 2584 2581 2582
f 2584 2582 2585
f 2585 2582 2580
f 2585 2580 2583
f 2587 2584 2585
f 2587 2585 2588
f 2588 2585 2583
f 2588 2583 2586
f 2590 2587 2588
f 2590 2588 2591
f 2591 2588 2586
f 2591 2586 2589
f 2593 2590 2591
f 2593 2591 2594
f 2594 2591 2589
f 2594 2589 2592
f 2596 2593 2594
f 2596 2594 2597
f 2597 2594 2592
f 2597 2592 2595
f 2599 2596 2597
f 2599 2597 2600
f 2600 2597 2595
f 2600 2595 2598
f 2602 2599 2600
f 2602 2600 2603
f 2603 2600 2598
f 2603 2598 2601
f 2605 2602 2603
f 2605 2603 2606
f 2606 2603 2601
f 2606 2601 2604
f 2608 2605 2606
f 2608 2606 2609
f 2609 2606 2604
f 2609 2604 2607
f 2611 2608 2609
f 2611 2609 2612
f 2612 2609 2607
f 2612 2607 2610
f 2614 2611 2612
f 2614 2612 2615
f 2615 2612 2610
f 2615 2610 2613
f 2617 2614 2615
f 2617 2615 2618
f 2618 2615 2613
f 2618 2613 2616
f 2577 2617 2618
f 2577 2618 2579
f 2579 2618 2616
f 2579 2616 2578
f 2563 2564 2580
f 2563 2580 2578
f 2818 3090 3092
f 2818 3092 2882
f 2674 3336 3339
f 2674 3339 2626
f 2650 3307 3300
f 2650 3300 2766
f 2680 3384 3387
f 2680 3387 2640
f 2683 3408 3411
f 2683 3411 2649
f 2654 3432 3435
f 2654 3435 2642
f 2648 3451 3444
f 2648 3444 2752
f 3299 3292 2765
f 3299 2765 2647
f 2646 3403 3396
f 2646 3396 2778
f 2645 3443 3436
f 2645 3436 2751
f 3547 3540 2764
f 3547 2764 2644
f 2643 3395 3388
f 2643 3388 2777
f 2642 3435 3428
f 2642 3428 2750
f 3539 3532 2763
f 3539 2763 2641
f 3387 3380 2776
f 3387 2776 2640
f 2638 3427 3420
f 2638 3420 2748
f 3379 3372 2775
f 3379 2775 2636
f 2639 3419 3412
f 2639 3412 2749
f 3523 3516 2761
f 3523 2761 2635
f 3371 3364 2774
f 3371 2774 2634
f 3515 3508 2760
f 3515 2760 2633
f 3363 3356 2773
f 3363 2773 2632
f 3507 3500 2759
f 3507 2759 2631
f 3355 3348 2772
f 3355 2772 2630
f 3499 3492 2758
f 3499 2758 2629
f 3347 3340 2771
f 3347 2771 2628
f 3491 3484 2757
f 3491 2757 2627
f 3339 3332 2770
f 3339 2770 2626
f 3483 3476 2756
f 3483 2756 2625
f 3331 3324 2769
f 3331 2769 2624
f 3415 2652 2638
f 3415 2638 3418
f 3447 2657 2651
f 3447 2651 3450
f 2652 3424 3427
f 2652 3427 2638
f 2655 3440 3443
f 2655 3443 2645
f 2657 3456 3459
f 2657 3459 2651
f 2655 2645 3434
f 2655 3434 3431
f 2656 3448 3451
f 2656 3451 2648
f 3439 2656 2648
f 3439 2648 3442
f 3455 2658 2623
f 3455 2623 3458
f 3463 2659 2622
f 3463 2622 3466
f 2659 3472 3475
f 2659 3475 2622
f 3471 2660 2625
f 3471 2625 3474
f 3479 2661 2627
f 3479 2627 3482
f 3487 2662 2629
f 3487 2629 3490
f 2658 3464 3467
f 2658 3467 2623
f 3495 2663 2631
f 3495 2631 3498
f 2675 3344 3347
f 2675 3347 2628
f 3503 2664 2633
f 3503 2633 3506
f 2676 3352 3355
f 2676 3355 2630
f 3511 2665 2635
f 3511 2635 3514
f 2677 3360 3363
f 2677 3363 2632
f 3519 2666 2637
f 3519 2637 3522
f 2678 3368 3371
f 2678 3371 2634
f 2666 3528 3531
f 2666 3531 2637
f 2679 3376 3379
f 2679 3379 2636
f 3166 2849 3084
f 3166 3084 3198
f 3527 2667 2641
f 3527 2641 3530
f 3535 2668 2644
f 3535 2644 3538
f 2654 2642 3426
f 2654 3426 3423
f 3543 2669 2647
f 3543 2647 3546
f 2840 3020 3022
f 2840 3022 2904
f 2670 2650 3298
f 2670 3298 3295
f 2670 3304 3307
f 2670 3307 2650
f 2671 2621 3306
f 2671 3306 3303
f 2671 3312 3314
f 2671 3314 2621
f 3311 2672 2620
f 3311 2620 3315
f 2672 3320 3323
f 2672 3323 2620
f 2673 2624 3322
f 2673 3322 3319
f 2674 2626 3330
f 2674 3330 3327
f 2675 2628 3338
f 2675 3338 3335
f 2676 2630 3346
f 2676 3346 3343
f 2677 2632 3354
f 2677 3354 3351
f 2678 2634 3362
f 2678 3362 3359
f 2679 2636 3370
f 2679 3370 3367
f 2680 2640 3378
f 2680 3378 3375
f 2681 2643 3386
f 2681 3386 3383
f 2682 2646 3394
f 2682 3394 3391
f 2683 2649 3402
f 2683 3402 3399
f 3039 2717 2685
f 3039 2685 3038
f 2720 3067 2719
f 2720 2719 2619
f 3046 2717 2619
f 3046 2619 2716
f 3045 3046 2716
f 3045 2716 2684
f 2653 3416 3419
f 2653 3419 2639
f 2718 3053 2716
f 2718 2716 2619
f 3059 3060 2719
f 3059 2719 2687
f 2682 3400 3403
f 2682 3403 2646
f 3052 3053 2718
f 3052 2718 2686
f 3066 3067 2720
f 3066 2720 2688
f 3218 3186 2855
f 3218 2855 3126
f 2722 3081 2721
f 2722 2721 2619
f 3073 3074 2721
f 3073 2721 2689
f 2834 2978 2980
f 2834 2980 2898
f 2723 3088 2722
f 2723 2722 2619
f 3080 3081 2722
f 3080 2722 2690
f 3219 3187 2856
f 3219 2856 3133
f 2724 3095 2723
f 2724 2723 2619
f 3087 3088 2723
f 3087 2723 2691
f 2835 2985 2987
f 2835 2987 2899
f 2725 3102 2724
f 2725 2724 2619
f 3094 3095 2724
f 3094 2724 2692
f 3220 3188 2857
f 3220 2857 3140
f 2726 3109 2725
f 2726 2725 2619
f 3101 3102 2725
f 3101 2725 2693
f 2836 2992 2994
f 2836 2994 2900
f 2727 3116 2726
f 2727 2726 2619
f 3108 3109 2726
f 3108 2726 2694
f 3221 3189 2858
f 3221 2858 3147
f 2728 3123 2727
f 2728 2727 2619
f 3115 3116 2727
f 3115 2727 2695
f 2837 2999 3001
f 2837 3001 2901
f 2729 3130 2728
f 2729 2728 2619
f 3122 3123 2728
f 3122 2728 2696
f 3222 3190 2859
f 3222 2859 3154
f 2730 3137 2729
f 2730 2729 2619
f 3129 3130 2729
f 3129 2729 2697
f 2838 3006 3008
f 2838 3008 2902
f 2731 3144 2730
f 2731 2730 2619
f 3136 3137 2730
f 3136 2730 2698
f 2732 3151 2731
f 2732 2731 2619
f 3143 3144 2731
f 3143 2731 2699
f 3223 3191 2860
f 3223 2860 3161
f 2733 3158 2732
f 2733 2732 2619
f 3150 3151 2732
f 3150 2732 2700
f 2839 3013 3015
f 2839 3015 2903
f 2734 2941 2733
f 2734 2733 2619
f 3157 3158 2733
f 3157 2733 2701
f 2812 3055 3057
f 2812 3057 2877
f 2735 2948 2734
f 2735 2734 2619
f 2940 2941 2734
f 2940 2734 2702
f 3224 3192 2861
f 3224 2861 2944
f 2736 2955 2735
f 2736 2735 2619
f 2947 2948 2735
f 2947 2735 2703
f 3466 2622 2755
f 3466 2755 3461
f 2737 2962 2736
f 2737 2736 2619
f 2954 2955 2736
f 2954 2736 2704
f 2814 3062 3064
f 2814 3064 2878
f 2738 2969 2737
f 2738 2737 2619
f 2961 2962 2737
f 2961 2737 2705
f 3225 3193 2862
f 3225 2862 2951
f 2739 2976 2738
f 2739 2738 2619
f 2968 2969 2738
f 2968 2738 2706
f 2841 3027 3029
f 2841 3029 2905
f 2740 2983 2739
f 2740 2739 2619
f 2975 2976 2739
f 2975 2739 2707
f 2815 3069 3071
f 2815 3071 2879
f 2741 2990 2740
f 2741 2740 2619
f 2982 2983 2740
f 2982 2740 2708
f 3226 3194 2863
f 3226 2863 2958
f 2742 2997 2741
f 2742 2741 2619
f 2989 2990 2741
f 2989 2741 2709
f 2842 3034 3036
f 2842 3036 2906
f 2743 3004 2742
f 2743 2742 2619
f 2996 2997 2742
f 2996 2742 2710
f 2816 3076 3078
f 2816 3078 2880
f 2744 3011 2743
f 2744 2743 2619
f 3003 3004 2743
f 3003 2743 2711
f 2745 3018 2744
f 2745 2744 2619
f 3010 3011 2744
f 3010 2744 2712
f 2843 3041 3043
f 2843 3043 2907
f 2746 3025 2745
f 2746 2745 2619
f 3017 3018 2745
f 3017 2745 2713
f 2817 3083 3085
f 2817 3085 2881
f 2747 3032 2746
f 2747 2746 2619
f 3024 3025 2746
f 3024 2746 2714
f 2619 2717 3039
f 2619 3039 2747
f 3031 3032 2747
f 3031 2747 2715
f 3217 3185 2854
f 3217 2854 3119
f 3045 2685 2717
f 3045 2717 3046
f 3216 3184 2853
f 3216 2853 3112
f 3016 2919 2807
f 3016 2807 3012
f 3262 3230 3166
f 3262 3166 3198
f 3033 2811 2910
f 3033 2910 3037
f 3082 2786 2908
f 3082 2908 3086
f 2800 2926 2960
f 2800 2960 2956
f 3089 2787 2927
f 3089 2927 3093
f 3096 2788 2928
f 3096 2928 3100
f 3103 2789 2929
f 3103 2929 3107
f 3110 2790 2930
f 3110 2930 3114
f 3117 2791 2931
f 3117 2931 3121
f 3124 2792 2932
f 3124 2932 3128
f 3131 2793 2933
f 3131 2933 3135
f 3138 2794 2934
f 3138 2934 3142
f 3145 2795 2935
f 3145 2935 3149
f 3023 2916 2808
f 3023 2808 3019
f 3019 2809 2914
f 3019 2914 3023
f 2963 2801 2925
f 2963 2925 2967
f 2970 2802 2924
f 2970 2924 2974
f 2977 2803 2923
f 2977 2923 2981
f 2984 2804 2922
f 2984 2922 2988
f 2991 2805 2921
f 2991 2921 2995
f 2998 2806 2920
f 2998 2920 3002
f 2781 2918 3044
f 2781 3044 3040
f 3061 2783 2913
f 3061 2913 3065
f 3068 2784 2911
f 3068 2911 3072
f 3418 2638 2748
f 3418 2748 3413
f 3426 2642 2750
f 3426 2750 3421
f 3026 2810 2912
f 3026 2912 3030
f 3261 3229 3165
f 3261 3165 3197
f 3048 3051 2917
f 3048 2917 2812
f 3434 2645 2751
f 3434 2751 3429
f 2918 2813 3041
f 2918 3041 3044
f 3442 2648 2752
f 3442 2752 3437
f 2992 2995 2921
f 2992 2921 2837
f 3450 2651 2753
f 3450 2753 3445
f 2985 2988 2922
f 2985 2922 2836
f 3459 3452 2753
f 3459 2753 2651
f 2978 2981 2923
f 2978 2923 2835
f 2623 3467 3460
f 2623 3460 2754
f 3475 3468 2755
f 3475 2755 2622
f 3247 3183 3215
f 3247 3215 3279
f 2627 2757 3477
f 2627 3477 3482
f 3280 3248 3184
f 3280 3184 3216
f 2629 2758 3485
f 2629 3485 3490
f 3281 3249 3185
f 3281 3185 3217
f 2631 2759 3493
f 2631 3493 3498
f 3282 3250 3186
f 3282 3186 3218
f 2633 2760 3501
f 2633 3501 3506
f 3283 3251 3187
f 3283 3187 3219
f 2635 2761 3509
f 2635 3509 3514
f 3284 3252 3188
f 3284 3188 3220
f 2637 2762 3517
f 2637 3517 3522
f 3285 3253 3189
f 3285 3189 3221
f 3531 3524 2762
f 3531 2762 2637
f 3286 3254 3190
f 3286 3190 3222
f 2644 2764 3533
f 2644 3533 3538
f 3287 3255 3191
f 3287 3191 3223
f 2647 2765 3541
f 2647 3541 3546
f 2650 2766 3293
f 2650 3293 3298
f 3289 3257 3193
f 3289 3193 3225
f 3306 2621 2767
f 3306 2767 3301
f 3290 3258 3194
f 3290 3194 3226
f 2621 3314 3308
f 2621 3308 2767
f 3323 3316 2768
f 3323 2768 2620
f 2626 2770 3325
f 2626 3325 3330
f 2628 2771 3333
f 2628 3333 3338
f 2630 2772 3341
f 2630 3341 3346
f 2632 2773 3349
f 2632 3349 3354
f 2634 2774 3357
f 2634 3357 3362
f 2636 2775 3365
f 2636 3365 3370
f 2640 2776 3373
f 2640 3373 3378
f 2643 2777 3381
f 2643 3381 3386
f 3394 2646 2778
f 3394 2778 3389
f 3402 2649 2779
f 3402 2779 3397
f 2649 3411 3404
f 2649 3404 2779
f 3260 3228 3164
f 3260 3164 3196
f 3227 3182 3246
f 3227 3246 3291
f 3168 2848 3077
f 3168 3077 3200
f 2624 2769 3317
f 2624 3317 3322
f 3093 3090 2818
f 3093 2818 2908
f 2865 3182 3227
f 2865 3227 2965
f 3169 2874 3035
f 3169 3035 3201
f 3086 3083 2817
f 3086 2817 2909
f 3170 2847 3070
f 3170 3070 3202
f 3226 3195 3259
f 3226 3259 3290
f 3044 3041 2843
f 3044 2843 2910
f 2942 2798 2938
f 2942 2938 2946
f 3225 3194 3258
f 3225 3258 3289
f 3069 3072 2911
f 3069 2911 2816
f 3226 2958 2864
f 3226 2864 3195
f 3171 2873 3028
f 3171 3028 3203
f 3079 3076 2816
f 3079 2816 2911
f 3172 2846 3063
f 3172 3063 3204
f 3037 3034 2842
f 3037 2842 2912
f 3278 3246 3182
f 3278 3182 3214
f 3224 3193 3257
f 3224 3257 3288
f 2863 3194 3225
f 2863 3225 2951
f 3173 2872 3021
f 3173 3021 3205
f 3072 3069 2815
f 3072 2815 2913
f 3174 2844 3056
f 3174 3056 3206
f 2669 3296 3299
f 2669 3299 2647
f 3030 3027 2841
f 3030 2841 2914
f 3410 2639 2749
f 3410 2749 3405
f 3223 3192 3256
f 3223 3256 3287
f 2862 3193 3224
f 2862 3224 2944
f 3175 2871 3014
f 3175 3014 3207
f 3054 2782 2915
f 3054 2915 3058
f 3065 3062 2814
f 3065 2814 2915
f 2668 3544 3547
f 2668 3547 2644
f 3023 3020 2840
f 3023 2840 2916
f 3222 3191 3255
f 3222 3255 3286
f 2861 3192 3223
f 2861 3223 3161
f 3047 2780 2917
f 3047 2917 3051
f 3058 3055 2812
f 3058 2812 2917
f 3178 2869 3000
f 3178 3000 3210
f 2667 3536 3539
f 2667 3539 2641
f 3016 3013 2839
f 3016 2839 2919
f 2813 3048 3050
f 2813 3050 2876
f 2860 3191 3222
f 2860 3222 3154
f 3208 3176 2845
f 3208 2845 3049
f 3051 3048 2813
f 3051 2813 2918
f 3048 2812 2877
f 3048 2877 3050
f 3221 3190 3254
f 3221 3254 3285
f 3179 2868 2993
f 3179 2993 3211
f 2641 2763 3525
f 2641 3525 3530
f 2920 3009 3006
f 2920 3006 2838
f 2859 3190 3221
f 2859 3221 3147
f 3220 3189 3253
f 3220 3253 3284
f 3180 2867 2986
f 3180 2986 3212
f 2665 3520 3523
f 2665 3523 2635
f 3002 2999 2837
f 3002 2837 2921
f 2858 3189 3220
f 2858 3220 3140
f 3219 3188 3252
f 3219 3252 3283
f 3181 2866 2979
f 3181 2979 3213
f 2664 3512 3515
f 2664 3515 2633
f 2995 2992 2836
f 2995 2836 2922
f 2857 3188 3219
f 2857 3219 3133
f 3218 3187 3251
f 3218 3251 3282
f 2663 3504 3507
f 2663 3507 2631
f 2988 2985 2835
f 2988 2835 2923
f 2856 3187 3218
f 2856 3218 3126
f 3217 3186 3250
f 3217 3250 3281
f 2662 3496 3499
f 2662 3499 2629
f 2981 2978 2834
f 2981 2834 2924
f 2855 3186 3217
f 2855 3217 3119
f 3182 2865 2972
f 3182 2972 3214
f 3216 3185 3249
f 3216 3249 3280
f 2661 3488 3491
f 2661 3491 2627
f 2974 2971 2833
f 2974 2833 2925
f 2832 2964 2966
f 2832 2966 2896
f 2854 3185 3216
f 2854 3216 3112
f 2660 3480 3483
f 2660 3483 2625
f 2967 2964 2832
f 2967 2832 2926
f 2833 2897 2966
f 2833 2966 2964
f 2853 3184 3215
f 2853 3215 3105
f 3006 3009 2919
f 3006 2919 2839
f 2814 2878 3057
f 2814 3057 3055
f 3013 3016 2916
f 3013 2916 2840
f 2815 2879 3064
f 2815 3064 3062
f 3020 3023 2914
f 3020 2914 2841
f 2816 2880 3071
f 2816 3071 3069
f 3027 3030 2912
f 3027 2912 2842
f 2817 2881 3078
f 2817 3078 3076
f 3034 3037 2910
f 3034 2910 2843
f 2818 2882 3085
f 2818 3085 3083
f 2938 2830 2943
f 2938 2943 2946
f 2819 2883 3092
f 2819 3092 3090
f 2939 2831 2950
f 2939 2950 2953
f 3277 3245 3181
f 3277 3181 3213
f 2820 2884 3099
f 2820 3099 3097
f 3276 3244 3180
f 3276 3180 3212
f 2821 2885 3106
f 2821 3106 3104
f 3275 3243 3179
f 3275 3179 3211
f 2822 2886 3113
f 2822 3113 3111
f 3274 3242 3178
f 3274 3178 3210
f 2823 2887 3120
f 2823 3120 3118
f 3273 3241 3177
f 3273 3177 3209
f 2824 2888 3127
f 2824 3127 3125
f 3271 3239 3175
f 3271 3175 3207
f 2825 2889 3134
f 2825 3134 3132
f 3269 3237 3173
f 3269 3173 3205
f 2826 2890 3141
f 2826 3141 3139
f 3267 3235 3171
f 3267 3171 3203
f 2827 2891 3148
f 2827 3148 3146
f 3265 3233 3169
f 3265 3169 3201
f 2828 2892 3155
f 2828 3155 3153
f 3263 3231 3167
f 3263 3167 3199
f 2829 2893 3162
f 2829 3162 3160
f 3055 3058 2915
f 3055 2915 2814
f 2830 2894 2945
f 2830 2945 2943
f 3062 3065 2913
f 3062 2913 2815
f 2831 2895 2952
f 2831 2952 2950
f 3076 3079 2909
f 3076 2909 2817
f 2832 2896 2959
f 2832 2959 2957
f 2834 2898 2973
f 2834 2973 2971
f 2835 2899 2980
f 2835 2980 2978
f 2836 2900 2987
f 2836 2987 2985
f 2837 2901 2994
f 2837 2994 2992
f 2838 2902 3001
f 2838 3001 2999
f 2839 2903 3008
f 2839 3008 3006
f 2840 2904 3015
f 2840 3015 3013
f 2841 2905 3022
f 2841 3022 3020
f 3214 3181 3245
f 3214 3245 3278
f 2842 2906 3029
f 2842 3029 3027
f 2843 2907 3036
f 2843 3036 3034
f 3227 3195 2864
f 3227 2864 2965
f 2813 2876 3043
f 2813 3043 3041
f 2866 3181 3214
f 2866 3214 2972
f 3213 3180 3244
f 3213 3244 3277
f 3164 2851 3098
f 3164 3098 3196
f 3100 3097 2819
f 3100 2819 2927
f 2867 3180 3213
f 2867 3213 2979
f 3212 3179 3243
f 3212 3243 3276
f 3107 3104 2820
f 3107 2820 2928
f 2868 3179 3212
f 2868 3212 2986
f 3211 3178 3242
f 3211 3242 3275
f 3114 3111 2821
f 3114 2821 2929
f 2869 3178 3211
f 2869 3211 2993
f 3210 3177 3241
f 3210 3241 3274
f 3121 3118 2822
f 3121 2822 2930
f 2870 3177 3210
f 2870 3210 3000
f 3209 3175 3239
f 3209 3239 3273
f 3128 3125 2823
f 3128 2823 2931
f 3208 3174 3238
f 3208 3238 3272
f 2871 3175 3209
f 2871 3209 3007
f 2844 3174 3208
f 2844 3208 3049
f 3207 3173 3237
f 3207 3237 3271
f 3135 3132 2824
f 3135 2824 2932
f 3206 3172 3236
f 3206 3236 3270
f 2872 3173 3207
f 2872 3207 3014
f 2846 3172 3206
f 2846 3206 3056
f 3205 3171 3235
f 3205 3235 3269
f 3142 3139 2825
f 3142 2825 2933
f 3204 3170 3234
f 3204 3234 3268
f 2873 3171 3205
f 2873 3205 3021
f 2847 3170 3204
f 2847 3204 3063
f 3203 3169 3233
f 3203 3233 3267
f 3149 3146 2826
f 3149 2826 2934
f 3202 3168 3232
f 3202 3232 3266
f 2874 3169 3203
f 2874 3203 3028
f 2848 3168 3202
f 2848 3202 3070
f 3201 3167 3231
f 3201 3231 3265
f 3156 3153 2827
f 3156 2827 2935
f 3200 3166 3230
f 3200 3230 3264
f 2875 3167 3201
f 2875 3201 3035
f 2849 3166 3200
f 2849 3200 3077
f 3199 3176 3240
f 3199 3240 3263
f 3163 3160 2828
f 3163 2828 2936
f 3198 3165 3229
f 3198 3229 3262
f 2845 3176 3199
f 2845 3199 3042
f 2850 3165 3198
f 2850 3198 3084
f 3197 3164 3228
f 3197 3228 3261
f 2946 2943 2829
f 2946 2829 2937
f 2851 3164 3197
f 2851 3197 3091
f 3196 3183 3247
f 3196 3247 3260
f 2953 2950 2830
f 2953 2830 2938
f 2852 3183 3196
f 2852 3196 3098
f 2939 2960 2957
f 2939 2957 2831
f 2876 2845 3042
f 2876 3042 3043
f 3036 2907 2875
f 3036 2875 3035
f 3029 2906 2874
f 3029 2874 3028
f 3022 2905 2873
f 3022 2873 3021
f 3015 2904 2872
f 3015 2872 3014
f 3008 2903 2871
f 3008 2871 3007
f 3001 2902 2870
f 3001 2870 3000
f 2994 2901 2869
f 2994 2869 2993
f 2987 2900 2868
f 2987 2868 2986
f 2980 2899 2867
f 2980 2867 2979
f 2973 2898 2866
f 2973 2866 2972
f 2966 2897 2865
f 2966 2865 2965
f 2959 2896 2864
f 2959 2864 2958
f 2952 2895 2863
f 2952 2863 2951
f 2945 2894 2862
f 2945 2862 2944
f 3162 2893 2861
f 3162 2861 3161
f 3155 2892 2860
f 3155 2860 3154
f 3148 2891 2859
f 3148 2859 3147
f 3141 2890 2858
f 3141 2858 3140
f 3134 2889 2857
f 3134 2857 3133
f 3127 2888 2856
f 3127 2856 3126
f 3120 2887 2855
f 3120 2855 3119
f 3113 2886 2854
f 3113 2854 3112
f 3106 2885 2853
f 3106 2853 3105
f 3099 2884 2852
f 3099 2852 3098
f 3092 2883 2851
f 3092 2851 3091
f 3085 2882 2850
f 3085 2850 3084
f 3078 2881 2849
f 3078 2849 3077
f 3071 2880 2848
f 3071 2848 3070
f 3064 2879 2847
f 3064 2847 3063
f 3057 2878 2846
f 3057 2846 3056
f 3050 2877 2844
f 3050 2844 3049
f 3075 2785 2909
f 3075 2909 3079
f 3240 3176 3208
f 3240 3208 3272
f 2960 2939 2799
f 2960 2799 2956
f 2798 2949 2953
f 2798 2953 2938
f 2999 3002 2920
f 2999 2920 2838
f 2797 2942 2946
f 2797 2946 2937
f 2796 3159 3163
f 2796 3163 2936
f 2795 3152 3156
f 2795 3156 2935
f 2794 3145 3149
f 2794 3149 2934
f 2793 3138 3142
f 2793 3142 2933
f 2792 3131 3135
f 2792 3135 2932
f 2791 3124 3128
f 2791 3128 2931
f 2790 3117 3121
f 2790 3121 2930
f 2960 2926 2832
f 2960 2832 2957
f 2789 3110 3114
f 2789 3114 2929
f 2964 2967 2925
f 2964 2925 2833
f 2788 3103 3107
f 2788 3107 2928
f 2787 3096 3100
f 2787 3100 2927
f 2801 2970 2974
f 2801 2974 2925
f 2800 2963 2967
f 2800 2967 2926
f 3165 2850 3091
f 3165 3091 3197
f 2802 2977 2981
f 2802 2981 2924
f 3215 3184 3248
f 3215 3248 3279
f 2803 2984 2988
f 2803 2988 2923
f 2804 2991 2995
f 2804 2995 2922
f 2805 2998 3002
f 2805 3002 2921
f 2806 3005 3009
f 2806 3009 2920
f 2781 3047 3051
f 2781 3051 2918
f 3177 2870 3007
f 3177 3007 3209
f 2780 3054 3058
f 2780 3058 2917
f 2782 3061 3065
f 2782 3065 2915
f 3005 2807 2919
f 3005 2919 3009
f 2809 3026 3030
f 2809 3030 2914
f 2783 3068 3072
f 2783 3072 2913
f 3012 2808 2916
f 3012 2916 3016
f 2810 3033 3037
f 2810 3037 2912
f 2784 3075 3079
f 2784 3079 2911
f 3083 3086 2908
f 3083 2908 2818
f 2811 3040 3044
f 2811 3044 2910
f 2785 3082 3086
f 2785 3086 2909
f 2786 3089 3093
f 2786 3093 2908
f 2971 2974 2924
f 2971 2924 2834
f 2944 2861 2893
f 2944 2893 2945
f 2951 2862 2894
f 2951 2894 2952
f 3315 2620 2768
f 3315 2768 3309
f 2958 2863 2895
f 2958 2895 2959
f 2625 2756 3469
f 2625 3469 3474
f 2681 3392 3395
f 2681 3395 2643
f 2965 2864 2896
f 2965 2896 2966
f 2972 2865 2897
f 2972 2897 2973
f 2979 2866 2898
f 2979 2898 2980
f 2986 2867 2899
f 2986 2899 2987
f 2993 2868 2900
f 2993 2900 2994
f 3000 2869 2901
f 3000 2901 3001
f 3007 2870 2902
f 3007 2902 3008
f 3014 2871 2903
f 3014 2903 3015
f 2932 2824 3125
f 2932 3125 3128
f 3021 2872 2904
f 3021 2904 3022
f 2933 2825 3132
f 2933 3132 3135
f 3028 2873 2905
f 3028 2905 3029
f 2934 2826 3139
f 2934 3139 3142
f 3035 2874 2906
f 3035 2906 3036
f 2935 2827 3146
f 2935 3146 3149
f 3167 2875 3042
f 3167 3042 3199
f 3042 2875 2907
f 3042 2907 3043
f 2936 2828 3153
f 2936 3153 3156
f 2721 3074 2720
f 2721 2720 2619
f 2673 3328 3331
f 2673 3331 2624
f 2876 3050 3049
f 2876 3049 2845
f 3056 2844 2877
f 3056 2877 3057
f 3063 2846 2878
f 3063 2878 3064
f 3070 2847 2879
f 3070 2879 3071
f 3077 2848 2880
f 3077 2880 3078
f 2623 2754 3453
f 2623 3453 3458
f 3084 2849 2881
f 3084 2881 3085
f 3090 3093 2927
f 3090 2927 2819
f 3091 2850 2882
f 3091 2882 3092
f 2833 2971 2973
f 2833 2973 2897
f 3097 3100 2928
f 3097 2928 2820
f 3098 2851 2883
f 3098 2883 3099
f 2929 2821 3104
f 2929 3104 3107
f 3105 2852 2884
f 3105 2884 3106
f 2930 2822 3111
f 2930 3111 3114
f 3112 2853 2885
f 3112 2885 3113
f 2931 2823 3118
f 2931 3118 3121
f 3119 2854 2886
f 3119 2886 3120
f 2949 2799 2939
f 2949 2939 2953
f 3126 2855 2887
f 3126 2887 3127
f 3270 3238 3174
f 3270 3174 3206
f 3133 2856 2888
f 3133 2888 3134
f 3268 3236 3172
f 3268 3172 3204
f 3140 2857 2889
f 3140 2889 3141
f 3266 3234 3170
f 3266 3170 3202
f 3147 2858 2890
f 3147 2890 3148
f 3264 3232 3168
f 3264 3168 3200
f 3154 2859 2891
f 3154 2891 3155
f 3160 3163 2937
f 3160 2937 2829
f 3161 2860 2892
f 3161 2892 3162
f 2719 3060 2718
f 2719 2718 2619
f 3288 3256 3192
f 3288 3192 3224
f 2852 3105 3215
f 2852 3215 3183
f 3159 2797 2937
f 3159 2937 3163
f 3152 2796 2936
f 3152 2936 3156
f 3052 2684 2716
f 3052 2716 3053
f 2954 2703 2735
f 2954 2735 2955
f 3073 2688 2720
f 3073 2720 3074
f 2975 2706 2738
f 2975 2738 2976
f 3094 2691 2723
f 3094 2723 3095
f 2996 2709 2741
f 2996 2741 2997
f 3115 2694 2726
f 3115 2726 3116
f 3017 2712 2744
f 3017 2744 3018
f 3136 2697 2729
f 3136 2729 3137
f 3038 2715 2747
f 3038 2747 3039
f 3157 2700 2732
f 3157 2732 3158
f 2829 2943 2945
f 2829 2945 2893
f 2828 3160 3162
f 2828 3162 2892
f 2827 3153 3155
f 2827 3155 2891
f 2826 3146 3148
f 2826 3148 2890
f 2825 3139 3141
f 2825 3141 2889
f 2824 3132 3134
f 2824 3134 2888
f 2823 3125 3127
f 2823 3127 2887
f 2820 3104 3106
f 2820 3106 2884
f 2831 2957 2959
f 2831 2959 2895
f 2822 3118 3120
f 2822 3120 2886
f 2819 3097 3099
f 2819 3099 2883
f 3024 2713 2745
f 3024 2745 3025
f 3003 2710 2742
f 3003 2742 3004
f 2982 2707 2739
f 2982 2739 2983
f 2961 2704 2736
f 2961 2736 2962
f 2940 2701 2733
f 2940 2733 2941
f 3143 2698 2730
f 3143 2730 3144
f 3122 2695 2727
f 3122 2727 3123
f 3101 2692 2724
f 3101 2724 3102
f 3080 2689 2721
f 3080 2721 3081
f 3059 2686 2718
f 3059 2718 3060
f 2653 2639 3410
f 2653 3410 3407
f 2947 2702 2734
f 2947 2734 2948
f 3066 2687 2719
f 3066 2719 3067
f 2968 2705 2737
f 2968 2737 2969
f 3087 2690 2722
f 3087 2722 3088
f 2989 2708 2740
f 2989 2740 2990
f 3108 2693 2725
f 3108 2725 3109
f 3010 2711 2743
f 3010 2743 3011
f 3129 2696 2728
f 3129 2728 3130
f 3031 2714 2746
f 3031 2746 3032
f 3150 2699 2731
f 3150 2731 3151
f 3291 3259 3195
f 3291 3195 3227
f 2821 3111 3113
f 2821 3113 2885
f 2830 2950 2952
f 2830 2952 2894
f 3292 3293 3294
f 3295 3296 3297
f 3300 3301 3302
f 3303 3304 3305
f 3308 3309 3310
f 3311 3312 3313
f 3316 3317 3318
f 3319 3320 3321
f 3324 3325 3326
f 3327 3328 3329
f 3332 3333 3334
f 3335 3336 3337
f 3340 3341 3342
f 3343 3344 3345
f 3348 3349 3350
f 3351 3352 3353
f 3356 3357 3358
f 3359 3360 3361
f 3364 3365 3366
f 3367 3368 3369
f 3372 3373 3374
f 3375 3376 3377
f 3380 3381 3382
f 3383 3384 3385
f 3388 3389 3390
f 3391 3392 3393
f 3396 3397 3398
f 3399 3400 3401
f 3404 3405 3406
f 3407 3408 3409
f 3412 3413 3414
f 3415 3416 3417
f 3420 3421 3422
f 3423 3424 3425
f 3428 3429 3430
f 3431 3432 3433
f 3436 3437 3438
f 3439 3440 3441
f 3444 3445 3446
f 3447 3448 3449
f 3452 3453 3454
f 3455 3456 3457
f 3460 3461 3462
f 3463 3464 3465
f 3468 3469 3470
f 3471 3472 3473
f 3476 3477 3478
f 3479 3480 3481
f 3484 3485 3486
f 3487 3488 3489
f 3492 3493 3494
f 3495 3496 3497
f 3500 3501 3502
f 3503 3504 3505
f 3508 3509 3510
f 3511 3512 3513
f 3516 3517 3518
f 3519 3520 3521
f 3524 3525 3526
f 3527 3528 3529
f 3532 3533 3534
f 3535 3536 3537
f 3540 3541 3542
f 3543 3544 3545
f 3407 3410 3411
f 3407 3411 3408
f 3447 3450 3451
f 3447 3451 3448
f 3295 3298 3299
f 3295 3299 3296
f 3399 3402 3403
f 3399 3403 3400
f 3439 3442 3443
f 3439 3443 3440
f 3543 3546 3547
f 3543 3547 3544
f 3391 3394 3395
f 3391 3395 3392
f 3431 3434 3435
f 3431 3435 3432
f 3535 3538 3539
f 3535 3539 3536
f 3383 3386 3387
f 3383 3387 3384
f 3423 3426 3427
f 3423 3427 3424
f 3375 3378 3379
f 3375 3379 3376
f 3415 3418 3419
f 3415 3419 3416
f 3519 3522 3523
f 3519 3523 3520
f 3367 3370 3371
f 3367 3371 3368
f 3511 3514 3515
f 3511 3515 3512
f 3359 3362 3363
f 3359 3363 3360
f 3503 3506 3507
f 3503 3507 3504
f 3351 3354 3355
f 3351 3355 3352
f 3495 3498 3499
f 3495 3499 3496
f 3343 3346 3347
f 3343 3347 3344
f 3487 3490 3491
f 3487 3491 3488
f 3335 3338 3339
f 3335 3339 3336
f 3479 3482 3483
f 3479 3483 3480
f 3327 3330 3331
f 3327 3331 3328
f 3463 3466 3467
f 3463 3467 3464
f 3410 3405 3404
f 3410 3404 3411
f 3319 3322 3323
f 3319 3323 3320
f 3455 3458 3459
f 3455 3459 3456
f 3527 3530 3531
f 3527 3531 3528
f 3303 3306 3307
f 3303 3307 3304
f 3426 3421 3420
f 3426 3420 3427
f 3434 3429 3428
f 3434 3428 3435
f 3442 3437 3436
f 3442 3436 3443
f 3450 3445 3444
f 3450 3444 3451
f 3522 3517 3516
f 3522 3516 3523
f 3306 3301 3300
f 3306 3300 3307
f 3471 3474 3475
f 3471 3475 3472
f 3315 3309 3308
f 3315 3308 3314
f 3474 3469 3468
f 3474 3468 3475
f 3402 3397 3396
f 3402 3396 3403
f 3482 3477 3476
f 3482 3476 3483
f 3330 3325 3324
f 3330 3324 3331
f 3490 3485 3484
f 3490 3484 3491
f 3338 3333 3332
f 3338 3332 3339
f 3498 3493 3492
f 3498 3492 3499
f 3346 3341 3340
f 3346 3340 3347
f 3506 3501 3500
f 3506 3500 3507
f 3354 3349 3348
f 3354 3348 3355
f 3514 3509 3508
f 3514 3508 3515
f 3362 3357 3356
f 3362 3356 3363
f 3418 3413 3412
f 3418 3412 3419
f 3370 3365 3364
f 3370 3364 3371
f 3378 3373 3372
f 3378 3372 3379
f 3538 3533 3532
f 3538 3532 3539
f 3386 3381 3380
f 3386 3380 3387
f 3546 3541 3540
f 3546 3540 3547
f 3394 3389 3388
f 3394 3388 3395
f 3298 3293 3292
f 3298 3292 3299
f 3458 3453 3452
f 3458 3452 3459
f 3322 3317 3316
f 3322 3316 3323
f 3530 3525 3524
f 3530 3524 3531
f 3466 3461 3460
f 3466 3460 3467
f 3311 3315 3314
f 3311 3314 3312
f 660 319 852
f 660 852 1942
f 729 726 26
f 729 26 30
f 3597 3590 3880
f 3597 3880 3883
f 3912 3631 3630
f 3912 3630 3911
f 3916 3635 3634
f 3916 3634 3915
f 3555 3554 3604
f 3555 3604 3605
f 3597 3578 3585
f 3597 3585 3590
f 3560 3561 3554
f 3560 3554 3555
f 3914 3633 3632
f 3914 3632 3913
f 3933 3932 3763
f 3933 3763 3764
f 4658 3582 3573
f 4658 3573 4660
f 4837 4799 3595
f 4837 3595 3580
f 3574 3561 3560
f 3574 3560 3575
f 4189 4477 4621
f 4189 4621 4178
f 3943 3661 3660
f 3943 3660 3942
f 3576 3573 3582
f 3576 3582 3579
f 4807 4503 4489
f 4807 4489 4803
f 3559 3576 3568
f 3559 3568 3567
f 4833 3555 3605
f 4833 3605 4802
f 3924 3642 3641
f 3924 3641 3923
f 3575 3580 3581
f 3575 3581 3574
f 3913 3912 3744
f 3913 3744 3745
f 3932 3650 3649
f 3932 3649 3931
f 3576 3559 3562
f 3576 3562 3573
f 3552 3551 3601
f 3552 3601 3602
f 3583 3584 3571
f 3583 3571 3572
f 3583 3592 3591
f 3583 3591 3584
f 3561 3574 3569
f 3561 3569 3566
f 3596 3588 3587
f 3596 3587 3579
f 3564 3551 3552
f 3564 3552 3563
f 3965 3882 3592
f 3965 3592 3588
f 3569 3574 3581
f 3569 3581 3586
f 4696 4235 4577
f 4696 4577 4733
f 4777 4021 4641
f 4777 4641 4796
f 3587 3588 3592
f 3587 3592 3583
f 4831 4802 3605
f 4831 3605 3608
f 4801 4800 3558
f 4801 3558 3577
f 3911 3630 3629
f 3911 3629 3910
f 4693 4698 3616
f 4693 3616 3950
f 4733 4577 4247
f 4733 4247 4724
f 3556 3548 3598
f 3556 3598 3606
f 3596 3593 3879
f 3596 3879 3886
f 3928 3927 3758
f 3928 3758 3759
f 3598 3602 3601
f 3598 3601 3609
f 3975 4602 4581
f 3975 4581 3981
f 4591 4285 4282
f 4591 4282 4590
f 3892 3722 3903
f 3892 3903 3967
f 3588 3596 3886
f 3588 3886 3965
f 4808 4810 4513
f 4808 4513 4497
f 3572 3563 3567
f 3572 3567 3568
f 3884 3594 3595
f 3884 3595 3885
f 3583 3572 3568
f 3583 3568 3587
f 4801 4827 4490
f 4801 4490 4488
f 4656 3593 3582
f 4656 3582 4658
f 3580 3595 3594
f 3580 3594 3581
f 3957 3956 3730
f 3957 3730 3735
f 4656 4657 3879
f 4656 3879 3593
f 4777 3699 3698
f 4777 3698 4776
f 3567 3548 3556
f 3567 3556 3559
f 4199 4200 4203
f 4199 4203 4202
f 4160 4161 4215
f 4160 4215 4214
f 3563 3572 3571
f 3563 3571 3564
f 3565 3570 3577
f 3565 3577 3558
f 3949 3615 3614
f 3949 3614 3947
f 3549 3550 3600
f 3549 3600 3599
f 4680 4526 4530
f 4680 4530 4682
f 4654 4525 4526
f 4654 4526 4680
f 3923 3922 3753
f 3923 3753 3754
f 4403 4402 4523
f 4403 4523 4522
f 4152 4150 4147
f 4152 4147 4149
f 3549 3566 3565
f 3549 3565 3550
f 3586 3585 3570
f 3586 3570 3569
f 4686 4529 4525
f 4686 4525 4654
f 4587 4472 4004
f 4587 4004 4573
f 3565 3566 3569
f 3565 3569 3570
f 3589 3594 3884
f 3589 3884 3966
f 3921 3639 3638
f 3921 3638 3920
f 3966 3880 3590
f 3966 3590 3589
f 4567 4482 4123
f 4567 4123 4114
f 3568 3576 3579
f 3568 3579 3587
f 3909 3906 3740
f 3909 3740 3741
f 3934 3652 3651
f 3934 3651 3933
f 3920 3638 3637
f 3920 3637 3919
f 3578 3577 3570
f 3578 3570 3585
f 3917 3636 3635
f 3917 3635 3916
f 3942 3660 3659
f 3942 3659 3941
f 3920 3919 3750
f 3920 3750 3751
f 4632 3780 4187
f 4632 4187 4192
f 4751 4755 3697
f 4751 3697 3711
f 4799 4804 3885
f 4799 3885 3595
f 3824 3775 3774
f 3824 3774 3837
f 4800 4486 4487
f 4800 4487 4824
f 3619 4456 3620
f 3948 3664 3663
f 3948 3663 3946
f 4014 4008 4007
f 4014 4007 4012
f 3550 3557 3607
f 3550 3607 3600
f 3910 3629 3628
f 3910 3628 3909
f 3931 3649 3648
f 3931 3648 3930
f 3604 3599 3608
f 3604 3608 3605
f 4632 4192 4180
f 4632 4180 4616
f 4692 3553 3603
f 4692 3603 4691
f 4674 3720 3891
f 4674 3891 4681
f 3925 3924 3755
f 3925 3755 3756
f 3802 4541 4013
f 3802 4013 4016
f 3553 3556 3606
f 3553 3606 3603
f 3606 3598 3609
f 3606 3609 3603
f 4691 4676 4549
f 4691 4549 4539
f 3548 3567 3563
f 3548 3563 3552
f 4451 4452 4444
f 4451 4444 4445
f 3720 3881 3882
f 3720 3882 3722
f 4709 3978 4608
f 4709 4608 4726
f 3895 3896 3843
f 3895 3843 3845
f 3940 3658 3657
f 3940 3657 3939
f 3937 3655 3654
f 3937 3654 3936
f 4806 4491 4492
f 4806 4492 4831
f 4197 4191 4190
f 4197 4190 4195
f 4692 4667 3562
f 4692 3562 3553
f 4773 3701 3700
f 4773 3700 4772
f 4769 3703 3702
f 4769 3702 4768
f 4639 4640 4475
f 4639 4475 4457
f 3945 3612 3665
f 3945 3665 3908
f 4440 4406 3610
f 4440 3610 3688
f 3673 3665 3612
f 3673 3612 3666
f 4706 4725 4024
f 4706 4024 4006
f 3688 3610 3644
f 3688 3644 3667
f 4008 4006 4024
f 4008 4024 4026
f 3674 3645 3646
f 3674 3646 3675
f 3929 3647 3646
f 3929 3646 3928
f 4052 4039 4250
f 4052 4250 4261
f 4038 4036 4054
f 4038 4054 4056
f 3676 3648 3649
f 3676 3649 3677
f 3677 3649 3650
f 3677 3650 3669
f 4082 4069 4280
f 4082 4280 4291
f 4068 4066 4084
f 4068 4084 4086
f 3678 3651 3652
f 3678 3652 3679
f 3679 3652 3653
f 3679 3653 3670
f 4112 4099 4310
f 4112 4310 4321
f 4098 4096 4114
f 4098 4114 4116
f 3680 3654 3655
f 3680 3655 3681
f 3938 3656 3655
f 3938 3655 3937
f 4142 4129 4340
f 4142 4340 4351
f 3682 3657 3658
f 3682 3658 3683
f 3941 3659 3658
f 3941 3658 3940
f 4391 4394 4163
f 4391 4163 4213
f 4377 4374 4373
f 4377 4373 4375
f 3684 3660 3661
f 3684 3661 3685
f 4568 4572 4002
f 4568 4002 4003
f 3944 3662 3661
f 3944 3661 3943
f 4210 4208 4367
f 4210 4367 4384
f 4765 3705 3704
f 4765 3704 4764
f 3686 3663 3664
f 3686 3664 3687
f 3908 3665 3664
f 3908 3664 3948
f 4753 4775 3859
f 4753 3859 3851
f 3960 3959 3737
f 3960 3737 3738
f 3942 3941 3772
f 3942 3772 3773
f 3946 3944 3775
f 3946 3775 3776
f 3939 3938 3769
f 3939 3769 3770
f 3936 3935 3766
f 3936 3766 3767
f 4786 4564 4214
f 4786 4214 4781
f 3669 3650 3651
f 3669 3651 3678
f 4133 4482 4567
f 4133 4567 4126
f 3930 3929 3760
f 3930 3760 3761
f 3554 3561 3566
f 3554 3566 3549
f 3667 3644 3645
f 3667 3645 3674
f 4741 4722 3677
f 4741 3677 3669
f 4022 4009 4220
f 4022 4220 4231
f 4707 3666 4465
f 4707 4465 4739
f 4007 4025 4234
f 4007 4234 4216
f 4032 4030 4027
f 4032 4027 4029
f 4037 4055 4264
f 4037 4264 4246
f 4062 4060 4057
f 4062 4057 4059
f 4067 4085 4294
f 4067 4294 4276
f 4092 4090 4087
f 4092 4087 4089
f 4097 4115 4324
f 4097 4324 4306
f 4122 4120 4117
f 4122 4117 4119
f 4127 4145 4354
f 4127 4354 4336
f 4748 4629 4130
f 4748 4130 4788
f 4208 4156 4378
f 4208 4378 4367
f 4564 4141 4147
f 4564 4147 4627
f 3986 3972 4190
f 3986 4190 4177
f 3990 3977 4181
f 3990 4181 4193
f 4780 4781 4214
f 4780 4214 4162
f 4145 4154 4363
f 4145 4363 4354
f 4129 4138 4349
f 4129 4349 4340
f 4115 4124 4333
f 4115 4333 4324
f 4328 4329 4323
f 4328 4323 4322
f 4099 4108 4319
f 4099 4319 4310
f 4085 4094 4303
f 4085 4303 4294
f 4298 4299 4293
f 4298 4293 4292
f 4069 4078 4289
f 4069 4289 4280
f 4055 4064 4273
f 4055 4273 4264
f 4268 4269 4263
f 4268 4263 4262
f 4039 4048 4259
f 4039 4259 4250
f 4025 4034 4243
f 4025 4243 4234
f 4238 4239 4233
f 4238 4233 4232
f 4009 4018 4229
f 4009 4229 4220
f 4404 4403 4522
f 4404 4522 4521
f 3819 3760 3759
f 3819 3759 3827
f 4638 3779 3780
f 4638 3780 4632
f 3794 4405 4520
f 3794 4520 4510
f 4808 4809 3897
f 4808 3897 3842
f 3697 3689 3617
f 3697 3617 3622
f 4780 4793 3696
f 4780 3696 3709
f 3923 3641 3640
f 3923 3640 3922
f 3692 3637 3638
f 3692 3638 3701
f 3915 3914 3746
f 3915 3746 3747
f 3693 3634 3635
f 3693 3635 3703
f 3913 3632 3631
f 3913 3631 3912
f 3910 3909 3741
f 3910 3741 3742
f 4151 4152 4149
f 4151 4149 4148
f 3961 3626 3625
f 3961 3625 3960
f 3958 3623 3622
f 3958 3622 3957
f 3960 3625 3624
f 3960 3624 3959
f 4753 3851 3860
f 4753 3860 4770
f 4292 4598 4597
f 4292 4597 4298
f 4744 3824 3837
f 4744 3837 4711
f 4100 4622 4480
f 4100 4480 4109
f 4702 4126 4567
f 4702 4567 4743
f 4623 4478 4079
f 4623 4079 4070
f 4764 3704 3693
f 4764 3693 4794
f 3919 3917 3749
f 3919 3749 3750
f 4641 4484 4049
f 4641 4049 4040
f 3702 3636 3637
f 3702 3637 3692
f 4414 4413 4418
f 4414 4418 4417
f 3925 3643 3642
f 3925 3642 3924
f 3922 3640 3639
f 3922 3639 3921
f 3959 3624 3623
f 3959 3623 3958
f 3698 3642 3643
f 3698 3643 3690
f 3641 3642 3698
f 3641 3698 3699
f 3623 3624 3710
f 3623 3710 3711
f 3907 3925 3756
f 3907 3756 3714
f 3626 3627 3708
f 3626 3708 3709
f 3629 3630 3706
f 3629 3706 3707
f 3706 3630 3631
f 3706 3631 3694
f 3632 3633 3704
f 3632 3704 3705
f 3635 3636 3702
f 3635 3702 3703
f 3638 3639 3700
f 3638 3700 3701
f 3892 3891 3720
f 3892 3720 3722
f 3967 3903 3718
f 3967 3718 3889
f 3968 3904 3721
f 3968 3721 3888
f 4421 4435 3712
f 4421 3712 3611
f 3889 3718 3716
f 3889 3716 3890
f 3955 3619 3620
f 3955 3620 3954
f 3611 3712 3690
f 3611 3690 3643
f 3965 3903 3722
f 3965 3722 3882
f 3950 3616 3615
f 3950 3615 3949
f 4416 4446 3907
f 4416 3907 3714
f 3894 3715 3717
f 3894 3717 3893
f 4672 4661 4552
f 4672 4552 4540
f 3969 3962 3724
f 3969 3724 3899
f 4671 4672 4540
f 4671 4540 4553
f 3905 3843 3896
f 3905 3896 3970
f 3842 3897 3899
f 3842 3899 3724
f 3955 3954 3733
f 3955 3733 3732
f 4530 3805 3803
f 4530 3803 4549
f 3877 4425 4450
f 3877 4450 3963
f 3844 3902 3901
f 3844 3901 3846
f 4804 4512 4496
f 4804 4496 4812
f 4455 4410 3878
f 4455 3878 3964
f 4431 4425 3877
f 4431 3877 3875
f 3945 3908 3778
f 3945 3778 3725
f 3840 3713 4445
f 3840 4445 4430
f 4665 4685 3818
f 4665 3818 3840
f 3817 3725 3778
f 3817 3778 3825
f 3818 3757 3713
f 3818 3713 3840
f 3675 3646 3647
f 3675 3647 3668
f 3931 3930 3761
f 3931 3761 3762
f 3827 3759 3758
f 3827 3758 3826
f 3929 3928 3759
f 3929 3759 3760
f 4721 4720 3831
f 4721 3831 3830
f 3932 3931 3762
f 3932 3762 3763
f 3934 3933 3764
f 3934 3764 3765
f 3829 3762 3761
f 3829 3761 3828
f 4730 4718 3832
f 4730 3832 3821
f 3763 3762 3829
f 3763 3829 3820
f 4711 3837 3836
f 4711 3836 4712
f 4718 4717 3833
f 4718 3833 3832
f 3935 3934 3765
f 3935 3765 3766
f 3937 3936 3767
f 3937 3767 3768
f 3831 3765 3764
f 3831 3764 3830
f 3766 3765 3831
f 3766 3831 3821
f 4181 4182 4194
f 4181 4194 4193
f 4715 4714 3835
f 4715 3835 3834
f 3681 3655 3656
f 3681 3656 4626
f 3940 3939 3770
f 3940 3770 3771
f 3833 3768 3767
f 3833 3767 3832
f 4761 4786 3695
f 4761 3695 3707
f 3938 3937 3768
f 3938 3768 3769
f 4643 4387 4385
f 4643 4385 4600
f 3683 3658 3659
f 3683 3659 3671
f 3943 3942 3773
f 3943 3773 3774
f 3835 3771 3770
f 3835 3770 3834
f 4797 3856 3870
f 4797 3870 4759
f 3941 3940 3771
f 3941 3771 3772
f 3906 3961 3739
f 3906 3739 3740
f 3685 3661 3662
f 3685 3662 3672
f 3837 3774 3773
f 3837 3773 3836
f 3948 3946 3776
f 3948 3776 3777
f 3944 3943 3774
f 3944 3774 3775
f 4364 4365 4362
f 4364 4362 4361
f 4119 4117 4111
f 4119 4111 4113
f 3687 3664 3665
f 3687 3665 3673
f 4361 4362 4359
f 4361 4359 4358
f 3839 3777 3776
f 3839 3776 3838
f 3717 3904 3968
f 3717 3968 3893
f 3668 3647 3648
f 3668 3648 3676
f 3908 3948 3777
f 3908 3777 3778
f 4238 4232 4578
f 4238 4578 4579
f 3672 3662 3663
f 3672 3663 3686
f 3671 3659 3660
f 3671 3660 3684
f 4626 3656 3657
f 4626 3657 3682
f 3670 3653 3654
f 3670 3654 3680
f 3830 3764 3763
f 3830 3763 3820
f 4685 4695 3826
f 4685 3826 3818
f 4724 4723 3829
f 4724 3829 3828
f 3826 3758 3757
f 3826 3757 3818
f 3816 4255 4252
f 3816 4252 4570
f 4617 4618 4640
f 4617 4640 4639
f 4471 4463 3619
f 4471 3619 3955
f 4630 4605 3731
f 4630 3731 4582
f 4748 3694 3705
f 4748 3705 4765
f 4640 4618 3613
f 4640 3613 4631
f 4695 4696 3827
f 4695 3827 3826
f 3760 3819 3828
f 3760 3828 3761
f 4789 4771 3861
f 4789 3861 3852
f 4642 4599 4355
f 4642 4355 4364
f 4652 4342 4337
f 4652 4337 4653
f 3993 3996 4198
f 3993 4198 4195
f 4759 4760 3975
f 4759 3975 3998
f 4188 4185 4184
f 4188 4184 4186
f 4787 4758 4393
f 4787 4393 4390
f 4778 4779 4352
f 4778 4352 4339
f 4798 3854 3866
f 4798 3866 4778
f 4762 4763 4322
f 4762 4322 4309
f 4766 4767 4292
f 4766 4292 4279
f 3696 3625 3626
f 3696 3626 3709
f 4344 4338 4337
f 4344 4337 4342
f 4770 4771 4262
f 4770 4262 4249
f 4570 4252 4247
f 4570 4247 4577
f 4774 4775 4232
f 4774 4232 4219
f 4687 4688 4555
f 4687 4555 4554
f 3888 3721 3719
f 3888 3719 3887
f 4666 3841 3898
f 4666 3898 4673
f 4455 3964 3874
f 4455 3874 4441
f 3900 3723 3905
f 3900 3905 3970
f 4819 4820 3715
f 4819 3715 3894
f 3900 3898 3841
f 3900 3841 3723
f 4832 4505 4508
f 4832 4508 4819
f 4661 4684 4537
f 4661 4537 4552
f 4811 4832 3846
f 4811 3846 3901
f 3959 3958 3736
f 3959 3736 3737
f 3730 3849 3857
f 3730 3857 3735
f 3691 3640 3641
f 3691 3641 3699
f 3861 3751 3750
f 3861 3750 3852
f 3863 3748 3747
f 3863 3747 3853
f 3694 3631 3632
f 3694 3632 3705
f 4598 4309 4318
f 4598 4318 4597
f 3695 3628 3629
f 3695 3629 3707
f 3961 3960 3738
f 3961 3738 3739
f 4731 4621 4165
f 4731 4165 4710
f 3697 3622 3623
f 3697 3623 3711
f 3978 3979 3991
f 3978 3991 3989
f 3710 3624 3625
f 3710 3625 3696
f 3856 3738 3737
f 3856 3737 3870
f 3708 3627 3628
f 3708 3628 3695
f 3911 3910 3742
f 3911 3742 3743
f 3912 3911 3743
f 3912 3743 3744
f 3914 3913 3745
f 3914 3745 3746
f 3704 3633 3634
f 3704 3634 3693
f 3917 3916 3748
f 3917 3748 3749
f 3852 3750 3749
f 3852 3749 3862
f 3921 3920 3751
f 3921 3751 3752
f 4735 3823 3835
f 4735 3835 4714
f 3700 3639 3640
f 3700 3640 3691
f 3850 3756 3755
f 3850 3755 3858
f 3755 3754 3859
f 3755 3859 3858
f 3737 3736 3871
f 3737 3871 3870
f 4648 4370 4382
f 4648 4382 4647
f 3740 3739 3869
f 3740 3869 3868
f 3743 3742 3867
f 3743 3867 3866
f 4592 4288 4285
f 4592 4285 4591
f 4254 4248 4247
f 4254 4247 4252
f 3746 3745 3865
f 3746 3865 3864
f 3749 3748 3863
f 3749 3863 3862
f 4387 4389 4386
f 4387 4386 4385
f 3752 3751 3861
f 3752 3861 3860
f 3804 3803 4492
f 3804 4492 4491
f 4413 4412 4419
f 4413 4419 4418
f 3873 4420 4411
f 3873 4411 3847
f 4816 4506 4502
f 4816 4502 4811
f 4675 4671 4553
f 4675 4553 4548
f 4814 4816 3847
f 4814 3847 4411
f 3878 3900 3970
f 3878 3970 3964
f 3844 3962 3969
f 3844 3969 3902
f 3878 4410 4436
f 3878 4436 3876
f 3714 3872 4415
f 3714 4415 4416
f 4690 4675 4548
f 4690 4548 4558
f 4412 4411 4420
f 4412 4420 4419
f 4441 3874 3848
f 4441 3848 4426
f 3872 3714 3756
f 3872 3756 3850
f 3965 3886 3718
f 3965 3718 3903
f 4737 4610 3726
f 4737 3726 4699
f 4698 4728 3615
f 4698 3615 3616
f 4693 3950 3729
f 4693 3729 4699
f 3950 3949 3728
f 3950 3728 3729
f 3886 3879 3716
f 3886 3716 3718
f 4664 3881 3720
f 4664 3720 4674
f 3907 3611 3643
f 3907 3643 3925
f 3721 3884 3885
f 3721 3885 3719
f 3957 3622 3617
f 3957 3617 3956
f 3883 3880 3717
f 3883 3717 3715
f 3843 3889 3890
f 3843 3890 3845
f 4681 3891 3841
f 4681 3841 4666
f 3983 3985 3982
f 3983 3982 3981
f 3887 3842 3724
f 3887 3724 3888
f 4754 4750 4614
f 4754 4614 3618
f 3967 3889 3843
f 3967 3843 3905
f 3844 3846 3894
f 3844 3894 3893
f 3892 3723 3841
f 3892 3841 3891
f 3723 3892 3967
f 3723 3967 3905
f 4673 3898 3876
f 4673 3876 4670
f 3900 3878 3876
f 3900 3876 3898
f 3970 3896 3874
f 3970 3874 3964
f 3896 3895 3848
f 3896 3848 3874
f 3963 3969 3899
f 3963 3899 3877
f 3877 3899 3897
f 3877 3897 3875
f 4450 4420 3873
f 4450 3873 3963
f 3906 3627 3626
f 3906 3626 3961
f 4205 4183 4586
f 4205 4586 4565
f 3855 3741 3740
f 3855 3740 3868
f 4408 4407 4439
f 4408 4439 4438
f 3945 3725 4466
f 3945 4466 4470
f 3918 3610 4406
f 3918 4406 4451
f 3854 3744 3743
f 3854 3743 3866
f 3727 4466 4469
f 3727 4469 4461
f 3853 3747 3746
f 3853 3746 3864
f 4003 4001 4631
f 4003 4631 4568
f 3922 3921 3752
f 3922 3752 3753
f 3815 3813 4526
f 3815 4526 4525
f 3936 3654 3653
f 3936 3653 3935
f 4741 3669 3678
f 4741 3678 4704
f 4358 4359 4353
f 4358 4353 4352
f 4446 4421 3611
f 4446 3611 3907
f 4743 4716 3681
f 4743 3681 4626
f 4171 4174 4477
f 4171 4477 3781
f 4662 3688 3667
f 4662 3667 4663
f 4470 4462 3612
f 4470 3612 3945
f 4706 4663 3667
f 4706 3667 3674
f 4465 4462 3614
f 4465 3614 4458
f 4749 4783 3733
f 4749 3733 3734
f 3614 4462 4470
f 3614 4470 3947
f 4568 4631 3613
f 4568 3613 3951
f 4584 4473 4457
f 4584 4457 4576
f 3924 3923 3754
f 3924 3754 3755
f 4583 4001 4003
f 4583 4003 4585
f 4746 4754 3618
f 4746 3618 3952
f 3847 3901 3902
f 3847 3902 3873
f 3954 3620 3621
f 3954 3621 3953
f 3617 4463 4471
f 3617 4471 3956
f 4463 4464 4456
f 4463 4456 3619
f 3919 3637 3636
f 3919 3636 3917
f 4164 4162 4214
f 4164 4214 4215
f 3963 3873 3902
f 3963 3902 3969
f 3962 3844 3893
f 3962 3893 3968
f 4211 4160 4627
f 4211 4627 3782
f 4583 4588 4475
f 4583 4475 4001
f 4466 3727 3947
f 4466 3947 4470
f 3733 4459 3732
f 4582 3731 3952
f 4582 3952 4585
f 4749 3734 3953
f 4749 3953 4746
f 3734 3733 3954
f 3734 3954 3953
f 4684 4657 4551
f 4684 4551 4537
f 4467 3730 3956
f 4467 3956 4471
f 4820 4495 4503
f 4820 4503 4807
f 3939 3657 3656
f 3939 3656 3938
f 3548 3552 3602
f 3548 3602 3598
f 3996 3999 4201
f 3996 4201 4198
f 3972 3993 4195
f 3972 4195 4190
f 3985 3983 3989
f 3985 3989 3991
f 3999 3974 4204
f 3999 4204 4201
f 3981 3982 3976
f 3981 3976 3975
f 3984 3990 4193
f 3984 4193 4186
f 3975 3976 4000
f 3975 4000 3998
f 3980 3984 4186
f 3980 4186 4184
f 3984 3985 3991
f 3984 3991 3990
f 3974 3980 4184
f 3974 4184 4204
f 3997 3995 3998
f 3997 3998 4000
f 3985 3984 3980
f 3985 3980 3982
f 3996 3997 4000
f 3996 4000 3999
f 3976 3974 3999
f 3976 3999 4000
f 3988 3986 3977
f 3988 3977 3979
f 3994 3993 3972
f 3994 3972 3973
f 3997 3996 3993
f 3997 3993 3994
f 4133 4134 4137
f 4133 4137 4136
f 3973 3988 3987
f 3973 3987 3971
f 3973 3972 3986
f 3973 3986 3988
f 3982 3980 3974
f 3982 3974 3976
f 3979 3977 3990
f 3979 3990 3991
f 3977 3986 4177
f 3977 4177 4181
f 4694 4713 3683
f 4694 3683 3671
f 4158 4167 4166
f 4158 4166 4156
f 3995 3997 3994
f 3995 3994 3992
f 4586 4183 4187
f 4586 4187 3780
f 4385 4386 4368
f 4385 4368 4366
f 4573 4004 4005
f 4573 4005 4581
f 3955 3732 4467
f 3955 4467 4471
f 4002 4582 4585
f 4002 4585 4003
f 4580 4566 4565
f 4580 4565 4586
f 4175 4172 4376
f 4175 4376 4381
f 4185 4183 4205
f 4185 4205 4206
f 4149 4147 4141
f 4149 4141 4143
f 4172 4169 4372
f 4172 4372 4376
f 4168 4476 4620
f 4168 4620 4162
f 4344 4342 4345
f 4344 4345 4347
f 4173 4171 4168
f 4173 4168 4170
f 4384 4388 4159
f 4384 4159 4210
f 4388 4391 4213
f 4388 4213 4159
f 4134 4128 4127
f 4134 4127 4132
f 4169 4163 4394
f 4169 4394 4372
f 4170 4168 4162
f 4170 4162 4164
f 4166 4175 4381
f 4166 4381 4369
f 4104 4102 4105
f 4104 4105 4107
f 4697 4700 4180
f 4697 4180 4178
f 4175 4176 4173
f 4175 4173 4172
f 4380 4378 4369
f 4380 4369 4371
f 4154 4151 4360
f 4154 4360 4363
f 4314 4312 4315
f 4314 4315 4317
f 4156 4166 4369
f 4156 4369 4378
f 4301 4298 4597
f 4301 4597 4596
f 4370 4371 4383
f 4370 4383 4382
f 4151 4148 4357
f 4151 4357 4360
f 4604 4587 4573
f 4604 4573 4603
f 4127 4128 4146
f 4127 4146 4145
f 4138 4135 4346
f 4138 4346 4349
f 4148 4142 4351
f 4148 4351 4357
f 4207 4211 3782
f 4207 3782 4628
f 4478 4623 4051
f 4478 4051 4057
f 4135 4132 4343
f 4135 4343 4346
f 4154 4155 4152
f 4154 4152 4151
f 4124 4121 4330
f 4124 4330 4333
f 4284 4282 4285
f 4284 4285 4287
f 4124 4125 4122
f 4124 4122 4121
f 4105 4102 4313
f 4105 4313 4316
f 4629 4111 4117
f 4629 4117 4483
f 4118 4112 4321
f 4118 4321 4327
f 4074 4072 4075
f 4074 4075 4077
f 4108 4105 4316
f 4108 4316 4319
f 3769 3768 3833
f 3769 3833 3822
f 4097 4098 4116
f 4097 4116 4115
f 4073 4074 4077
f 4073 4077 4076
f 4337 4338 4356
f 4337 4356 4355
f 4121 4118 4327
f 4121 4327 4330
f 4155 4153 4150
f 4155 4150 4152
f 4132 4127 4336
f 4132 4336 4343
f 4094 4091 4300
f 4094 4300 4303
f 4254 4252 4255
f 4254 4255 4257
f 4094 4095 4092
f 4094 4092 4091
f 4075 4072 4283
f 4075 4283 4286
f 4093 4084 4575
f 4093 4575 4481
f 4088 4082 4291
f 4088 4291 4297
f 4044 4042 4045
f 4044 4045 4047
f 4078 4075 4286
f 4078 4286 4289
f 3779 4580 4586
f 3779 4586 3780
f 4002 4572 4634
f 4002 4634 4474
f 4067 4068 4086
f 4067 4086 4085
f 4043 4044 4047
f 4043 4047 4046
f 4307 4308 4326
f 4307 4326 4325
f 4091 4088 4297
f 4091 4297 4300
f 4125 4123 4120
f 4125 4120 4122
f 4102 4097 4306
f 4102 4306 4313
f 4064 4061 4270
f 4064 4270 4273
f 4179 4177 4190
f 4179 4190 4191
f 4224 4218 4217
f 4224 4217 4222
f 4064 4065 4062
f 4064 4062 4061
f 4045 4042 4253
f 4045 4253 4256
f 4058 4052 4261
f 4058 4261 4267
f 4014 4012 4015
f 4014 4015 4017
f 4048 4045 4256
f 4048 4256 4259
f 4475 4640 4631
f 4475 4631 4001
f 4037 4038 4056
f 4037 4056 4055
f 4013 4014 4017
f 4013 4017 4016
f 4277 4278 4296
f 4277 4296 4295
f 4061 4058 4267
f 4061 4267 4270
f 4095 4093 4090
f 4095 4090 4092
f 4072 4067 4276
f 4072 4276 4283
f 4034 4031 4240
f 4034 4240 4243
f 3808 4504 4500
f 3808 4500 3809
f 4389 4387 4390
f 4389 4390 4392
f 4034 4035 4032
f 4034 4032 4031
f 4015 4012 4223
f 4015 4223 4226
f 4028 4022 4231
f 4028 4231 4237
f 4197 4195 4198
f 4197 4198 4200
f 4018 4015 4226
f 4018 4226 4229
f 3962 3968 3888
f 3962 3888 3724
f 4007 4008 4026
f 4007 4026 4025
f 4196 4197 4200
f 4196 4200 4199
f 4247 4248 4266
f 4247 4266 4265
f 4031 4028 4237
f 4031 4237 4240
f 4065 4063 4060
f 4065 4060 4062
f 4042 4037 4246
f 4042 4246 4253
f 4178 4179 4191
f 4178 4191 4189
f 4179 4178 4180
f 4179 4180 4182
f 4188 4186 4193
f 4188 4193 4194
f 4188 4187 4183
f 4188 4183 4185
f 4158 4156 4208
f 4158 4208 4209
f 4176 4174 4171
f 4176 4171 4173
f 4158 4157 4165
f 4158 4165 4167
f 3739 3738 3856
f 3739 3856 3869
f 4207 4628 4571
f 4207 4571 4157
f 4703 4096 4575
f 4703 4575 4742
f 4313 4314 4317
f 4313 4317 4316
f 4166 4167 4176
f 4166 4176 4175
f 4150 4153 4628
f 4150 4628 3782
f 4134 4132 4135
f 4134 4135 4137
f 4134 4133 4126
f 4134 4126 4128
f 4121 4122 4119
f 4121 4119 4118
f 4146 4144 4153
f 4146 4153 4155
f 3783 4120 4123
f 3783 4123 4482
f 4379 4380 4371
f 4379 4371 4370
f 4137 4135 4138
f 4137 4138 4140
f 3832 3767 3766
f 3832 3766 3821
f 4136 4137 4140
f 4136 4140 4139
f 4140 4138 4129
f 4140 4129 4131
f 4331 4332 4329
f 4331 4329 4328
f 4139 4140 4131
f 4139 4131 4130
f 4103 4104 4107
f 4103 4107 4106
f 4131 4129 4142
f 4131 4142 4143
f 4793 4620 4202
f 4793 4202 4752
f 4130 4131 4143
f 4130 4143 4141
f 4145 4146 4155
f 4145 4155 4154
f 4334 4335 4332
f 4334 4332 4331
f 4104 4103 4096
f 4104 4096 4098
f 4580 3779 4473
f 4580 4473 4584
f 4091 4092 4089
f 4091 4089 4088
f 4116 4114 4123
f 4116 4123 4125
f 3784 4090 4093
f 3784 4093 4481
f 4301 4302 4299
f 4301 4299 4298
f 4107 4105 4108
f 4107 4108 4110
f 3933 3651 3650
f 3933 3650 3932
f 4106 4107 4110
f 4106 4110 4109
f 4110 4108 4099
f 4110 4099 4101
f 4106 3784 4481
f 4106 4481 4103
f 3779 4638 4635
f 3779 4635 4473
f 4109 4110 4101
f 4109 4101 4100
f 4115 4116 4125
f 4115 4125 4124
f 4101 4099 4112
f 4101 4112 4113
f 4100 4101 4113
f 4100 4113 4111
f 4283 4284 4287
f 4283 4287 4286
f 4304 4305 4302
f 4304 4302 4301
f 4074 4073 4066
f 4074 4066 4068
f 4061 4062 4059
f 4061 4059 4058
f 4086 4084 4093
f 4086 4093 4095
f 3785 4060 4063
f 3785 4063 4479
f 4271 4272 4269
f 4271 4269 4268
f 4077 4075 4078
f 4077 4078 4080
f 4076 4077 4080
f 4076 4080 4079
f 4080 4078 4069
f 4080 4069 4071
f 4036 4043 4485
f 4036 4485 4624
f 4079 4080 4071
f 4079 4071 4070
f 4085 4086 4095
f 4085 4095 4094
f 4071 4069 4082
f 4071 4082 4083
f 4070 4071 4083
f 4070 4083 4081
f 4253 4254 4257
f 4253 4257 4256
f 4274 4275 4272
f 4274 4272 4271
f 4044 4043 4036
f 4044 4036 4038
f 4196 3781 4477
f 4196 4477 4189
f 4031 4032 4029
f 4031 4029 4028
f 4056 4054 4063
f 4056 4063 4065
f 3786 4030 4033
f 3786 4033 4485
f 4241 4242 4239
f 4241 4239 4238
f 4047 4045 4048
f 4047 4048 4050
f 3927 3645 3644
f 3927 3644 3926
f 4046 4047 4050
f 4046 4050 4049
f 4050 4048 4039
f 4050 4039 4041
f 4049 4050 4041
f 4049 4041 4040
f 4055 4056 4065
f 4055 4065 4064
f 4041 4039 4052
f 4041 4052 4053
f 4040 4041 4053
f 4040 4053 4051
f 4035 4033 4030
f 4035 4030 4032
f 4244 4245 4242
f 4244 4242 4241
f 4014 4013 4006
f 4014 4006 4008
f 4026 4024 4033
f 4026 4033 4035
f 4046 3786 4485
f 4046 4485 4043
f 4179 4182 4181
f 4179 4181 4177
f 4017 4015 4018
f 4017 4018 4020
f 4686 4659 4527
f 4686 4527 4529
f 3801 4538 4541
f 3801 4541 3802
f 4016 4017 4020
f 4016 4020 4019
f 4020 4018 4009
f 4020 4009 4011
f 3797 4505 4502
f 3797 4502 3788
f 4019 4020 4011
f 4019 4011 4010
f 4025 4026 4035
f 4025 4035 4034
f 4011 4009 4022
f 4011 4022 4023
f 4010 4011 4023
f 4010 4023 4021
f 4388 4389 4392
f 4388 4392 4391
f 4197 4196 4189
f 4197 4189 4191
f 4212 4210 4159
f 4212 4159 4161
f 4200 4198 4201
f 4200 4201 4203
f 4203 4201 4204
f 4203 4204 4206
f 4477 4174 4165
f 4477 4165 4621
f 4212 4211 4207
f 4212 4207 4209
f 4377 4376 4372
f 4377 4372 4374
f 4338 4336 4354
f 4338 4354 4356
f 4344 4343 4336
f 4344 4336 4338
f 3992 3994 3973
f 3992 3973 3971
f 4365 4363 4360
f 4365 4360 4362
f 4356 4354 4363
f 4356 4363 4365
f 4409 4408 4438
f 4409 4438 4437
f 4643 4358 4352
f 4643 4352 4601
f 4340 4341 4353
f 4340 4353 4351
f 4346 4347 4350
f 4346 4350 4349
f 4650 4348 4345
f 4650 4345 4651
f 4347 4345 4348
f 4347 4348 4350
f 4308 4306 4324
f 4308 4324 4326
f 4362 4360 4357
f 4362 4357 4359
f 4349 4350 4341
f 4349 4341 4340
f 4350 4348 4339
f 4350 4339 4341
f 4359 4357 4351
f 4359 4351 4353
f 4341 4339 4352
f 4341 4352 4353
f 4595 4596 4315
f 4595 4315 4312
f 4702 4713 4144
f 4702 4144 4126
f 4355 4356 4365
f 4355 4365 4364
f 4314 4313 4306
f 4314 4306 4308
f 4335 4333 4330
f 4335 4330 4332
f 4326 4324 4333
f 4326 4333 4335
f 4310 4311 4323
f 4310 4323 4321
f 4316 4317 4320
f 4316 4320 4319
f 4649 4650 4328
f 4649 4328 4322
f 4317 4315 4318
f 4317 4318 4320
f 4278 4276 4294
f 4278 4294 4296
f 4332 4330 4327
f 4332 4327 4329
f 4089 4087 4081
f 4089 4081 4083
f 4319 4320 4311
f 4319 4311 4310
f 4320 4318 4309
f 4320 4309 4311
f 4329 4327 4321
f 4329 4321 4323
f 4311 4309 4322
f 4311 4322 4323
f 4593 4592 4268
f 4593 4268 4262
f 4703 4716 4114
f 4703 4114 4096
f 4325 4326 4335
f 4325 4335 4334
f 4454 4455 4441
f 4454 4441 4442
f 4284 4283 4276
f 4284 4276 4278
f 4305 4303 4300
f 4305 4300 4302
f 4296 4294 4303
f 4296 4303 4305
f 4280 4281 4293
f 4280 4293 4291
f 4286 4287 4290
f 4286 4290 4289
f 4595 4312 4307
f 4595 4307 4594
f 4287 4285 4288
f 4287 4288 4290
f 4248 4246 4264
f 4248 4264 4266
f 4302 4300 4297
f 4302 4297 4299
f 4059 4057 4051
f 4059 4051 4053
f 4289 4290 4281
f 4289 4281 4280
f 4290 4288 4279
f 4290 4279 4281
f 4299 4297 4291
f 4299 4291 4293
f 4281 4279 4292
f 4281 4292 4293
f 4704 4719 4084
f 4704 4084 4066
f 4295 4296 4305
f 4295 4305 4304
f 4254 4253 4246
f 4254 4246 4248
f 4275 4273 4270
f 4275 4270 4272
f 4217 4218 4236
f 4217 4236 4235
f 4266 4264 4273
f 4266 4273 4275
f 4590 4282 4277
f 4590 4277 4589
f 4250 4251 4263
f 4250 4263 4261
f 4256 4257 4260
f 4256 4260 4259
f 4257 4255 4258
f 4257 4258 4260
f 4223 4224 4227
f 4223 4227 4226
f 4272 4270 4267
f 4272 4267 4269
f 4796 4641 4040
f 4796 4040 4772
f 4029 4027 4021
f 4029 4021 4023
f 4259 4260 4251
f 4259 4251 4250
f 4260 4258 4249
f 4260 4249 4251
f 4269 4267 4261
f 4269 4261 4263
f 4251 4249 4262
f 4251 4262 4263
f 4225 4222 4536
f 4225 4536 3795
f 4705 4722 4054
f 4705 4054 4036
f 4265 4266 4275
f 4265 4275 4274
f 4224 4223 4216
f 4224 4216 4218
f 4245 4243 4240
f 4245 4240 4242
f 4236 4234 4243
f 4236 4243 4245
f 4220 4221 4233
f 4220 4233 4231
f 4226 4227 4230
f 4226 4230 4229
f 4227 4225 4228
f 4227 4228 4230
f 4386 4384 4367
f 4386 4367 4368
f 4242 4240 4237
f 4242 4237 4239
f 4182 4180 4192
f 4182 4192 4194
f 4229 4230 4221
f 4229 4221 4220
f 4230 4228 4219
f 4230 4219 4221
f 4239 4237 4231
f 4239 4231 4233
f 4221 4219 4232
f 4221 4232 4233
f 4235 4236 4245
f 4235 4245 4244
f 4392 4390 4393
f 4392 4393 4395
f 4389 4388 4384
f 4389 4384 4386
f 4391 4392 4395
f 4391 4395 4394
f 4697 4731 3672
f 4697 3672 3686
f 4642 4366 4379
f 4642 4379 4599
f 3799 4547 4543
f 3799 4543 3790
f 4701 4710 4165
f 4701 4165 4157
f 4214 4564 4627
f 4214 4627 4160
f 4184 4185 4206
f 4184 4206 4204
f 4167 4165 4174
f 4167 4174 4176
f 4157 4158 4209
f 4157 4209 4207
f 4708 4709 3839
f 4708 3839 3838
f 4172 4173 4170
f 4172 4170 4169
f 4376 4377 4383
f 4376 4383 4381
f 3836 3773 3772
f 3836 3772 3823
f 4161 4159 4213
f 4161 4213 4215
f 4374 4372 4394
f 4374 4394 4395
f 4104 4098 4097
f 4104 4097 4102
f 4373 4374 4395
f 4373 4395 4393
f 4368 4380 4379
f 4368 4379 4366
f 4128 4126 4144
f 4128 4144 4146
f 4148 4149 4143
f 4148 4143 4142
f 4368 4367 4378
f 4368 4378 4380
f 4202 4203 4206
f 4202 4206 4205
f 4645 4646 4375
f 4645 4375 4373
f 4371 4369 4381
f 4371 4381 4383
f 4779 3867 3855
f 4779 3855 4790
f 4343 4344 4347
f 4343 4347 4346
f 3834 3770 3769
f 3834 3769 3822
f 3987 3988 3979
f 3987 3979 3978
f 4553 4540 3797
f 4553 3797 3788
f 4745 4653 4337
f 4745 4337 4715
f 4712 3836 3823
f 4712 3823 4735
f 4552 4537 3800
f 4552 3800 3789
f 4803 4827 3578
f 4803 3578 3597
f 4747 3853 3864
f 4747 3864 4762
f 3799 3792 4546
f 3799 4546 4547
f 4224 4222 4225
f 4224 4225 4227
f 4486 3814 3812
f 4486 3812 4487
f 4558 4548 3796
f 4558 3796 4401
f 4514 3787 3793
f 4514 3793 4511
f 4553 3788 3796
f 4553 3796 4548
f 3797 4540 4552
f 3797 4552 3789
f 3811 3814 4486
f 3811 4486 4488
f 4513 3790 3798
f 4513 3798 4497
f 3800 4537 4551
f 3800 4551 3791
f 3813 4499 4501
f 3813 4501 3805
f 3807 4498 4509
f 3807 4509 3815
f 4401 3796 4506
f 4401 4506 4524
f 4512 3792 3799
f 4512 3799 4496
f 4511 3793 4396
f 4511 4396 4519
f 4507 3795 3794
f 4507 3794 4510
f 3800 3791 4503
f 3800 4503 4495
f 4496 3799 3790
f 4496 3790 4513
f 3593 3596 3579
f 3593 3579 3582
f 4497 3798 3787
f 4497 3787 4514
f 3789 3800 4495
f 3789 4495 4508
f 4494 3801 3802
f 4494 3802 4493
f 3804 4539 4549
f 3804 4549 3803
f 4487 3812 3804
f 4487 3804 4491
f 4528 4546 3792
f 4528 3792 3808
f 3793 4544 4563
f 3793 4563 4396
f 4509 4499 3813
f 4509 3813 3815
f 4527 3809 3807
f 4527 3807 4529
f 4805 3575 3560
f 4805 3560 4817
f 4528 3808 3809
f 4528 3809 4527
f 4776 3698 3690
f 4776 3690 4836
f 4503 3791 3810
f 4503 3810 4489
f 4489 3810 3806
f 4489 3806 4490
f 4529 3807 3815
f 4529 3815 4525
f 4550 4533 3814
f 4550 3814 3811
f 4468 4467 3732
f 4468 3732 4459
f 4526 3813 3805
f 4526 3805 4530
f 3926 3644 3610
f 3926 3610 3918
f 4490 3806 3811
f 4490 3811 4488
f 4818 4507 4510
f 4818 4510 4821
f 4314 4308 4307
f 4314 4307 4312
f 4398 4397 4562
f 4398 4562 4561
f 4493 3802 4016
f 4493 4016 4019
f 4570 4577 4235
f 4570 4235 4244
f 4484 3786 4046
f 4484 4046 4049
f 4027 4030 3786
f 4027 3786 4484
f 4478 3785 4076
f 4478 4076 4079
f 4057 4060 3785
f 4057 3785 4478
f 4187 4188 4194
f 4187 4194 4192
f 4480 3784 4106
f 4480 4106 4109
f 4087 4090 3784
f 4087 3784 4480
f 4483 3783 4136
f 4483 4136 4139
f 4073 4479 4625
f 4073 4625 4066
f 4117 4120 3783
f 4117 3783 4483
f 3871 3736 3735
f 3871 3735 3857
f 4603 4573 4581
f 4603 4581 4602
f 3915 3634 3633
f 3915 3633 3914
f 4476 3781 4196
f 4476 4196 4199
f 4163 4164 4215
f 4163 4215 4213
f 4168 4171 3781
f 4168 3781 4476
f 4625 4479 4063
f 4625 4063 4054
f 3689 4464 4463
f 3689 4463 3617
f 4761 3707 3706
f 4761 3706 4788
f 4756 3689 3697
f 4756 3697 4755
f 3794 4535 4554
f 3794 4554 4405
f 4405 4404 4521
f 4405 4521 4520
f 4555 4404 4405
f 4555 4405 4554
f 4399 4398 4561
f 4399 4561 4560
f 4556 4403 4404
f 4556 4404 4555
f 4557 4402 4403
f 4557 4403 4556
f 4397 4396 4563
f 4397 4563 4562
f 4558 4401 4402
f 4558 4402 4557
f 4515 4400 3801
f 4515 3801 4494
f 4516 4399 4400
f 4516 4400 4515
f 4517 4398 4399
f 4517 4399 4516
f 4518 4397 4398
f 4518 4398 4517
f 4519 4396 4397
f 4519 4397 4518
f 4416 4417 4447
f 4416 4447 4446
f 4417 4418 4448
f 4417 4448 4447
f 4407 4406 4440
f 4407 4440 4439
f 4418 4419 4449
f 4418 4449 4448
f 4419 4420 4450
f 4419 4450 4449
f 4453 4454 4442
f 4453 4442 4443
f 4406 4407 4452
f 4406 4452 4451
f 4410 4409 4437
f 4410 4437 4436
f 4407 4408 4453
f 4407 4453 4452
f 3918 4451 4445
f 3918 4445 3713
f 4665 4687 4554
f 4665 4554 4535
f 4408 4409 4454
f 4408 4454 4453
f 4409 4410 4455
f 4409 4455 4454
f 4669 4670 3876
f 4669 3876 4436
f 4688 4689 4556
f 4688 4556 4555
f 4429 4430 4445
f 4429 4445 4444
f 4689 4668 4557
f 4689 4557 4556
f 4428 4429 4444
f 4428 4444 4443
f 4668 4690 4558
f 4668 4558 4557
f 4427 4428 4443
f 4427 4443 4442
f 4426 4427 4442
f 4426 4442 4441
f 4677 4440 3688
f 4677 3688 4662
f 4683 4439 4440
f 4683 4440 4677
f 4678 4438 4439
f 4678 4439 4683
f 4679 4437 4438
f 4679 4438 4678
f 4669 4436 4437
f 4669 4437 4679
f 4809 4514 4511
f 4809 4511 4834
f 4415 4414 4417
f 4415 4417 4416
f 4835 4415 3872
f 4835 3872 4821
f 4815 4414 4415
f 4815 4415 4835
f 4432 4424 4425
f 4432 4425 4431
f 4822 4413 4414
f 4822 4414 4815
f 4823 4412 4413
f 4823 4413 4822
f 4814 4411 4412
f 4814 4412 4823
f 4435 4421 4422
f 4435 4422 4434
f 4422 4421 4446
f 4422 4446 4447
f 4423 4422 4447
f 4423 4447 4448
f 4424 4423 4448
f 4424 4448 4449
f 4425 4424 4449
f 4425 4449 4450
f 4434 4422 4423
f 4434 4423 4433
f 4433 4423 4424
f 4433 4424 4432
f 4402 4401 4524
f 4402 4524 4523
f 4828 4829 4516
f 4828 4516 4515
f 4829 4830 4517
f 4829 4517 4516
f 3666 3612 4462
f 3666 4462 4465
f 4830 4813 4518
f 4830 4518 4517
f 4813 4825 4519
f 4813 4519 4518
f 4727 4739 4465
f 4727 4465 4458
f 4732 4737 3728
f 4732 3728 4461
f 3795 4536 4535
f 3795 4535 3794
f 3730 4467 4468
f 3730 4468 3849
f 4729 4732 4461
f 4729 4461 4469
f 4587 4574 4460
f 4587 4460 4472
f 3816 4570 4244
f 3816 4244 4241
f 3589 3590 3585
f 3589 3585 3586
f 3909 3628 3627
f 3909 3627 3906
f 4452 4453 4443
f 4452 4443 4444
f 3727 4461 3728
f 4211 4212 4161
f 4211 4161 4160
f 4574 4630 4474
f 4574 4474 4460
f 4736 4729 4469
f 4736 4469 3817
f 4469 4466 3725
f 4469 3725 3817
f 4212 4209 4208
f 4212 4208 4210
f 4058 4059 4053
f 4058 4053 4052
f 4088 4089 4083
f 4088 4083 4082
f 4377 4375 4382
f 4377 4382 4383
f 4457 4473 4635
f 4457 4635 4639
f 4572 3726 4610
f 4572 4610 4634
f 4012 4007 4216
f 4012 4216 4223
f 3851 3753 3752
f 3851 3752 3860
f 4118 4119 4113
f 4118 4113 4112
f 4304 4595 4594
f 4304 4594 4295
f 4081 4087 4480
f 4081 4480 4622
f 4096 4103 4481
f 4096 4481 4575
f 4769 4794 3693
f 4769 3693 3703
f 3783 4482 4133
f 3783 4133 4136
f 4169 4170 4164
f 4169 4164 4163
f 3825 3778 3777
f 3825 3777 3839
f 4460 4474 4634
f 4460 4634 4569
f 4795 4768 3702
f 4795 3702 3692
f 4024 4624 4485
f 4024 4485 4033
f 4076 3785 4479
f 4076 4479 4073
f 4826 3712 4435
f 4826 4435 4828
f 3838 3776 3775
f 3838 3775 3824
f 3599 3600 3607
f 3599 3607 3608
f 3926 3918 3713
f 3926 3713 3757
f 4824 4487 4491
f 4824 4491 4806
f 4836 3690 3712
f 4836 3712 4826
f 4812 4496 4513
f 4812 4513 4810
f 3904 3966 3884
f 3904 3884 3721
f 4834 4511 4519
f 4834 4519 4825
f 3916 3915 3747
f 3916 3747 3748
f 3788 4502 4506
f 3788 4506 3796
f 3812 4532 4539
f 3812 4539 3804
f 4218 4216 4234
f 4218 4234 4236
f 3805 4501 4492
f 3805 4492 3803
f 3808 3792 4512
f 3808 4512 4504
f 4498 3807 3809
f 4498 3809 4500
f 3859 3754 3753
f 3859 3753 3851
f 4641 4021 4027
f 4641 4027 4484
f 4538 3801 4400
f 4538 4400 4559
f 4074 4068 4067
f 4074 4067 4072
f 4664 4546 4528
f 4664 4528 4655
f 4655 4659 3584
f 4655 3584 3591
f 4751 3711 3710
f 4751 3710 4752
f 3717 3880 3966
f 3717 3966 3904
f 3553 3562 3559
f 3553 3559 3556
f 4700 3687 3673
f 4700 3673 4738
f 3604 3554 3549
f 3604 3549 3599
f 3935 3653 3652
f 3935 3652 3934
f 4785 4750 3620
f 4785 3620 4456
f 3927 3926 3757
f 3927 3757 3758
f 4682 4530 4549
f 4682 4549 4676
f 3949 3947 3727
f 3949 3727 3728
f 4805 4837 3580
f 4805 3580 3575
f 4532 3812 3814
f 4532 3814 4533
f 4544 3793 3787
f 4544 3787 4545
f 3798 4542 4545
f 3798 4545 3787
f 4542 3798 3790
f 4542 3790 4543
f 4028 4029 4023
f 4028 4023 4022
f 4400 4399 4560
f 4400 4560 4559
f 4147 4150 3782
f 4147 3782 4627
f 3797 3789 4508
f 3797 4508 4505
f 3867 3742 3741
f 3867 3741 3855
f 3806 4531 4550
f 3806 4550 3811
f 4534 3810 3791
f 4534 3791 4551
f 4726 4736 3817
f 4726 3817 3825
f 4531 3806 3810
f 4531 3810 4534
f 4284 4278 4277
f 4284 4277 4282
f 3946 3663 3662
f 3946 3662 3944
f 4044 4038 4037
f 4044 4037 4042
f 3565 3558 3557
f 3565 3557 3550
f 3928 3646 3645
f 3928 3645 3927
f 3586 3581 3594
f 3586 3594 3589
f 3615 4458 3614
f 4660 4667 4533
f 4660 4533 4550
f 3881 3591 3592
f 3881 3592 3882
f 4304 4301 4596
f 4304 4596 4595
f 4817 4833 4499
f 4817 4499 4509
f 3865 3745 3744
f 3865 3744 3854
f 4636 4633 4609
f 4636 4609 4608
f 4740 4624 4024
f 4740 4024 4725
f 4705 4740 3668
f 4705 3668 3676
f 4241 4238 4579
f 4241 4579 3816
f 4255 3816 4579
f 4255 4579 4258
f 4579 4578 4249
f 4579 4249 4258
f 4566 4580 4584
f 4566 4584 4613
f 4604 4606 4574
f 4604 4574 4587
f 4606 4605 4630
f 4606 4630 4574
f 4457 4475 4588
f 4457 4588 4576
f 4474 4630 4582
f 4474 4582 4002
f 4613 4584 4576
f 4613 4576 4612
f 3618 4583 4585
f 3618 4585 3952
f 3618 4614 4588
f 3618 4588 4583
f 4721 3830 3820
f 4721 3820 4734
f 4766 4789 3852
f 4766 3852 3862
f 4274 4590 4589
f 4274 4589 4265
f 4271 4591 4590
f 4271 4590 4274
f 4268 4592 4591
f 4268 4591 4271
f 4279 4288 4592
f 4279 4592 4593
f 4720 4730 3821
f 4720 3821 3831
f 4767 3863 3853
f 4767 3853 4747
f 4787 4790 3855
f 4787 3855 3868
f 4643 4601 4390
f 4643 4390 4387
f 4364 4361 4600
f 4364 4600 4642
f 4633 4637 4611
f 4633 4611 4609
f 4784 4783 4605
f 4784 4605 4606
f 4792 4784 4606
f 4792 4606 4604
f 4757 4603 4602
f 4757 4602 4791
f 4792 4604 4603
f 4792 4603 4757
f 4637 4569 4607
f 4637 4607 4611
f 4569 4634 4610
f 4569 4610 4607
f 4760 3871 3857
f 4760 3857 4791
f 3981 4581 4005
f 3981 4005 3983
f 4639 4635 4619
f 4639 4619 4617
f 4576 4588 4614
f 4576 4614 4612
f 4782 4613 4612
f 4782 4612 4785
f 4756 4566 4613
f 4756 4613 4782
f 4707 4615 4616
f 4707 4616 4738
f 4638 4615 4619
f 4638 4619 4635
f 4727 4728 4618
f 4727 4618 4617
f 4202 4620 4476
f 4202 4476 4199
f 3958 3957 3735
f 3958 3735 3736
f 4694 4701 4157
f 4694 4157 4571
f 4472 4460 4569
f 4472 4569 4637
f 4773 4795 3692
f 4773 3692 3701
f 4615 4638 4632
f 4615 4632 4616
f 4004 4472 4637
f 4004 4637 4633
f 4005 4004 4633
f 4005 4633 4636
f 3951 3726 4572
f 3951 4572 4568
f 4742 4719 3679
f 4742 3679 3670
f 4628 4153 4144
f 4628 4144 4571
f 3647 3929 3930
f 3647 3930 3648
f 3772 3771 3835
f 3772 3835 3823
f 4507 4228 4225
f 4507 4225 3795
f 4818 3850 3858
f 4818 3858 4774
f 4651 4345 4342
f 4651 4342 4652
f 4361 4358 4643
f 4361 4643 4600
f 3983 4005 4636
f 3983 4636 3989
f 3989 4636 4608
f 3989 4608 3978
f 4646 3992 3971
f 4646 3971 4647
f 4645 4373 4393
f 4645 4393 4644
f 4642 4600 4385
f 4642 4385 4366
f 4596 4597 4318
f 4596 4318 4315
f 4734 3820 3829
f 4734 3829 4723
f 3987 4648 4647
f 3987 4647 3971
f 4375 4646 4647
f 4375 4647 4382
f 3995 3992 4646
f 3995 4646 4645
f 3995 4645 4644
f 3995 4644 3998
f 4758 3869 3856
f 4758 3856 4797
f 4708 3838 3824
f 4708 3824 4744
f 4334 4652 4653
f 4334 4653 4325
f 4331 4651 4652
f 4331 4652 4334
f 4328 4650 4651
f 4328 4651 4331
f 4339 4348 4650
f 4339 4650 4649
f 4763 3865 3854
f 4763 3854 4798
f 4717 4325 4653
f 4717 4653 4745
f 4139 4130 4629
f 4139 4629 4483
f 3573 3562 4667
f 3573 4667 4660
f 3601 4682 4676
f 3601 4676 3609
f 4528 4527 4659
f 4528 4659 4655
f 3881 4664 4655
f 3881 4655 3591
f 4563 4669 4679
f 4563 4679 4562
f 4562 4679 4678
f 4562 4678 4561
f 4561 4678 4683
f 4561 4683 4560
f 4560 4683 4677
f 4560 4677 4559
f 4559 4677 4662
f 4559 4662 4538
f 4427 4426 4690
f 4427 4690 4668
f 4428 4427 4668
f 4428 4668 4689
f 4429 4428 4689
f 4429 4689 4688
f 4563 4544 4670
f 4563 4670 4669
f 3840 4430 4687
f 3840 4687 4665
f 3571 3584 4659
f 3571 4659 4686
f 3716 3879 4657
f 3716 4657 4684
f 4538 4662 4663
f 4538 4663 4541
f 4545 4673 4670
f 4545 4670 4544
f 4543 4681 4666
f 4543 4666 4542
f 4546 4664 4674
f 4546 4674 4547
f 4426 3848 4675
f 4426 4675 4690
f 3848 3895 4671
f 3848 4671 4675
f 3890 3716 4684
f 3890 4684 4661
f 4542 4666 4673
f 4542 4673 4545
f 4430 4429 4688
f 4430 4688 4687
f 4535 4536 4685
f 4535 4685 4665
f 3895 3845 4672
f 3895 4672 4671
f 3845 3890 4661
f 3845 4661 4672
f 4532 4533 4667
f 4532 4667 4692
f 3603 3609 4676
f 3603 4676 4691
f 4547 4674 4681
f 4547 4681 4543
f 4532 4692 4691
f 4532 4691 4539
f 3571 4686 4654
f 3571 4654 3564
f 3564 4654 4680
f 3564 4680 3551
f 3551 4680 4682
f 3551 4682 3601
f 4534 4551 4657
f 4534 4657 4656
f 4534 4656 4658
f 4534 4658 4531
f 4531 4658 4660
f 4531 4660 4550
f 3833 4717 4745
f 3833 4745 3822
f 3987 4708 4744
f 3987 4744 4648
f 4589 4734 4723
f 4589 4723 4265
f 4575 4084 4719
f 4575 4719 4742
f 3671 3684 4701
f 3671 4701 4694
f 4458 3615 4728
f 4458 4728 4727
f 3666 4707 4738
f 3666 4738 3673
f 4295 4594 4730
f 4295 4730 4720
f 4277 4721 4734
f 4277 4734 4589
f 4036 4624 4740
f 4036 4740 4705
f 3668 4740 4725
f 3668 4725 3675
f 4608 4609 4736
f 4608 4736 4726
f 4180 4700 4738
f 4180 4738 4616
f 4609 4611 4729
f 4609 4729 4736
f 4611 4607 4732
f 4611 4732 4729
f 4607 4610 4737
f 4607 4737 4732
f 4617 4619 4739
f 4617 4739 4727
f 4379 4712 4735
f 4379 4735 4599
f 3822 4745 4715
f 3822 4715 3834
f 3987 3978 4709
f 3987 4709 4708
f 3684 3685 4710
f 3684 4710 4701
f 4178 4621 4731
f 4178 4731 4697
f 3676 3677 4722
f 3676 4722 4705
f 3678 3679 4719
f 3678 4719 4704
f 3680 3681 4716
f 3680 4716 4703
f 3682 3683 4713
f 3682 4713 4702
f 3680 4703 4742
f 3680 4742 3670
f 3686 3687 4700
f 3686 4700 4697
f 4571 4144 4713
f 4571 4713 4694
f 4567 4114 4716
f 4567 4716 4743
f 4625 4741 4704
f 4625 4704 4066
f 3951 4693 4699
f 3951 4699 3726
f 3613 4618 4728
f 3613 4728 4698
f 3728 4737 4699
f 3728 4699 3729
f 4599 4735 4714
f 4599 4714 4355
f 3672 4731 4710
f 3672 4710 3685
f 4217 4235 4696
f 4217 4696 4695
f 4247 4265 4723
f 4247 4723 4724
f 4337 4355 4714
f 4337 4714 4715
f 4307 4325 4717
f 4307 4717 4718
f 4370 4711 4712
f 4370 4712 4379
f 4594 4307 4718
f 4594 4718 4730
f 4277 4295 4720
f 4277 4720 4721
f 3682 4702 4743
f 3682 4743 4626
f 4648 4744 4711
f 4648 4711 4370
f 4615 4707 4739
f 4615 4739 4619
f 4625 4054 4722
f 4625 4722 4741
f 3674 3675 4725
f 3674 4725 4706
f 3839 4709 4726
f 3839 4726 3825
f 3819 4733 4724
f 3819 4724 3828
f 3951 3613 4698
f 3951 4698 4693
f 3827 4696 4733
f 3827 4733 3819
f 4322 4763 4798
f 4322 4798 4649
f 4393 4758 4797
f 4393 4797 4644
f 4051 4623 4795
f 4051 4795 4773
f 3689 4756 4782
f 3689 4782 4464
f 4464 4782 4785
f 4464 4785 4456
f 3975 4760 4791
f 3975 4791 4602
f 4468 4792 4757
f 4468 4757 3849
f 3849 4757 4791
f 3849 4791 3857
f 4468 4459 4784
f 4468 4784 4792
f 4459 3733 4783
f 4459 4783 4784
f 4390 4601 4790
f 4390 4790 4787
f 4292 4767 4747
f 4292 4747 4598
f 4279 4593 4789
f 4279 4789 4766
f 4612 4614 4750
f 4612 4750 4785
f 4205 4751 4752
f 4205 4752 4202
f 4623 4070 4768
f 4623 4768 4795
f 4081 4622 4794
f 4081 4794 4769
f 4566 4756 4755
f 4566 4755 4565
f 4141 4761 4788
f 4141 4788 4130
f 4598 4747 4762
f 4598 4762 4309
f 4352 4779 4790
f 4352 4790 4601
f 3691 4796 4772
f 3691 4772 3700
f 3696 4793 4752
f 3696 4752 3710
f 3731 4749 4746
f 3731 4746 3952
f 3953 3621 4754
f 3953 4754 4746
f 3731 4605 4783
f 3731 4783 4749
f 3621 3620 4750
f 3621 4750 4754
f 3858 3859 4775
f 3858 4775 4774
f 3860 3861 4771
f 3860 4771 4770
f 3862 3863 4767
f 3862 4767 4766
f 3864 3865 4763
f 3864 4763 4762
f 4649 4798 4778
f 4649 4778 4339
f 3866 3867 4779
f 3866 4779 4778
f 3868 3869 4758
f 3868 4758 4787
f 3870 3871 4760
f 3870 4760 4759
f 4593 4262 4771
f 4593 4771 4789
f 4629 4748 4765
f 4629 4765 4111
f 4644 4797 4759
f 4644 4759 3998
f 4141 4564 4786
f 4141 4786 4761
f 4100 4764 4794
f 4100 4794 4622
f 4578 4753 4770
f 4578 4770 4249
f 4162 4620 4793
f 4162 4793 4780
f 3709 3708 4781
f 3709 4781 4780
f 3694 4748 4788
f 3694 4788 3706
f 3695 4786 4781
f 3695 4781 3708
f 4578 4232 4775
f 4578 4775 4753
f 4111 4765 4764
f 4111 4764 4100
f 4081 4769 4768
f 4081 4768 4070
f 4051 4773 4772
f 4051 4772 4040
f 4205 4565 4755
f 4205 4755 4751
f 4021 4777 4776
f 4021 4776 4010
f 3699 4777 4796
f 3699 4796 3691
f 3560 3555 4833
f 3560 4833 4817
f 4498 4500 4837
f 4498 4837 4805
f 3875 4834 4825
f 3875 4825 4431
f 3719 4812 4810
f 3719 4810 3887
f 4493 4836 4826
f 4493 4826 4494
f 3557 4824 4806
f 3557 4806 3607
f 4494 4826 4828
f 4494 4828 4515
f 4432 4431 4825
f 4432 4825 4813
f 4433 4432 4813
f 4433 4813 4830
f 4434 4433 4830
f 4434 4830 4829
f 4435 4434 4829
f 4435 4829 4828
f 4524 4814 4823
f 4524 4823 4523
f 4523 4823 4822
f 4523 4822 4522
f 4522 4822 4815
f 4522 4815 4521
f 4521 4815 4835
f 4521 4835 4520
f 4520 4835 4821
f 4520 4821 4510
f 3897 4809 4834
f 3897 4834 3875
f 3850 4818 4821
f 3850 4821 3872
f 4498 4805 4817
f 4498 4817 4509
f 4489 4490 4827
f 4489 4827 4803
f 3715 4820 4807
f 3715 4807 3883
f 4524 4506 4816
f 4524 4816 4814
f 3847 4816 4811
f 3847 4811 3901
f 4502 4505 4832
f 4502 4832 4811
f 3846 4832 4819
f 3846 4819 3894
f 4508 4495 4820
f 4508 4820 4819
f 3885 4804 4812
f 3885 4812 3719
f 4497 4514 4809
f 4497 4809 4808
f 3607 4806 4831
f 3607 4831 3608
f 3558 4800 4824
f 3558 4824 3557
f 4504 4512 4804
f 4504 4804 4799
f 3577 3578 4827
f 3577 4827 4801
f 3842 3887 4810
f 3842 4810 4808
f 4488 4486 4800
f 4488 4800 4801
f 4492 4501 4802
f 4492 4802 4831
f 4499 4833 4802
f 4499 4802 4501
f 3883 4807 4803
f 3883 4803 3597
f 4500 4504 4799
f 4500 4799 4837
f 4844 4860 5158
f 4844 5158 5164
f 5840 5248 5328
f 5840 5328 5809
f 4849 5231 5233
f 4849 5233 4846
f 5303 5423 5153
f 5303 5153 4929
f 5500 5376 5477
f 5402 5257 4891
f 5402 4891 4947
f 5343 5338 4840
f 5343 4840 4854
f 5743 5458 5459
f 5743 5459 5755
f 5350 5346 5217
f 5350 5217 5257
f 5737 5769 5536
f 5737 5536 5485
f 5257 5217 4865
f 5257 4865 4891
f 5766 5328 5248
f 5766 5248 5742
f 5749 5758 5329
f 5749 5329 5251
f 5273 5243 5365
f 5273 5365 5267
f 5594 5595 5477
f 5594 5477 5266
f 5267 4858 4862
f 5267 4862 5273
f 5390 5391 4897
f 5390 4897 4884
f 5265 5502 4944
f 5265 4944 5382
f 4864 4859 5268
f 4864 5268 5275
f 5249 5386 4839
f 5249 4839 4855
f 5351 5347 5219
f 5351 5219 5258
f 5591 5586 5179
f 5591 5179 5516
f 5175 5468 5400
f 5175 5400 4940
f 4892 5258 5219
f 4892 5219 4885
f 5250 5364 5268
f 5250 5268 5274
f 4870 5264 5502
f 4870 5502 5265
f 5400 5360 5420
f 5400 5420 5425
f 5401 4951 5408
f 5401 5408 5590
f 4926 4905 5322
f 4926 5322 5567
f 5813 5246 5405
f 5813 5405 5846
f 5354 5288 5296
f 5354 5296 5395
f 5494 5180 5175
f 5494 5175 5297
f 4856 4844 5340
f 4856 5340 5344
f 4843 5388 5254
f 4843 5254 4857
f 5210 5208 4995
f 5210 4995 4996
f 5370 5298 5299
f 5370 5299 5371
f 5744 5763 5270
f 5744 5270 5272
f 4875 5315 5788
f 4875 5788 4876
f 5605 5602 4941
f 5605 4941 4894
f 5222 5394 5331
f 5222 5331 5230
f 5731 5716 5484
f 5731 5484 5675
f 5690 5234 5256
f 5690 5256 5721
f 5645 5416 5509
f 5645 5509 5644
f 5778 5239 5223
f 5778 5223 5765
f 5571 4946 5376
f 5571 5376 5500
f 5785 4882 5482
f 5785 5482 5784
f 5467 5174 4942
f 5467 4942 5358
f 5493 5320 4875
f 5493 4875 5568
f 5324 5562 5565
f 5324 5565 5557
f 4881 4917 5497
f 4881 5497 5345
f 5226 5669 5347
f 5226 5347 5351
f 5802 5321 4872
f 5802 4872 5796
f 5296 4895 4901
f 5296 4901 5300
f 5658 5395 5396
f 5658 5396 5667
f 5814 5830 5333
f 5814 5333 5337
f 5345 5378 4898
f 5345 4898 4881
f 5855 5854 5306
f 5855 5306 4910
f 5787 4877 4876
f 5787 4876 5788
f 5473 5605 4894
f 5473 4894 5589
f 5294 5289 5782
f 5294 5782 5733
f 5707 5404 5244
f 5707 5244 5729
f 4914 4874 5353
f 4914 5353 5398
f 5567 5318 5493
f 5567 5493 5568
f 5594 5266 4867
f 5594 4867 5593
f 5643 5641 5363
f 5643 5363 5253
f 5370 5635 5290
f 5370 5290 5369
f 5708 5702 5436
f 5708 5436 5437
f 4896 4898 4900
f 4896 4900 4899
f 5746 5754 5426
f 5746 5426 5427
f 5858 5856 5308
f 5858 5308 5355
f 5553 5555 5399
f 5553 5399 5317
f 5149 5420 5360
f 5149 5360 4939
f 5084 5085 4975
f 5084 4975 4976
f 5557 5316 5305
f 5557 5305 5558
f 5838 5849 5507
f 5838 5507 5503
f 5400 5468 5262
f 5400 5262 5360
f 5262 4866 4939
f 5262 4939 5360
f 5839 5335 5336
f 5839 5336 5826
f 5715 5261 5407
f 5715 5407 5706
f 5556 5553 5317
f 5556 5317 4923
f 5396 5395 5296
f 5396 5296 5300
f 5634 5633 5230
f 5634 5230 5228
f 5359 5381 5472
f 5359 5472 5264
f 5264 4870 4938
f 5264 4938 5359
f 5676 5674 5506
f 5676 5506 5505
f 5847 5629 5619
f 5847 5619 5841
f 5385 5214 5394
f 5385 5394 5222
f 5582 5280 4868
f 5582 4868 5577
f 4887 4943 4931
f 4887 4931 4890
f 5514 5516 5179
f 5514 5179 5587
f 4946 5572 5265
f 4946 5265 5382
f 5588 5589 4894
f 5588 4894 4866
f 5116 5100 5102
f 5116 5102 5118
f 5369 5286 5298
f 5369 5298 5370
f 5311 5312 5369
f 5311 5369 5290
f 4884 4879 4912
f 4884 4912 4910
f 5311 5489 4920
f 5311 4920 5312
f 4917 5490 5786
f 4917 5786 5497
f 5419 5147 4903
f 5419 4903 5323
f 5660 5668 5348
f 5660 5348 5352
f 5265 5572 4928
f 5265 4928 4870
f 4838 5238 5240
f 4838 5240 4847
f 5762 5340 5426
f 5762 5426 5754
f 5765 5223 5270
f 5765 5270 5763
f 4890 4850 4861
f 4890 4861 4887
f 4879 5288 5308
f 4879 5308 4912
f 5740 5741 5335
f 5740 5335 5499
f 5753 5429 5430
f 5753 5430 5772
f 5233 5362 4845
f 5233 4845 4846
f 5486 5487 5633
f 5486 5633 5349
f 4896 5298 5286
f 4896 5286 4880
f 5769 5389 5227
f 5769 5227 5770
f 5245 5407 4953
f 5245 4953 4852
f 5308 5288 5354
f 5308 5354 5355
f 5647 5635 5370
f 5647 5370 5371
f 5526 5046 5045
f 5526 5045 5525
f 5829 5821 5276
f 5829 5276 5242
f 5478 5477 5595
f 5332 5377 5284
f 5332 5284 5260
f 5602 5606 5151
f 5602 5151 4941
f 5575 4935 4867
f 5575 4867 5574
f 5777 5405 5246
f 5777 5246 5745
f 5592 5593 4867
f 5592 4867 4935
f 5820 5218 5247
f 5820 5247 5827
f 5747 5770 5227
f 5747 5227 5367
f 4902 4901 4895
f 4902 4895 4897
f 5845 5251 5329
f 5845 5329 5819
f 5661 5666 5235
f 5661 5235 5225
f 5701 5689 5388
f 5701 5388 5451
f 5791 5294 5306
f 5791 5306 5797
f 5836 5252 5218
f 5836 5218 5820
f 5670 5671 5346
f 5670 5346 5350
f 5768 5338 5343
f 5768 5343 5738
f 4842 5387 5249
f 4842 5249 4855
f 5739 5341 5655
f 5739 5655 5767
f 5660 5352 5347
f 5660 5347 5669
f 5226 5351 5346
f 5226 5346 5671
f 5402 5384 5350
f 5402 5350 5257
f 5844 5270 5223
f 5844 5223 5837
f 4849 4850 5234
f 4849 5234 5231
f 5339 4841 4856
f 5339 4856 5344
f 4926 4922 4904
f 4926 4904 4905
f 4908 4906 5149
f 4908 5149 5151
f 4931 4953 5407
f 4931 5407 5261
f 5462 5341 5639
f 5462 5639 5463
f 4860 5269 5446
f 4860 5446 5158
f 5834 5244 5404
f 5834 5404 5825
f 5250 5274 5267
f 5250 5267 5365
f 5721 5256 5261
f 5721 5261 5715
f 5674 5486 5480
f 5674 5480 5678
f 5163 5169 4843
f 5163 4843 4886
f 4875 5796 5799
f 4875 5799 5315
f 5278 5367 4889
f 5278 4889 4932
f 5825 5404 5276
f 5825 5276 5821
f 5353 5281 5307
f 5353 5307 5398
f 5256 4890 4931
f 5256 4931 5261
f 5744 5272 5237
f 5744 5237 5776
f 5777 5761 5291
f 5777 5291 5405
f 5383 5278 4932
f 5383 4932 4952
f 5860 5854 5393
f 5860 5393 5803
f 4888 4889 4851
f 4888 4851 5634
f 4952 4932 4933
f 4952 4933 4948
f 5227 4851 4889
f 5227 4889 5367
f 5851 5815 5239
f 5851 5239 5679
f 5385 5222 5487
f 5385 5487 5676
f 4888 5332 5260
f 4888 5260 4933
f 5319 5510 5488
f 5319 5488 5375
f 5299 4899 5154
f 5299 5154 5450
f 5817 5814 5337
f 5817 5337 5440
f 4948 4862 4853
f 4948 4853 4952
f 5256 5234 4850
f 5256 4850 4890
f 4919 4918 5788
f 4919 5788 5315
f 5241 5236 5279
f 5241 5279 5277
f 5598 4927 4868
f 5598 4868 5599
f 5054 5052 4957
f 5054 4957 4958
f 4945 5292 5587
f 4945 5587 5179
f 5599 5600 5356
f 5599 5356 4869
f 4887 5241 5277
f 4887 5277 4943
f 5086 5087 4983
f 5086 4983 4984
f 5651 5284 5377
f 5651 5377 5649
f 5241 5255 5235
f 5241 5235 5236
f 5332 4888 5634
f 5332 5634 5228
f 5509 5506 5648
f 5509 5648 5644
f 5185 5212 5199
f 5185 5199 5184
f 5425 5420 5304
f 5425 5304 5397
f 5748 5330 5456
f 5748 5456 5767
f 5199 5212 4997
f 5199 4997 4998
f 4891 4865 4839
f 4891 4839 4852
f 4943 5277 5402
f 4943 5402 4947
f 5157 5447 5448
f 5157 5448 5156
f 5309 5787 4915
f 5309 4915 5313
f 5584 5583 4927
f 5834 5804 5216
f 5834 5216 5244
f 5006 5007 4991
f 5006 4991 4990
f 5416 5413 5505
f 5416 5505 5509
f 5412 5414 4954
f 5412 4954 4955
f 5055 5054 4958
f 5055 4958 4959
f 4863 5274 5268
f 4863 5268 4859
f 5835 5221 5252
f 5835 5252 5836
f 5810 5330 5251
f 5810 5251 5845
f 5056 5055 4959
f 5056 4959 4960
f 5057 5056 4960
f 5057 4960 4961
f 5240 5232 5225
f 5240 5225 5224
f 5264 5472 5292
f 5264 5292 5502
f 5288 4879 4895
f 5288 4895 5296
f 5384 5402 5277
f 5384 5277 5279
f 4842 4857 5254
f 4842 5254 5387
f 5445 5159 5160
f 5445 5160 5444
f 4853 4840 5338
f 4853 5338 5342
f 4911 5307 5281
f 4911 5281 4878
f 5605 5470 5357
f 5605 5357 5602
f 4854 4841 5339
f 4854 5339 5343
f 5269 4860 4864
f 5269 4864 5275
f 5348 5220 5259
f 5348 5259 5352
f 5720 5362 5233
f 5720 5233 5691
f 5058 5057 4961
f 5058 4961 4962
f 5758 5495 5636
f 5758 5636 5742
f 4848 5224 5255
f 4848 5255 4861
f 5363 5269 5275
f 5363 5275 5253
f 5059 5058 4962
f 5059 4962 4963
f 5552 4873 4878
f 5552 4878 5556
f 5152 4936 5512
f 5152 5512 5466
f 5465 5464 5646
f 5465 5646 5637
f 4892 4855 4839
f 4892 4839 4865
f 5502 5292 4945
f 5502 4945 4944
f 5259 5220 4886
f 5259 4886 4893
f 4864 4860 4844
f 4864 4844 4856
f 5406 5273 4862
f 5406 4862 4948
f 5707 5698 5276
f 5707 5276 5404
f 5227 5389 5349
f 5227 5349 4851
f 4886 5220 5441
f 4886 5441 5163
f 5461 5446 5269
f 5461 5269 5363
f 4947 4891 4852
f 4947 4852 4953
f 4841 4854 4863
f 4841 4863 4859
f 4933 5260 5406
f 4933 5406 4948
f 5685 5684 4955
f 5685 4955 4954
f 5373 5310 5481
f 5373 5481 5380
f 4885 5219 5259
f 4885 5259 4893
f 4893 4857 4842
f 4893 4842 4885
f 5442 5432 5433
f 5442 5433 5443
f 4857 4893 4886
f 4857 4886 4843
f 4859 4864 4856
f 4859 4856 4841
f 4892 4885 4842
f 4892 4842 4855
f 4858 4863 4854
f 4858 4854 4840
f 5422 5148 4904
f 5422 4904 5302
f 5293 5573 5478
f 5293 5478 5595
f 5575 5586 4935
f 4851 5349 5633
f 4851 5633 5634
f 4861 4850 4849
f 4861 4849 4848
f 5386 5245 4852
f 5386 4852 4839
f 5852 5824 5287
f 5852 5287 5783
f 5795 4919 5315
f 5795 5315 5799
f 4894 4941 4939
f 4894 4939 4866
f 5501 5374 5313
f 5501 5313 4915
f 5597 5584 4927
f 5597 4927 5598
f 5149 4939 4941
f 5149 4941 5151
f 5241 4887 4861
f 5241 4861 5255
f 5475 5570 5580
f 5475 5580 5581
f 5809 5328 5246
f 5809 5246 5813
f 5356 5594 5593
f 5356 5593 4869
f 4936 5152 5148
f 4936 5148 4938
f 4918 5490 5501
f 4918 5501 4915
f 4915 5787 5788
f 4915 5788 4918
f 5790 4871 5283
f 5790 5283 5801
f 5340 4844 5164
f 5340 5164 5426
f 4911 4878 4873
f 4911 4873 4909
f 5859 5856 5307
f 5859 5307 4911
f 5354 5395 5658
f 5354 5658 5734
f 5435 5445 5444
f 5435 5444 5434
f 4934 5592 5591
f 4934 5591 5585
f 5510 5563 4877
f 5510 4877 5285
f 4871 4873 5552
f 4871 5552 5607
f 5421 5422 5302
f 5421 5302 5372
f 5401 5468 5175
f 5401 5175 5180
f 5374 4920 5373
f 5374 5373 5313
f 4928 5572 5569
f 4928 5569 5566
f 5572 4946 5571
f 5572 5571 5569
f 5159 4901 4902
f 5159 4902 5173
f 5156 5448 5449
f 5156 5449 5155
f 5819 5329 5248
f 5819 5248 5840
f 5647 5371 5465
f 5647 5465 5637
f 4873 4871 5393
f 4873 5393 4909
f 4926 5513 5563
f 4926 5563 4922
f 5378 5379 4900
f 5378 4900 4898
f 4936 4938 4870
f 4936 4870 4928
f 4900 5168 5154
f 4900 5154 4899
f 5401 5180 5474
f 5401 5474 4951
f 5298 4896 4899
f 5298 4899 5299
f 5174 5297 5511
f 5174 5511 4942
f 5397 5399 4924
f 5397 4924 4907
f 4934 4869 5593
f 4934 5593 5592
f 5682 5681 5652
f 5682 5652 5214
f 5061 5060 4964
f 5061 4964 4965
f 5491 4872 5321
f 5491 5321 5562
f 5397 5304 5317
f 5397 5317 5399
f 5062 5061 4965
f 5062 4965 4966
f 5372 5302 5319
f 5372 5319 5375
f 5513 4876 4877
f 5513 4877 5563
f 5314 5312 4920
f 5314 4920 5374
f 4916 4880 5286
f 4916 5286 5314
f 4872 5491 5488
f 4872 5488 5368
f 5484 5661 5225
f 5484 5225 5232
f 5418 5498 4907
f 5418 4907 4924
f 4930 5418 5492
f 4930 5492 5325
f 5372 5375 4921
f 5372 4921 4903
f 5421 5381 5359
f 5421 5359 5422
f 5858 5857 4914
f 5858 4914 5398
f 5295 5793 5792
f 5295 5792 5311
f 5577 5583 4950
f 5577 4950 4949
f 4916 5314 5374
f 4916 5374 5501
f 5063 5062 4966
f 5063 4966 4967
f 5789 5786 4919
f 5789 4919 5795
f 5588 5590 5408
f 5588 5408 4949
f 5490 4917 4916
f 5490 4916 5501
f 5839 5614 5782
f 5839 5782 5816
f 5792 5497 5786
f 5792 5786 5789
f 5510 5285 5368
f 5510 5368 5488
f 5373 5380 5309
f 5373 5309 5313
f 5293 5356 5600
f 5293 5600 5601
f 5447 5446 5461
f 5447 5461 5462
f 4930 4929 5498
f 4930 5498 5418
f 5064 5063 4967
f 5064 4967 4968
f 5476 5570 5475
f 5476 5475 5181
f 5811 5272 5270
f 5811 5270 5844
f 5065 5064 4968
f 5065 4968 4969
f 5700 5438 5439
f 5700 5439 5714
f 5833 5438 5437
f 5833 5437 5828
f 4920 5489 5310
f 4920 5310 5373
f 5812 5826 5336
f 5812 5336 5460
f 5066 5065 4969
f 5066 4969 4970
f 5418 4924 5554
f 5418 5554 5492
f 5491 4921 5375
f 5491 5375 5488
f 5702 5710 5221
f 5702 5221 5436
f 4881 4898 4896
f 4881 4896 4880
f 5554 4924 5399
f 5554 5399 5555
f 5422 5359 4938
f 5422 4938 5148
f 4921 5324 5323
f 4921 5323 4903
f 4876 5513 5568
f 4876 5568 4875
f 4884 4897 4895
f 4884 4895 4879
f 5301 5511 4940
f 5301 4940 5150
f 5067 5066 4970
f 5067 4970 4971
f 5855 4910 4912
f 5855 4912 5859
f 4930 5325 5493
f 4930 5493 5318
f 5740 5499 5334
f 5740 5334 5295
f 5492 5554 4874
f 5492 4874 5282
f 4872 5368 5380
f 4872 5380 5481
f 5601 5600 5280
f 5601 5280 5263
f 4954 5414 5508
f 4954 5508 5686
f 5512 4936 4928
f 5512 4928 5566
f 5473 5515 5470
f 5473 5470 5605
f 5230 5331 5229
f 5230 5229 5228
f 5800 5801 5283
f 5800 5283 5326
f 5240 5238 5215
f 5240 5215 5232
f 5406 5260 5284
f 5406 5284 5403
f 4862 4858 4840
f 4862 4840 4853
f 5318 5303 4929
f 5318 4929 4930
f 4868 5280 5600
f 4868 5600 5599
f 5684 5683 5412
f 5684 5412 4955
f 5602 5357 5424
f 5602 5424 5606
f 5198 5211 4989
f 5198 4989 4990
f 5295 5311 5290
f 5295 5290 5740
f 5176 5587 5292
f 5176 5292 5472
f 5701 5451 5452
f 5701 5452 5711
f 5419 5559 5560
f 5419 5560 5361
f 5570 5571 5500
f 5570 5500 5580
f 5297 5175 4940
f 5297 4940 5511
f 4904 5148 5152
f 4904 5152 4905
f 5756 5428 5429
f 5756 5429 5753
f 5421 5372 4903
f 5421 4903 5147
f 5739 5457 5458
f 5739 5458 5743
f 5198 5182 5183
f 5198 5183 5211
f 5168 4900 5379
f 5168 5379 5430
f 4937 5381 5421
f 4937 5421 5147
f 4905 5152 5466
f 4905 5466 5322
f 4847 4848 4849
f 4847 4849 4846
f 5585 5591 5516
f 5585 5516 5178
f 5224 4848 4847
f 5224 4847 5240
f 5392 4902 4897
f 5392 4897 5391
f 5153 5301 5498
f 5153 5498 4929
f 5160 5159 5173
f 5160 5173 5172
f 5515 5473 5177
f 5515 5177 5596
f 5703 5621 5619
f 5703 5619 5699
f 5153 4942 5511
f 5153 5511 5301
f 5578 5263 5280
f 5578 5280 5582
f 5176 4937 5361
f 5176 5361 5471
f 5412 5683 5732
f 5412 5732 5723
f 5476 5181 5174
f 5476 5174 5467
f 5490 4918 4919
f 5490 4919 5786
f 5425 5397 4907
f 5425 4907 5150
f 5727 5667 5659
f 5727 5659 5725
f 5201 5199 4998
f 5201 4998 4999
f 4925 5603 5607
f 4925 5607 5552
f 4940 5400 5425
f 4940 5425 5150
f 5072 5073 4977
f 5072 4977 4976
f 5712 5713 5508
f 5712 5508 5414
f 5116 5117 5101
f 5116 5101 5100
f 5645 5654 5409
f 5645 5409 5416
f 4858 5267 5274
f 4858 5274 4863
f 5750 5759 5503
f 5750 5503 5507
f 5080 4984 4983
f 5080 4983 5079
f 5177 5473 5589
f 5177 5589 4950
f 5848 5822 5411
f 5848 5411 5415
f 5304 4906 4923
f 5304 4923 5317
f 5095 5096 4973
f 5095 4973 4972
f 5030 5031 5015
f 5030 5015 5014
f 5079 4983 4982
f 5079 4982 5078
f 5069 5070 4974
f 5069 4974 4972
f 5088 5084 4976
f 5088 4976 4977
f 5115 5101 5117
f 5115 5117 5131
f 5080 5081 4985
f 5080 4985 4984
f 5122 5106 5107
f 5122 5107 5123
f 5128 5112 5113
f 5128 5113 5129
f 5073 5074 4978
f 5073 4978 4977
f 5081 5082 4986
f 5081 4986 4985
f 5026 5027 5011
f 5026 5011 5010
f 5089 5086 4984
f 5089 4984 4985
f 5074 5075 4979
f 5074 4979 4978
f 4921 5491 5562
f 4921 5562 5324
f 5130 5114 5115
f 5130 5115 5131
f 5090 5088 4977
f 5090 4977 4978
f 5092 5090 4978
f 5092 4978 4979
f 5082 5083 4987
f 5082 4987 4986
f 5091 5089 4985
f 5091 4985 4986
f 5093 5091 4986
f 5093 4986 4987
f 5075 5076 4980
f 5075 4980 4979
f 5094 5092 4979
f 5094 4979 4980
f 4972 4973 5068
f 4972 5068 5069
f 4973 4987 5083
f 4973 5083 5068
f 5301 5150 4907
f 5301 4907 5498
f 5121 5105 5106
f 5121 5106 5122
f 5093 4987 4973
f 5093 4973 5096
f 5124 5108 5109
f 5124 5109 5125
f 5098 5095 4972
f 5098 4972 4974
f 5099 5097 4981
f 5099 4981 4982
f 5077 5078 4982
f 5077 4982 4981
f 5097 5094 4980
f 5097 4980 4981
f 5099 4982 4983
f 5099 4983 5087
f 5098 4974 4975
f 5098 4975 5085
f 5208 5206 4994
f 5208 4994 4995
f 4969 4968 5189
f 4969 5189 5191
f 5033 5034 5018
f 5033 5018 5017
f 5585 5597 5598
f 5585 5598 4934
f 4995 4994 5010
f 4995 5010 5011
f 5038 5039 5023
f 5038 5023 5022
f 5200 5198 4990
f 5200 4990 4991
f 5530 5417 5531
f 5005 5004 5020
f 5005 5020 5021
f 5014 5015 4999
f 5014 4999 4998
f 5018 5019 5003
f 5018 5003 5002
f 5007 5008 4992
f 5007 4992 4991
f 5202 5204 5190
f 5202 5190 5188
f 5519 5520 5038
f 5519 5038 5037
f 5015 5016 5000
f 5015 5000 4999
f 4993 4992 5008
f 4993 5008 5009
f 5202 5200 4991
f 5202 4991 4992
f 5204 5202 4992
f 5204 4992 4993
f 5016 5017 5001
f 5016 5001 5000
f 5524 5044 5043
f 5524 5043 5533
f 5203 5201 4999
f 5203 4999 5000
f 5205 5203 5000
f 5205 5000 5001
f 5009 5010 4994
f 5009 4994 4993
f 5206 5204 4993
f 5206 4993 4994
f 5017 5018 5002
f 5017 5002 5001
f 5207 5205 5001
f 5207 5001 5002
f 4997 4996 5012
f 4997 5012 5013
f 5011 5012 4996
f 5011 4996 4995
f 5048 5049 5033
f 5048 5033 5032
f 5531 5051 5050
f 5531 5050 5530
f 5116 5132 5133
f 5116 5133 5117
f 5022 5023 5007
f 5022 5007 5006
f 5209 5207 5002
f 5209 5002 5003
f 5004 5005 4989
f 5004 4989 4988
f 5210 5196 5194
f 5210 5194 5208
f 5207 5209 5195
f 5207 5195 5193
f 5211 5213 4988
f 5211 4988 4989
f 4988 5003 5019
f 4988 5019 5004
f 5003 4988 5213
f 5003 5213 5209
f 5039 5040 5024
f 5039 5024 5023
f 5028 5029 5013
f 5028 5013 5012
f 4996 4997 5212
f 4996 5212 5210
f 5016 5015 5031
f 5016 5031 5032
f 5049 5050 5034
f 5049 5034 5033
f 5021 5022 5006
f 5021 5006 5005
f 5014 5013 5029
f 5014 5029 5030
f 5020 5004 5019
f 5020 5019 5035
f 5253 5275 5268
f 5253 5268 5364
f 5023 5024 5008
f 5023 5008 5007
f 5045 5046 5030
f 5045 5030 5029
f 5525 5417 5526
f 5522 5417 5523
f 5524 5417 5525
f 5025 5026 5010
f 5025 5010 5009
f 5022 5021 5037
f 5022 5037 5038
f 5036 5037 5021
f 5036 5021 5020
f 5042 5043 5027
f 5042 5027 5026
f 5044 5045 5029
f 5044 5029 5028
f 5035 5034 5050
f 5035 5050 5051
f 5043 5044 5028
f 5043 5028 5027
f 5036 5020 5035
f 5036 5035 5051
f 5019 5018 5034
f 5019 5034 5035
f 5531 5417 5532
f 5417 5533 5518
f 5046 5047 5031
f 5046 5031 5030
f 5521 5417 5522
f 5522 5040 5039
f 5522 5039 5521
f 5027 5028 5012
f 5027 5012 5011
f 5041 5042 5026
f 5041 5026 5025
f 5043 5042 5518
f 5043 5518 5533
f 5520 5417 5521
f 5521 5039 5038
f 5521 5038 5520
f 5417 5520 5519
f 5532 5417 5519
f 5042 5041 5523
f 5042 5523 5518
f 5523 5041 5040
f 5523 5040 5522
f 5529 5049 5048
f 5529 5048 5528
f 5530 5050 5049
f 5530 5049 5529
f 5532 5519 5037
f 5532 5037 5036
f 5533 5417 5524
f 5526 5417 5527
f 5529 5417 5530
f 5525 5045 5044
f 5525 5044 5524
f 5417 5518 5523
f 5528 5417 5529
f 5532 5036 5051
f 5532 5051 5531
f 5527 5047 5046
f 5527 5046 5526
f 5781 5679 5239
f 5781 5239 5778
f 5126 5110 5111
f 5126 5111 5127
f 5195 5197 4956
f 5195 4956 4971
f 5527 5417 5528
f 5528 5048 5047
f 5528 5047 5527
f 5053 5067 4971
f 5053 4971 4956
f 5495 5364 5250
f 5495 5250 5636
f 5195 4971 4970
f 5195 4970 5193
f 5024 5025 5009
f 5024 5009 5008
f 4970 4969 5191
f 4970 5191 5193
f 4968 4967 5187
f 4968 5187 5189
f 5060 5059 4963
f 5060 4963 4964
f 5118 5102 5103
f 5118 5103 5119
f 5032 5033 5017
f 5032 5017 5016
f 5052 5069 5068
f 5052 5068 5053
f 5127 5111 5112
f 5127 5112 5128
f 4957 4956 5197
f 4957 5197 5183
f 4956 4957 5052
f 4956 5052 5053
f 5703 5454 5455
f 5703 5455 5718
f 5083 5067 5053
f 5083 5053 5068
f 5082 5066 5067
f 5082 5067 5083
f 5081 5065 5066
f 5081 5066 5082
f 5080 5064 5065
f 5080 5065 5081
f 5079 5063 5064
f 5079 5064 5080
f 4967 4966 5184
f 4967 5184 5187
f 5078 5062 5063
f 5078 5063 5079
f 4966 4965 5185
f 4966 5185 5184
f 5077 5061 5062
f 5077 5062 5078
f 5185 4965 4964
f 5185 4964 5196
f 5076 5060 5061
f 5076 5061 5077
f 5194 5196 4964
f 5194 4964 4963
f 5075 5059 5060
f 5075 5060 5076
f 4963 4962 5192
f 4963 5192 5194
f 5074 5058 5059
f 5074 5059 5075
f 4962 4961 5190
f 4962 5190 5192
f 5073 5057 5058
f 5073 5058 5074
f 4961 4960 5188
f 4961 5188 5190
f 5072 5056 5057
f 5072 5057 5073
f 4960 4959 5186
f 4960 5186 5188
f 5071 5055 5056
f 5071 5056 5072
f 4959 4958 5182
f 4959 5182 5186
f 5070 5054 5055
f 5070 5055 5071
f 4958 4957 5183
f 4958 5183 5182
f 5069 5052 5054
f 5069 5054 5070
f 4998 4997 5013
f 4998 5013 5014
f 5099 5087 5111
f 5099 5111 5110
f 5123 5107 5108
f 5123 5108 5124
f 5076 5077 4981
f 5076 4981 4980
f 5098 5085 5103
f 5098 5103 5102
f 5110 5109 5097
f 5110 5097 5099
f 5125 5109 5110
f 5125 5110 5126
f 5095 5098 5102
f 5095 5102 5100
f 5094 5097 5109
f 5094 5109 5108
f 5071 4975 4974
f 5071 4974 5070
f 5101 5115 5093
f 5101 5093 5096
f 5100 5101 5096
f 5100 5096 5095
f 5092 5094 5108
f 5092 5108 5107
f 5129 5113 5114
f 5129 5114 5130
f 5091 5093 5115
f 5091 5115 5114
f 5090 5092 5107
f 5090 5107 5106
f 5119 5103 5104
f 5119 5104 5120
f 5089 5091 5114
f 5089 5114 5113
f 5139 5123 5124
f 5088 5090 5106
f 5088 5106 5105
f 5086 5089 5113
f 5086 5113 5112
f 5084 5088 5105
f 5084 5105 5104
f 5087 5086 5112
f 5087 5112 5111
f 5085 5084 5104
f 5085 5104 5103
f 5116 5118 5134
f 5116 5134 5132
f 5118 5119 5135
f 5118 5135 5134
f 5119 5120 5136
f 5119 5136 5135
f 5120 5121 5137
f 5120 5137 5136
f 5121 5122 5138
f 5121 5138 5137
f 5122 5123 5139
f 5122 5139 5138
f 5124 5125 5140
f 5124 5140 5139
f 5579 5517 5475
f 5579 5475 5581
f 5351 5258 5217
f 5351 5217 5346
f 5125 5126 5141
f 5125 5141 5140
f 5126 5127 5142
f 5126 5142 5141
f 5127 5128 5143
f 5127 5143 5142
f 5128 5129 5144
f 5128 5144 5143
f 5129 5130 5145
f 5129 5145 5144
f 5130 5131 5146
f 5130 5146 5145
f 5131 5117 5133
f 5131 5133 5146
f 5843 5459 5458
f 5843 5458 5841
f 5463 5448 5447
f 5463 5447 5462
f 5325 5327 5320
f 5325 5320 5493
f 5326 5283 5564
f 5326 5564 5565
f 5153 5423 5358
f 5153 5358 4942
f 5319 5302 4904
f 5319 4904 4922
f 5357 5560 5559
f 5357 5559 5424
f 5708 5437 5438
f 5708 5438 5700
f 5451 5169 5170
f 5451 5170 5452
f 5452 5170 5171
f 5452 5171 5453
f 5453 5171 5172
f 5453 5172 5454
f 5172 5173 5455
f 5172 5455 5454
f 5467 5566 5569
f 5467 5569 5476
f 5441 5431 5432
f 5441 5432 5442
f 5656 5279 5236
f 5656 5236 5657
f 5444 5160 5161
f 5444 5161 5443
f 4934 5598 5599
f 4934 5599 4869
f 5571 5570 5476
f 5571 5476 5569
f 5426 5164 5165
f 5426 5165 5427
f 5427 5165 5166
f 5427 5166 5428
f 5428 5166 5167
f 5428 5167 5429
f 5711 5452 5453
f 5711 5453 5699
f 5429 5167 5168
f 5429 5168 5430
f 5341 5462 5461
f 5341 5461 5655
f 5442 5162 5163
f 5442 5163 5441
f 4943 4947 4953
f 4943 4953 4931
f 5464 5449 5448
f 5464 5448 5463
f 5725 5714 5439
f 5725 5439 5440
f 5465 5450 5449
f 5465 5449 5464
f 5642 5483 5365
f 5642 5365 5243
f 5709 5271 5242
f 5709 5242 5693
f 5165 5157 5156
f 5165 5156 5166
f 5166 5156 5155
f 5166 5155 5167
f 5167 5155 5154
f 5167 5154 5168
f 5155 5449 5450
f 5155 5450 5154
f 5164 5158 5157
f 5164 5157 5165
f 5314 5286 5369
f 5314 5369 5312
f 5163 5162 5170
f 5163 5170 5169
f 4913 5734 5735
f 4913 5735 4883
f 5162 5161 5171
f 5162 5171 5170
f 5161 5160 5172
f 5161 5172 5171
f 5736 5755 5459
f 5736 5459 5460
f 5396 5300 5445
f 5396 5445 5435
f 5445 5300 4901
f 5445 4901 5159
f 5469 5514 5471
f 5469 5471 5561
f 5471 5361 5560
f 5471 5560 5561
f 5472 5381 4937
f 5472 4937 5176
f 5474 5180 5494
f 5474 5494 5517
f 5424 5305 5604
f 5424 5604 5606
f 5380 5368 5285
f 5380 5285 5309
f 5423 5303 5322
f 5423 5322 5466
f 5475 5517 5494
f 5475 5494 5181
f 5608 5579 5479
f 5608 5479 5263
f 5603 5316 5564
f 5603 5564 5607
f 5318 5567 5322
f 5318 5322 5303
f 5203 5205 5191
f 5203 5191 5189
f 5201 5203 5189
f 5201 5189 5187
f 5206 5208 5194
f 5206 5194 5192
f 5200 5202 5188
f 5200 5188 5186
f 5205 5207 5193
f 5205 5193 5191
f 5199 5201 5187
f 5199 5187 5184
f 5204 5206 5192
f 5204 5192 5190
f 5198 5200 5186
f 5198 5186 5182
f 5120 5104 5105
f 5120 5105 5121
f 5025 5024 5040
f 5025 5040 5041
f 5212 5185 5196
f 5212 5196 5210
f 5047 5048 5032
f 5047 5032 5031
f 5213 5197 5195
f 5213 5195 5209
f 5211 5183 5197
f 5211 5197 5213
f 4906 5304 5420
f 4906 5420 5149
f 5377 5332 5228
f 5377 5228 5229
f 5505 5506 5509
f 4881 4880 4916
f 4881 4916 4917
f 5319 4922 5563
f 5319 5563 5510
f 5443 5433 5434
f 5443 5434 5444
f 5406 5403 5243
f 5406 5243 5273
f 5435 5434 5672
f 5435 5672 5659
f 5751 5779 5654
f 5751 5654 5645
f 5222 5230 5633
f 5222 5633 5487
f 5352 5259 5219
f 5352 5219 5347
f 5220 5348 5431
f 5220 5431 5441
f 5576 5266 5477
f 5576 5477 5376
f 5224 5225 5235
f 5224 5235 5255
f 4865 5217 5258
f 4865 5258 4892
f 5574 4867 5266
f 5574 5266 5576
f 5181 5494 5297
f 5181 5297 5174
f 4925 4923 4906
f 4925 4906 4908
f 5306 5390 4884
f 5306 4884 4910
f 4932 4889 4888
f 4932 4888 4933
f 5361 4937 5147
f 5361 5147 5419
f 5816 5782 5289
f 5816 5289 5823
f 5512 5566 5467
f 5512 5467 5358
f 5450 5465 5371
f 5450 5371 5299
f 5558 5559 5419
f 5558 5419 5323
f 5667 5396 5435
f 5667 5435 5659
f 5285 4877 5787
f 5285 5787 5309
f 5072 4976 4975
f 5072 4975 5071
f 5443 5161 5162
f 5443 5162 5442
f 5580 5500 5477
f 5580 5477 5478
f 5158 5446 5447
f 5158 5447 5157
f 5358 5423 5466
f 5358 5466 5512
f 5392 5455 5173
f 5392 5173 4902
f 5780 5737 5485
f 5780 5485 5673
f 5451 5388 4843
f 5451 4843 5169
f 4990 4989 5005
f 4990 5005 5006
f 5383 4952 4853
f 5383 4853 5342
f 5833 5544 5542
f 5833 5542 5831
f 5756 5544 5538
f 5756 5538 5746
f 5762 5549 5550
f 5762 5550 5764
f 5760 5768 5535
f 5760 5535 5548
f 5772 5771 5540
f 5772 5540 5545
f 5775 5551 5547
f 5775 5547 5774
f 5760 5548 5551
f 5760 5551 5775
f 5804 5535 5534
f 5804 5534 5827
f 5764 5550 5546
f 5764 5546 5773
f 5829 5806 5537
f 5829 5537 5539
f 5773 5546 5534
f 5773 5534 5738
f 5747 5774 5547
f 5747 5547 5539
f 5805 5536 5537
f 5805 5537 5806
f 5831 5542 5545
f 5831 5545 5817
f 5835 5549 5543
f 5835 5543 5832
f 5828 5832 5543
f 5828 5543 5538
f 5771 5752 5541
f 5771 5541 5540
f 4874 5554 5555
f 4874 5555 5353
f 4925 5552 5556
f 4925 5556 4923
f 4878 5281 5553
f 4878 5553 5556
f 5281 5353 5555
f 5281 5555 5553
f 4925 4908 5604
f 4925 5604 5603
f 5492 5282 5327
f 5492 5327 5325
f 5802 5320 5327
f 5802 5327 5800
f 5562 5321 5326
f 5562 5326 5565
f 5565 5564 5316
f 5565 5316 5557
f 5424 5559 5558
f 5424 5558 5305
f 5558 5323 5324
f 5558 5324 5557
f 5470 5561 5560
f 5470 5560 5357
f 5469 5561 5470
f 5469 5470 5515
f 4944 5574 5576
f 4944 5576 5382
f 4945 5575 5574
f 4945 5574 4944
f 5573 5581 5580
f 5573 5580 5478
f 5479 5579 5581
f 5479 5581 5573
f 4951 5578 5582
f 4951 5582 5408
f 4868 4927 5583
f 4868 5583 5577
f 5408 5582 5577
f 5408 5577 4949
f 5608 5578 4951
f 5608 4951 5474
f 5592 4935 5586
f 5592 5586 5591
f 5596 5177 5584
f 5596 5584 5597
f 5177 4950 5583
f 5177 5583 5584
f 4945 5179 5586
f 4945 5586 5575
f 5514 5587 5176
f 5514 5176 5471
f 5356 5293 5595
f 5356 5595 5594
f 5469 5178 5516
f 5469 5516 5514
f 4866 5262 5590
f 4866 5590 5588
f 4949 4950 5589
f 4949 5589 5588
f 5468 5401 5590
f 5468 5590 5262
f 5178 5596 5597
f 5178 5597 5585
f 5469 5515 5596
f 5469 5596 5178
f 5263 5479 5601
f 5316 5603 5604
f 5316 5604 5305
f 5479 5573 5293
f 5479 5293 5601
f 5576 5376 4946
f 5576 4946 5382
f 5579 5608 5474
f 5579 5474 5517
f 5578 5608 5263
f 4926 5567 5568
f 4926 5568 5513
f 5283 4871 5607
f 5283 5607 5564
f 5853 5823 5289
f 5853 5289 5794
f 5803 5393 4871
f 5803 4871 5790
f 5683 5362 5720
f 5683 5720 5732
f 5794 5791 4883
f 5794 4883 5287
f 5843 5621 5616
f 5843 5616 5812
f 5712 5723 5628
f 5712 5628 5630
f 5848 5849 5632
f 5848 5632 5630
f 5842 5620 5629
f 5842 5629 5847
f 5718 5724 5631
f 5718 5631 5616
f 5690 5609 5622
f 5690 5622 5704
f 5722 5625 5618
f 5722 5618 5697
f 5717 5615 5617
f 5717 5617 5719
f 5689 5496 5626
f 5689 5626 5705
f 4846 4845 4838
f 4846 4838 4847
f 5818 5624 5612
f 5818 5612 5807
f 5704 5622 5610
f 5704 5610 5691
f 5842 5810 5496
f 5842 5496 5620
f 5705 5626 5625
f 5705 5625 5722
f 5410 5238 4838
f 5410 4838 5685
f 5807 5612 5627
f 5807 5627 5846
f 5695 5614 5631
f 5695 5631 5724
f 5692 5713 5632
f 5692 5632 5611
f 5811 5609 5624
f 5811 5624 5818
f 5850 5808 5613
f 5850 5613 5677
f 5719 5617 5627
f 5719 5627 5706
f 5697 5618 5615
f 5697 5615 5717
f 5745 5766 5483
f 5745 5483 5642
f 5757 5647 5637
f 5757 5637 5736
f 5363 5641 5655
f 5363 5655 5461
f 5761 5651 5649
f 5761 5649 5776
f 5403 5284 5651
f 5403 5651 5650
f 5229 5640 5649
f 5229 5649 5377
f 5403 5650 5642
f 5403 5642 5243
f 5757 5741 5635
f 5757 5635 5647
f 5394 5638 5653
f 5394 5653 5331
f 5749 5748 5641
f 5749 5641 5643
f 5751 5645 5644
f 5751 5644 5750
f 5229 5331 5653
f 5229 5653 5640
f 5815 5623 5610
f 5815 5610 5837
f 5253 5364 5495
f 5253 5495 5643
f 5365 5483 5636
f 5365 5636 5250
f 5463 5639 5646
f 5463 5646 5464
f 5486 5349 5389
f 5486 5389 5480
f 5808 5805 5366
f 5808 5366 5613
f 5235 5666 5657
f 5235 5657 5236
f 5698 5656 5657
f 5698 5657 5693
f 5432 5665 5662
f 5432 5662 5433
f 5431 5348 5668
f 5431 5668 5663
f 5433 5662 5672
f 5433 5672 5434
f 5384 5279 5656
f 5384 5656 5664
f 5688 5226 5671
f 5688 5671 5730
f 5696 5660 5669
f 5696 5669 5728
f 5729 5730 5671
f 5729 5671 5670
f 5726 5709 5666
f 5726 5666 5661
f 5696 5710 5668
f 5696 5668 5660
f 5432 5431 5663
f 5432 5663 5665
f 5384 5664 5670
f 5384 5670 5350
f 5694 5658 5667
f 5694 5667 5727
f 5688 5728 5669
f 5688 5669 5226
f 5716 5726 5661
f 5716 5661 5484
f 5214 5652 5638
f 5214 5638 5394
f 5692 5731 5675
f 5692 5675 5504
f 5732 5720 5623
f 5732 5623 5680
f 5838 5850 5677
f 5838 5677 5611
f 5759 5780 5673
f 5759 5673 5503
f 5506 5674 5678
f 5506 5678 5648
f 5487 5486 5674
f 5487 5674 5676
f 5215 5675 5484
f 5215 5484 5232
f 5413 5385 5676
f 5413 5676 5505
f 5779 5411 5679
f 5779 5679 5781
f 5822 5851 5679
f 5822 5679 5411
f 5409 5654 5681
f 5409 5681 5682
f 5385 5413 5682
f 5385 5682 5214
f 4838 4845 5684
f 4838 5684 5685
f 4845 5362 5683
f 4845 5683 5684
f 5723 5732 5680
f 5723 5680 5628
f 5409 5682 5413
f 5409 5413 5416
f 5410 5685 4954
f 5410 4954 5686
f 5215 5238 5410
f 5215 5410 5687
f 5410 5686 5687
f 5675 5215 5687
f 5675 5687 5504
f 5504 5687 5686
f 5504 5686 5508
f 5782 5614 5695
f 5782 5695 5733
f 5611 5677 5731
f 5611 5731 5692
f 5613 5366 5726
f 5613 5726 5716
f 5247 5218 5728
f 5247 5728 5688
f 5333 5694 5727
f 5333 5727 5337
f 5252 5221 5710
f 5252 5710 5696
f 5366 5271 5709
f 5366 5709 5726
f 5244 5216 5730
f 5244 5730 5729
f 5252 5696 5728
f 5252 5728 5218
f 5247 5688 5730
f 5247 5730 5216
f 5276 5698 5693
f 5276 5693 5242
f 5249 5697 5717
f 5249 5717 5386
f 5245 5719 5706
f 5245 5706 5407
f 5504 5508 5713
f 5504 5713 5692
f 5391 5695 5724
f 5391 5724 5392
f 5254 5705 5722
f 5254 5722 5387
f 5231 5704 5691
f 5231 5691 5233
f 5388 5689 5705
f 5388 5705 5254
f 5386 5717 5719
f 5386 5719 5245
f 5387 5722 5697
f 5387 5697 5249
f 5234 5690 5704
f 5234 5704 5231
f 5455 5392 5724
f 5455 5724 5718
f 5414 5412 5723
f 5414 5723 5712
f 5666 5709 5693
f 5666 5693 5657
f 5659 5672 5714
f 5659 5714 5725
f 5629 5711 5699
f 5629 5699 5619
f 5665 5708 5700
f 5665 5700 5662
f 5621 5703 5718
f 5621 5718 5616
f 5630 5632 5713
f 5630 5713 5712
f 5337 5727 5725
f 5337 5725 5440
f 5454 5703 5699
f 5454 5699 5453
f 5620 5701 5711
f 5620 5711 5629
f 5663 5668 5710
f 5663 5710 5702
f 5662 5700 5714
f 5662 5714 5672
f 5664 5656 5698
f 5664 5698 5707
f 5623 5720 5691
f 5623 5691 5610
f 5624 5721 5715
f 5624 5715 5612
f 5620 5496 5689
f 5620 5689 5701
f 5612 5715 5706
f 5612 5706 5627
f 5665 5663 5702
f 5665 5702 5708
f 5664 5707 5729
f 5664 5729 5670
f 5609 5690 5721
f 5609 5721 5624
f 5677 5613 5716
f 5677 5716 5731
f 5390 5733 5695
f 5390 5695 5391
f 5345 5497 4882
f 5345 4882 5785
f 5306 5294 5733
f 5306 5733 5390
f 5734 5658 5694
f 5734 5694 5735
f 5355 5354 5734
f 5355 5734 4913
f 5798 5793 5295
f 5798 5295 5334
f 5654 5779 5781
f 5654 5781 5681
f 5648 5678 5780
f 5648 5780 5759
f 5415 5751 5750
f 5415 5750 5507
f 5251 5330 5748
f 5251 5748 5749
f 5336 5335 5741
f 5336 5741 5757
f 5291 5761 5776
f 5291 5776 5237
f 5336 5757 5736
f 5336 5736 5460
f 5246 5328 5766
f 5246 5766 5745
f 5379 5378 5752
f 5379 5752 5771
f 5367 5278 5774
f 5367 5774 5747
f 5339 5773 5738
f 5339 5738 5343
f 5344 5764 5773
f 5344 5773 5339
f 5342 5760 5775
f 5342 5775 5383
f 5383 5775 5774
f 5383 5774 5278
f 5430 5379 5771
f 5430 5771 5772
f 5342 5338 5768
f 5342 5768 5760
f 5340 5762 5764
f 5340 5764 5344
f 5428 5756 5746
f 5428 5746 5427
f 5678 5480 5737
f 5678 5737 5780
f 5415 5411 5779
f 5415 5779 5751
f 5637 5646 5755
f 5637 5755 5736
f 5681 5781 5778
f 5681 5778 5652
f 5644 5648 5759
f 5644 5759 5750
f 5341 5739 5743
f 5341 5743 5639
f 5544 5756 5753
f 5544 5753 5542
f 5329 5758 5742
f 5329 5742 5248
f 5641 5748 5767
f 5641 5767 5655
f 5650 5651 5761
f 5650 5761 5777
f 5640 5744 5776
f 5640 5776 5649
f 5457 5739 5767
f 5457 5767 5456
f 5535 5768 5738
f 5535 5738 5534
f 5539 5537 5770
f 5539 5770 5747
f 5650 5777 5745
f 5650 5745 5642
f 5536 5769 5770
f 5536 5770 5537
f 5542 5753 5772
f 5542 5772 5545
f 5290 5635 5741
f 5290 5741 5740
f 5638 5765 5763
f 5638 5763 5653
f 5549 5762 5754
f 5549 5754 5543
f 5538 5543 5754
f 5538 5754 5746
f 5652 5778 5765
f 5652 5765 5638
f 5640 5653 5763
f 5640 5763 5744
f 5643 5495 5758
f 5643 5758 5749
f 5483 5766 5742
f 5483 5742 5636
f 5480 5389 5769
f 5480 5769 5737
f 5639 5743 5755
f 5639 5755 5646
f 5783 5287 4883
f 5783 4883 5735
f 5830 5852 5783
f 5830 5783 5333
f 5752 5785 5784
f 5752 5784 5541
f 5333 5783 5735
f 5333 5735 5694
f 5378 5345 5785
f 5378 5785 5752
f 5793 4882 5497
f 5793 5497 5792
f 5796 4872 5481
f 5796 5481 5799
f 5482 4882 5793
f 5482 5793 5798
f 5289 5294 5791
f 5289 5791 5794
f 4914 5803 5790
f 4914 5790 4874
f 5824 5853 5794
f 5824 5794 5287
f 5321 5802 5800
f 5321 5800 5326
f 5327 5282 5801
f 5327 5801 5800
f 5311 5792 5789
f 5311 5789 5489
f 5489 5789 5795
f 5489 5795 5310
f 4874 5790 5801
f 4874 5801 5282
f 5310 5795 5799
f 5310 5799 5481
f 5857 5860 5803
f 5857 5803 4914
f 4883 5791 5797
f 4883 5797 4913
f 5320 5802 5796
f 5320 5796 4875
f 5482 5798 5853
f 5482 5853 5824
f 5541 5784 5852
f 5541 5852 5830
f 5628 5680 5851
f 5628 5851 5822
f 5503 5673 5850
f 5503 5850 5838
f 5485 5536 5805
f 5485 5805 5808
f 5239 5815 5837
f 5239 5837 5223
f 5673 5485 5808
f 5673 5808 5850
f 5272 5811 5818
f 5272 5818 5237
f 5291 5807 5846
f 5291 5846 5405
f 5456 5330 5810
f 5456 5810 5842
f 5237 5818 5807
f 5237 5807 5291
f 5456 5842 5847
f 5456 5847 5457
f 5415 5507 5849
f 5415 5849 5848
f 5459 5843 5812
f 5459 5812 5460
f 5798 5334 5823
f 5798 5823 5853
f 5437 5436 5832
f 5437 5832 5828
f 5221 5835 5832
f 5221 5832 5436
f 5439 5831 5817
f 5439 5817 5440
f 5366 5805 5806
f 5366 5806 5271
f 5242 5271 5806
f 5242 5806 5829
f 5216 5804 5827
f 5216 5827 5247
f 5438 5833 5831
f 5438 5831 5439
f 5499 5816 5823
f 5499 5823 5334
f 5621 5843 5841
f 5621 5841 5619
f 5630 5628 5822
f 5630 5822 5848
f 5616 5631 5826
f 5616 5826 5812
f 5544 5833 5828
f 5544 5828 5538
f 5609 5811 5844
f 5609 5844 5622
f 5335 5839 5816
f 5335 5816 5499
f 5625 5819 5840
f 5625 5840 5618
f 5615 5809 5813
f 5615 5813 5617
f 5784 5482 5824
f 5784 5824 5852
f 5496 5810 5845
f 5496 5845 5626
f 5549 5835 5836
f 5549 5836 5550
f 5548 5535 5804
f 5548 5804 5834
f 5545 5540 5814
f 5545 5814 5817
f 5680 5623 5815
f 5680 5815 5851
f 5551 5825 5821
f 5551 5821 5547
f 5548 5834 5825
f 5548 5825 5551
f 5622 5844 5837
f 5622 5837 5610
f 5550 5836 5820
f 5550 5820 5546
f 5626 5845 5819
f 5626 5819 5625
f 5546 5820 5827
f 5546 5827 5534
f 5539 5547 5821
f 5539 5821 5829
f 5457 5847 5841
f 5457 5841 5458
f 5614 5839 5826
f 5614 5826 5631
f 5611 5632 5849
f 5611 5849 5838
f 5540 5541 5830
f 5540 5830 5814
f 5617 5813 5846
f 5617 5846 5627
f 5618 5840 5809
f 5618 5809 5615
f 4913 5797 5860
f 4913 5860 5857
f 4909 5855 5859
f 4909 5859 4911
f 5355 4913 5857
f 5355 5857 5858
f 4912 5308 5856
f 4912 5856 5859
f 5797 5306 5854
f 5797 5854 5860
f 5398 5307 5856
f 5398 5856 5858
f 4909 5393 5854
f 4909 5854 5855
f 5606 5604 4908
f 5606 4908 5151
